frame,index,y,x,mass,size,ecc,signal,raw_mass,ep,frame,particle
0,7,523.1852027507707,683.0324875503912,715493.7715447686,3.112810587837065,0.09220439342945516,17560.731646877768,2012052.0,0.000546563317485927,0,7
0,20,604.8892745574453,1055.7223186393612,488816.11473096476,3.492044809627601,0.31405397851879363,10010.465383244333,1391976.5,0.0007900459768646415,0,20
1,7,523.1651756364862,681.9796356427129,759719.4268567561,3.3575046885072344,0.20956464337989691,16867.734982680657,2204070.5,0.00044398496743379597,1,7
1,20,604.5481750518684,1054.1529803230032,505444.61592380895,3.2993843729668395,0.2577093149782731,12084.34745027868,1455806.5,0.0006722091985196718,1,20
2,7,523.0909397801752,681.7459913217622,746554.9707889988,3.343601372301745,0.21404120797662332,16155.418130303517,2160270.5,0.0007669110900275053,2,7
2,20,605.191512629882,1055.052136365825,457940.6090557386,3.4201137008769185,0.29074707361437213,10042.557216134619,1349266.0,0.0012279523665371318,2,20
2,83,660.5243746129489,997.7424953522699,105141.20772370505,2.7454280932638526,0.09251725477906304,4017.0228864538476,225151.5,0.007364604550727918,2,83
3,7,523.4474844788476,680.7125396851977,804933.3767035253,3.5268831539143646,0.21972576271000374,15378.27354347765,2326626.0,0.0,3,7
3,20,605.9452862773501,1052.642530762644,439555.4657213264,3.4192543457069857,0.3101223692052627,10115.121100790111,1344902.0,0.0,3,20
3,83,661.0121450183556,997.0464658405115,112170.93643477815,2.6921739517553958,0.16367051545272499,4605.258387351596,243367.5,0.0,3,83
4,7,523.6680281186492,680.8086362361696,756057.1318276199,3.490917445346756,0.2225943858274391,16002.047425521712,2213026.0,0.001063577195607771,4,7
4,20,606.1419948259133,1052.9930248772455,470079.94763884076,3.4367999946023264,0.3678651432103773,11248.964031802392,1335189.0,0.001762928134011999,4,20
5,7,523.5876877477498,680.9668791084199,771963.8982678384,3.4826609034737004,0.22638767729748913,15747.937541163576,2281995.0,0.0018820142890452907,5,7
5,20,607.5797195154082,1052.7612222200128,446768.98804281064,3.4788752694860334,0.32275034960035015,10078.680026344688,1368781.0,0.0031377094113719394,5,20
6,7,523.5230926195563,680.0003836745484,863171.5732347843,3.676137554304091,0.20740185210142795,14085.697996651179,2568007.0,0.0006333314249635357,6,7
6,20,607.455888925771,1051.88106709398,474164.8394186977,3.4608904473917392,0.3508751283135094,10946.599585968916,1398735.0,0.0011628525464540275,6,20
7,7,524.0968852100918,678.9191109055594,906257.303208958,3.7298625980054547,0.279225775499089,14564.849515858254,2613646.5,0.000315187896810362,7,7
7,20,607.2650473670116,1051.5809444449833,476756.07415242685,3.2640370007753305,0.26520899682703186,11409.132120755632,1435476.0,0.0005738926727002053,7,20
7,83,661.2602561472079,998.2174114053919,103491.34739323726,2.396244129154015,0.07952651419133627,4854.949838619418,287150.5,0.0028695107144503427,7,83
8,7,524.7941091605846,676.0635815276842,749670.9865687218,3.3832351561880407,0.2542584204401064,16645.33075512999,2381862.5,0.0009096910311249082,8,7
8,20,607.5820430461246,1052.5167013444839,430727.516222795,3.3512339862756866,0.2859965048435701,10492.080523375776,1353957.0,0.00160032365472823,8,20
9,7,523.31913697037,676.817631040871,810286.9643411674,3.634377046134685,0.3150302074358491,15650.352421407255,2513914.0,0.001145720238886325,9,7
9,20,607.6563838316396,1052.117701561478,428899.91456410446,3.3757622780764396,0.3095881083155457,9630.986105481388,1372552.0,0.0020987273038931996,9,20
10,7,522.6587061570975,677.9482761362987,831337.603009685,3.5554084499804524,0.20449020047223848,14584.870228240086,2595573.5,0.0006495743979676339,10,7
10,20,607.9654225007795,1052.1244433247043,430093.3984338711,3.4054341212157886,0.30754144719230964,9696.534602291485,1343589.5,0.0012549490212867352,10,20
11,7,523.3021283208512,680.0107377819394,911848.9722922269,3.589605067231907,0.166801490065836,14672.515164125032,2557390.0,0.0006707538385329672,11,7
11,20,607.6559439334311,1052.194239110017,427416.74608538137,3.3805578891347277,0.3034966465973139,9648.773559017005,1324206.0,0.0012955318318558814,11,20
12,7,523.8543816473676,679.6282801362041,983897.6467188816,3.699577561481243,0.14796975230812548,14248.402217158353,2689369.5,0.0,12,7
12,20,607.6441175080514,1052.3003934964897,441852.0474789,3.3586630518275924,0.29622492720498966,10231.565421895626,1341389.0,0.0,12,20
13,7,523.740993249056,678.7393397349164,978289.7487241674,3.744065576423688,0.22392289824943734,15431.21035794255,2692907.5,0.0005693430660758615,13,7
13,20,607.8092529552456,1052.307765267187,449709.5590028971,3.368280852918805,0.28715861315834806,10450.766803262679,1361300.0,0.0011263010929406505,13,20
14,7,523.0693822055161,678.8285224542082,947712.3600589399,3.6688086295536584,0.23317648752221468,14701.612378445345,2689113.0,0.0006094787630664294,14,7
14,20,608.2743207840433,1052.2979529958,428745.44309981924,3.412663657010166,0.3266867043398778,9594.736499616962,1329672.5,0.0012326964284309933,14,20
15,7,523.5814090003346,679.5819970038727,937847.9114211239,3.6965245827751616,0.21211747750168627,14127.488816308934,2606896.5,0.00014038170894761212,15,7
15,20,608.8946273854854,1051.1777682017898,483284.3152216452,3.4507921687218683,0.31336332667326244,10479.18126484454,1386328.5,0.00026398983353711645,15,20
16,7,523.6381139962152,679.8951071709267,984033.7028937633,3.6015791529285153,0.10678215435557357,14781.788222784804,2597814.5,8.489509506092771e-05,16,7
16,20,608.9812149241573,1050.0299699464556,470385.91004233534,3.3275451555302435,0.28574351785131014,10757.427031241297,1392661.0,0.0001583653684108858,16,20
17,7,523.8869092299623,680.0793485893615,996328.5355900446,3.612099622323842,0.12877895993642433,14870.575158060366,2621415.5,0.0,17,7
17,20,608.8461704372238,1050.2215514712288,465944.6882858915,3.3777569511847054,0.29135501435648725,10843.127719419017,1342485.0,0.0,17,20
18,7,523.3511126224023,679.2080428252217,975046.4720876123,3.5777460550033426,0.14261275727067585,15304.449412770558,2630972.0,0.0,18,7
18,20,608.353599162692,1050.6342718888645,484998.00189069903,3.2436310388495286,0.2486277533874489,12243.559530216447,1401198.0,0.0,18,20
19,7,523.3109022406472,679.7227039935219,977392.361687852,3.548088344243989,0.13642351089615745,15174.70242182893,2650290.5,0.0015051141236611795,19,7
19,20,609.2034856713851,1050.5981693816304,479143.19460427715,3.3486057525071034,0.28571693060552167,11322.057765509668,1369355.5,0.0029128105790913873,19,20
20,7,523.3513828320973,679.7786522340405,1005910.364080284,3.553295511026322,0.13585203756524183,15383.890417001121,2622092.5,0.00015146930673877134,20,7
20,20,610.9560885587073,1050.698948586038,470189.0036764803,3.5901049076307934,0.3595419404506956,9124.758531652626,1380807.5,0.0002876465113746594,20,20
20,83,662.0169399965985,998.4288480833741,100372.34384817888,2.551792581581421,0.09434444386209716,4750.907334662111,229840.5,0.0017289128593452972,20,83
21,7,522.9630596464984,679.6765544167185,986911.7656602521,3.5132070911436073,0.11010753801411158,15356.433546794466,2625213.5,9.817264719864476e-05,21,7
21,20,611.0462803881327,1050.0476119324771,475900.3483627955,3.432120135070141,0.2961295674617282,10436.41114830692,1367727.0,0.00018844070075109276,21,20
22,7,522.9287447235668,679.7456694585292,998261.253173204,3.5017147468499847,0.10569985361876773,15833.781075445151,2589059.5,0.0,22,7
22,20,610.8172280540937,1049.721768772068,480291.3592885029,3.331226440377417,0.23614965432857285,11435.508554488164,1361009.0,0.0,22,20
23,7,522.9413413312909,679.5926775712054,990912.5953632592,3.530253842394272,0.12253129699289532,15758.408020926116,2637288.5,0.0007270896376968584,23,7
23,20,611.8988009190729,1050.1479345491318,456844.46381045046,3.392671134496125,0.26917874241010886,10530.500146685225,1311724.0,0.0014619598708699446,23,20
23,83,662.8277323132714,998.621741980838,100002.40919440791,2.6197959546333696,0.14784397417040274,4257.010697596154,215771.0,0.008894296212377025,23,83
24,7,522.8782736659541,679.657594223534,997922.7665927482,3.579432474424503,0.18522505763174857,16151.953483301735,2606206.5,3.5482974925665666e-06,24,7
24,20,611.8874378109759,1048.4689568871256,483814.2748454437,3.431595278270174,0.30390669910569107,9974.017358352225,1341128.0,6.895669679979742e-06,24,20
25,7,522.2570232748727,679.6319988908689,977473.9058251211,3.5434249435595193,0.15446311501027174,15724.80076833355,2596002.0,0.0,25,7
25,20,612.0534388951809,1048.3580689828327,443410.3958591382,3.331766805183829,0.27920154508370737,11304.46506847942,1270070.0,0.0,25,20
26,7,522.1712477956207,679.5918491007393,979282.9238624927,3.6326361639526277,0.21841320919054358,15624.866866727305,2600094.0,0.0004822729797793106,26,7
26,20,613.8924442313632,1046.9918973773688,476147.25872816367,3.5060005086495587,0.3362271295082912,10092.617354106154,1264738.0,0.0009915354494755694,26,20
27,7,522.0398141964286,679.5517115820307,979842.6410298073,3.660230019608172,0.2547144246719661,16442.879161833327,2591757.0,0.00026458658484121656,27,7
27,20,613.5685899719795,1046.664800936756,461088.9231008982,3.3907614524959766,0.28735908482144096,10554.034066665112,1267730.0,0.00054093784621072,27,20
27,83,661.2067635793306,998.5465928368696,109976.09411495963,2.317917150493254,0.13928405237963168,5200.538525603099,149120.5,0.0046005900244563205,27,83
28,7,521.3405944966511,679.7005662519203,939852.9971812615,3.581527678752498,0.250200321264335,16741.37484622794,2511716.5,0.0001907745672289696,28,7
28,20,615.3349862298058,1045.7144172466885,454742.46093940083,3.3502708947924122,0.31634201540535684,11602.162102734712,1173895.0,0.0004082060429712186,28,20
29,7,521.0966203948932,679.5983830983032,951315.0840325197,3.6066205341958764,0.2754072934541942,16993.11646800299,2548556.5,0.0,29,7
29,20,615.2005456961531,1045.4032594920327,478502.20468491234,3.3724524525084916,0.26178956784368745,10854.63386722658,1245607.5,0.0,29,20
30,7,522.0230934477752,679.8615748420483,989999.798949121,3.6387222034418727,0.24768219513571535,16339.02697598124,2589416.0,0.0,30,7
30,20,616.224591169476,1045.232886167815,445002.4769280579,3.5324863099559365,0.33684701904839576,9295.09090189155,1127965.0,0.0,30,20
30,83,660.6729357220839,998.8103665407999,105876.89480435842,2.742241831172262,0.21581697415397408,4139.220167248581,121016.5,0.0,30,83
31,7,521.8640479553331,678.9173229779001,992599.7234456909,3.624557237037719,0.24540870443774923,16660.43467799087,2537808.0,0.0,31,7
31,20,616.7750316588916,1044.251487411848,469462.07455677754,3.335320602902742,0.24576940661916016,11372.557584541595,1211479.0,0.0,31,20
32,7,523.5325861407707,679.5028657560514,905367.8535165678,3.5960618015932155,0.27937018007464265,16582.09639731006,2344993.5,0.0,32,7
32,20,619.0629598779268,1043.898714673244,436905.36807185673,3.4425808121795134,0.288234323582858,9934.64806182453,1065115.5,0.0,32,20
32,83,660.8002944584603,998.6172463216109,116951.26137486083,2.8938108372479863,0.20614902069777474,4309.884085644465,89049.5,0.0,32,83
33,7,524.4173902487568,679.4332954343109,809046.2140412536,3.330410850224929,0.23018075044948108,17687.771913637975,2026176.0,0.0009300393622227114,33,7
33,20,618.6384490132106,1043.3301825923527,438506.20922916953,3.354165933713216,0.2784211230964897,10687.930262708904,1100605.0,0.0017122118753404255,33,20
33,83,659.7931452027059,998.7692339712291,135480.8061470143,2.841752198126282,0.21296810907403846,4892.362444197738,78089.0,0.024149042727708576,33,83
34,7,524.0522434182026,679.338026177255,832379.2827077569,3.3940166230013227,0.23224208814438552,17112.16943985249,2098176.0,0.0017982681882089087,34,7
34,20,618.9336206578294,1044.417814162819,421609.78552034753,3.4690286507341397,0.33199392481632867,9523.96760679573,1048698.0,0.0035977111950212656,34,20
34,83,660.4434682244041,998.4766773400456,116145.94642433817,2.737760642082016,0.1156850066337234,4955.560380771762,59205.5,0.06362956895530755,34,83
35,7,523.4016867740125,679.0159309414737,847194.0011618485,3.4452173166049027,0.24781726329799805,17309.81559861112,2161505.5,0.0,35,7
35,20,620.2890700671169,1042.303003666587,443526.06459248316,3.3294768287886614,0.26805907860366646,10476.993651790941,1050504.5,0.0,35,20
35,83,661.6369259342098,999.0976869769866,105605.05920029854,2.5718992414407786,0.24384017289234505,4631.1348750670095,-51671.5,-0.0,35,83
36,7,523.996343068388,679.1387008324679,766183.0754728224,3.29311641231546,0.19569281883407919,17474.91080280651,1914295.0,0.0,36,7
36,20,619.1244606557726,1042.994087720778,425542.0059879777,3.3303349224467618,0.26568279953029744,11011.587629165746,1054587.0,0.0,36,20
37,7,523.4171326791623,679.1771565052754,822472.7035554473,3.366960981111305,0.17682362396939202,17623.291141804115,2049447.5,0.0,37,7
37,20,619.8097870814316,1042.687582327717,446797.6356888641,3.4728590717254137,0.3061423730343753,9283.69801220038,1069409.5,0.0,37,20
38,7,523.154439353585,678.8471052099305,810097.496060676,3.382372028199466,0.23022931134369184,17217.800128813516,2079789.5,0.0009466100379700427,38,7
38,20,620.3963197809637,1041.1090556768129,463706.66256009135,3.424311196868033,0.2949309134895571,10565.46826086284,1111888.5,0.0017706305437178418,38,20
38,83,662.5290227309015,998.8546346271991,126707.35640249585,2.476199243401141,0.16678141791030507,5165.340038644055,21054.0,0.09347817667679269,38,83
39,7,523.2341779594475,678.8128136510365,786746.1863343281,3.360837622223409,0.24626365170087572,17310.147114066625,2015573.5,0.0,39,7
39,20,620.6901232896633,1041.4036539685485,446523.1130560368,3.408954262379534,0.2784261788144204,9992.67583402937,1024258.5,0.0,39,20
39,83,662.6842105444053,999.2692521053394,108345.78443668065,2.7705789070208864,0.18942082646658873,3855.44185722393,-43109.0,-0.0,39,83
40,7,524.1345485087521,679.0075205880802,733189.689365082,3.2401739516769026,0.18494811349705548,18232.835431636067,1799831.5,0.0008664087356845205,40,7
40,20,622.9457226759854,1040.0309978739133,430337.9858766072,3.3128002562708625,0.26244526908198507,10910.988132317647,1038640.0,0.0015013914309377255,40,20
40,83,662.5157820218373,999.2641428752144,105592.52330683723,2.463327214425584,0.06827004229597182,4594.100266239009,-67329.0,-0.023152057780513366,40,83
41,7,524.1818121570518,679.0370214963782,719358.0555494921,3.277859549240087,0.21059338884412615,17404.42119367144,1761853.0,0.0010084105484435143,41,7
41,20,622.6625664628033,1040.4413753896413,442220.42105281766,3.3416771582713087,0.2821972653921559,10590.775449766023,989388.5,0.0017957431633493432,41,20
42,7,523.9970120312565,678.9338674729747,720509.152295318,3.2488091129348105,0.15160718857006278,17283.12327441689,1709912.0,1.9164050979062814e-05,42,7
42,20,625.263193262682,1038.6196768878358,445267.8338330035,3.440134448758691,0.314523336319172,9778.60922105166,1058145.5,3.096946157194641e-05,42,20
43,7,524.1331041202656,679.2898578272176,672848.0300115703,3.167798228176962,0.18783850330732638,17673.744829047264,1614958.0,0.0,43,7
43,20,624.4757383873465,1038.8638845888383,448227.9690785247,3.405362128771355,0.29135039812142655,10432.959502609398,1018698.0,0.0,43,20
43,83,662.8445432265786,999.9068260451462,103706.73177220685,2.8097855603043613,0.23932588476308603,4282.184870474007,-51483.0,-0.0,43,83
44,7,523.9988545799769,679.1519758032701,674475.6189789138,3.09261618623331,0.16681568022558227,17837.85508680414,1536682.0,0.0020072397129720374,44,7
44,20,626.8414865280521,1038.5530647972898,434980.4826495271,3.5086447861381065,0.34168446543406916,9284.457360754612,1057344.0,0.002917050165487742,44,20
44,83,663.1279916705375,999.8694545460019,105784.32914182618,2.619104760084741,0.08093551655805371,4386.357808230526,-62712.5,-0.049331846630382155,44,83
45,7,524.8536767903728,678.6850635447137,698185.6530713608,3.0962266782404653,0.1114895757937118,18355.63435455325,1602887.5,0.0,45,7
45,20,626.2514149197275,1037.700276359559,463890.1576514535,3.3894688781840467,0.2622114869158097,10446.295974135995,1096805.0,0.0,45,20
46,7,525.1447780852968,679.0570361703835,709084.0902496199,2.97353113607686,0.12140401624122736,18636.93697468993,1502106.5,0.0,46,7
46,20,625.6061446610828,1038.237904568573,431217.6322844595,3.374528496359335,0.304270800954584,10125.579931130747,1027925.5,0.0,46,20
47,7,511.12678281372774,677.5905732852386,469687.3690754196,3.299447280578991,0.29690984818995203,12120.964363236635,1218796.0,0.0,47,7
47,20,627.8126676628665,1037.306092860532,473572.29355081596,3.460097159674688,0.3251174860565223,10178.502125538456,1132717.0,0.0,47,20
48,7,509.61166542367715,678.1645568779915,478460.41568146093,3.2166307679372124,0.24258947960936905,12483.66363042447,1166860.0,5.1149411779682503e-05,48,7
48,20,627.9397502135686,1037.1377002998847,428845.8550990047,3.3830803004750845,0.2961602257250336,9602.818177249592,1031939.0,5.783770138952892e-05,48,20
49,7,510.3636509995203,678.4213662409423,513295.8726267576,3.3291362341915396,0.30081857496970044,11639.879726084766,1298684.0,0.0015575124447305248,49,7
49,20,629.5725782346989,1035.3103827298814,436685.68384135,3.4021155541666186,0.3164602608627046,10270.482111251264,1069028.0,0.0018921367512357364,49,20
49,83,663.7433610210608,999.8591221720252,101715.81172402177,2.904745556231607,0.15498064606821993,3195.261101278171,-75152.5,-0.026880138416383342,49,83
50,7,509.00251904710836,678.0816470524662,481125.0320987054,3.3124144037988072,0.2659516537923483,11203.737328805528,1181336.0,0.00022206388824263354,50,7
50,20,629.9155336094883,1035.8522157112222,415412.3315957113,3.4457207640462753,0.31955891060137004,9376.177339000371,997102.0,0.00026310006363755985,50,20
50,83,663.5396274525021,999.8310304249641,107110.9072285805,2.693821923933262,0.07005231857863792,4767.547799491714,-113853.5,-0.0023011307109225315,50,83
51,7,507.65264796101025,679.1178730377497,484063.68458120566,3.4098446909392415,0.3104228498239044,11360.678311599724,1201770.5,0.0007041114409464614,51,7
51,20,632.1675678098842,1033.8358560335103,436974.4962171836,3.3132432765790885,0.2302951247695445,10372.793241025836,1075704.5,0.0007866342080995009,51,20
52,7,508.02725850811953,679.9356392167116,509266.87603116344,3.4419599834533945,0.2980894078506521,10849.144431782715,1261838.0,0.0004881406090001696,52,7
52,20,630.8645571266259,1034.8194339653403,432438.8606475762,3.365958778479078,0.25818746007366083,10286.596201986575,1058006.0,0.0005821913168718741,52,20
53,7,507.2299742361119,679.3154198146711,522355.1677597281,3.278310186664398,0.2549984652990725,12833.481030327637,1306528.5,0.002460886869967103,53,7
53,20,632.6413824229397,1033.1403669978204,469396.7523687558,3.4176845337515185,0.3125720705667729,10396.744125835048,1172869.5,0.002741395262530635,53,20
54,7,506.78306940900876,679.0557248293658,517686.3475013932,3.2598958132076326,0.22929876259666299,13045.568683194297,1281437.5,0.0,54,7
54,20,632.9924784265078,1033.4008459623751,455878.9885572348,3.3740260296753624,0.2738965769596653,11056.91492051224,1147398.5,0.0,54,20
55,7,507.35957750130734,679.3534137004256,523082.1520428092,3.359773195059591,0.3117534565608232,11850.016608347736,1305699.5,0.0,55,7
55,20,635.1771131802154,1031.1726470004028,477443.57456471317,3.430193151194662,0.31024561601713796,9688.189254122135,1216047.0,0.0,55,20
55,83,664.4188329364869,999.6368799469888,107210.62323363255,2.916564420840234,0.0812180635233871,3683.113270162134,21639.0,0.0,55,83
56,7,506.5923738565818,678.6203597879821,510899.98339779756,3.299213930632098,0.2640155815413544,12522.86085547309,1300329.5,8.930695759926948e-05,56,7
56,20,634.8527157206119,1030.9404455072388,446321.30879016186,3.3708657802653748,0.25738231897657793,10967.734344009112,1129862.0,0.00010278252836238576,56,20
57,7,505.8999815749845,679.7948745377955,500877.13701751624,3.2506492454527978,0.25230984928576766,12542.157712070279,1269992.0,7.217063029422157e-06,57,7
57,20,637.4841490809184,1029.539035757053,438328.18275022384,3.489931190684109,0.3322984835195042,9305.471850890852,1143804.5,8.013347265434319e-06,57,20
57,83,664.5209335478837,1000.2367560291128,107700.72203074543,2.7792566394755847,0.20763890022934253,4531.360205651197,17646.0,0.0005227306880088865,57,83
58,7,507.3058049447273,679.0534419604866,583342.7209071075,3.2551534223571674,0.2529491478896973,14516.508066933699,1474516.5,0.00126628392959029,58,7
58,20,636.9330790299266,1030.366077342525,437309.8055163777,3.3129238672029175,0.2423122586834493,10571.804787875628,1181184.5,0.001580778149615653,58,20
58,83,664.8754679465252,1000.8620964339069,107295.92919037951,2.740759877457774,0.235296782794902,4339.173606963877,47885.5,0.03907772535097427,58,83
59,7,505.873844072285,678.4292779541499,530268.2598330452,3.297027922295036,0.260346512965666,12132.980760921948,1349397.5,0.0017845003198449136,59,7
59,20,638.8398287171108,1029.0428342906416,458447.5280804736,3.4662288515264725,0.30927212944568017,9690.098728521556,1199800.5,0.002006986484436786,59,20
59,83,664.6110228273079,1001.0034604072673,111232.56187529786,2.5306322452623076,0.1177303562159365,4397.187658320706,6078.5,0.3912879392615103,59,83
60,7,505.2785455579987,679.0578249103793,514249.8174917151,3.3101508674729763,0.29773755629640264,12300.728659138247,1400088.5,0.00012758800417510304,60,7
60,20,639.2551758884329,1028.314937355899,459253.6564544067,3.360465008513029,0.2995142675233726,10792.897404147106,1254733.5,0.0001423699080324477,60,20
60,83,664.7290560043425,1000.8666686900565,123800.88198874622,2.979308988890218,0.1308139893067102,4444.134225237044,177621.5,0.0010063040708633067,60,83
61,7,505.12382264093014,680.4966012891067,527316.5786230122,3.369551055200953,0.2668207468228121,12225.76570327911,1393559.5,0.0005387130828981383,61,7
61,20,641.4155439023951,1028.4736489691195,431762.56773159385,3.5097798216445497,0.3304943436590879,9571.487622961935,1189301.5,0.0006312488161980426,61,20
61,83,664.8440934977402,1000.2508263517717,115099.14948284479,3.0005822868399785,0.1667155475326094,4102.066124126543,95468.0,0.007877316887053579,61,83
62,7,505.61869756855725,679.8808418348306,587938.1286252115,3.1570120811727826,0.1777651931339538,15666.686235515579,1535875.0,0.0004953164223051047,62,7
62,20,641.9091045910768,1028.1984849284759,437951.4776598188,3.3806668959989667,0.2934313366966014,10258.896062850303,1230077.5,0.0006184670930500142,62,20
62,83,664.3333241761326,1000.9525902560982,101396.06573747392,2.554657415350231,0.029549693814430164,4930.632216253634,41669.5,0.018320341578702205,62,83
63,7,504.30035702470354,678.6273492614596,533310.1199987071,3.2960737527058463,0.22214075317526216,12356.509538065991,1377592.0,0.0007011089506351253,63,7
63,20,642.1377907095107,1029.1095258631374,408794.52388434985,3.4821214138491308,0.30115317440178996,8633.714997751236,1140330.5,0.000846993581771562,63,20
64,7,502.7965654069411,678.2961942987966,512716.7346826005,3.3036581381962273,0.291978577129179,12654.75951793441,1408964.0,0.0009046649068173356,64,7
64,20,643.2810637706172,1027.3573242113393,447214.4259828519,3.4629968802721316,0.301304289121677,9869.120630338786,1285494.5,0.0009915584151004694,64,20
65,7,503.2714415854807,679.1176494841667,500509.6908446742,3.463151300174407,0.32224326027342937,11061.421067256906,1344761.0,6.152970830425314e-05,65,7
65,20,642.8128443241256,1027.4679543603356,438769.70233452396,3.412176217653223,0.2851950120188225,9727.774555601818,1222148.0,6.770331723066825e-05,65,20
66,7,502.0476275036408,678.4315624217745,529927.067172663,3.3263482898486108,0.2796609603100066,13407.888289827759,1488266.0,0.0005632864460942901,66,7
66,20,644.9909889075998,1026.5807104734026,454685.1528873943,3.528892025061785,0.3472681173392894,9464.391733996064,1341878.0,0.000624741151425065,66,20
67,7,501.57924285482227,678.1812847272091,542955.7642741523,3.465965516617941,0.31897598914565706,12331.14581743994,1521205.0,0.0022213143335387867,67,7
67,20,643.9095361844959,1026.252234749809,443998.31908919686,3.385029890024864,0.28090448350226305,10096.12563802895,1311693.0,0.002576218486223947,67,20
67,83,665.1384525942422,1001.3409958662609,121461.7863017834,2.9534244083843775,0.06293467285744403,4084.69205202698,290969.5,0.011625294511635388,67,83
68,7,500.92148109697484,678.1579777659462,513801.3296022382,3.498228729748905,0.3206509350796029,10984.98672841783,1510325.0,6.621408348487548e-05,68,7
68,20,645.0208118793427,1027.542862672186,416962.0494361151,3.495726624577752,0.32597151433964106,8959.3863387805,1308321.0,7.643841846648316e-05,68,20
68,83,664.5979044599513,1000.762367806948,122548.82357305849,2.692907026198315,0.13364711017333242,5297.724095974556,214975.0,0.00046541101873388894,68,83
69,7,499.1671471225015,677.9436682703401,500636.7719460288,3.2421340081540846,0.2127006364079576,12744.869041918722,1436185.5,0.0016098175374884842,69,7
69,20,646.3011688798812,1024.778736931951,426838.6380326432,3.3691207209487346,0.28302736542570345,9386.93947398804,1304861.5,0.0017718615632365175,69,20
69,83,663.7548258726672,1001.3089905542207,126456.57486502588,3.105857180099306,0.2845051353841722,4502.678284270686,294070.0,0.007866964144697638,69,83
70,7,500.35075746311446,678.261455909193,520710.5121061462,3.480733488501745,0.3354276703267829,11077.287298737492,1517911.0,0.001298600053216463,70,7
70,20,645.7913649094958,1025.2110683466003,427801.7151146226,3.4877612422382396,0.33000199008125725,8815.024399699554,1314073.5,0.0015000612807869746,70,20
70,83,664.1297596771976,1001.3068635143275,127076.76767354489,2.771976754203411,0.20146104268524198,4992.5801909802785,246547.0,0.007999310817034068,70,83
71,7,498.0128217852036,677.9891336551916,474485.60302484955,3.382806475666737,0.260304775916643,11216.078780973923,1409899.0,0.00014209448061302125,71,7
71,20,646.4910626468045,1024.4508461446585,439549.0333084375,3.467534153176905,0.3124989071110772,9397.255194870044,1393443.5,0.00014377262796540517,71,20
71,83,664.6658488151728,1000.9559848462574,135653.92579691432,2.663953461435229,0.03155690357373728,5532.2550743993,305760.0,0.0006553839248924827,71,83
72,7,498.80018808052307,678.5318509410167,534651.2988775255,3.44811939566449,0.30817713823833826,11444.195307104052,1544546.5,0.001104258522230922,72,7
72,20,646.5492561581581,1023.5995745810792,435033.0350297808,3.4871637091572394,0.3060370080877148,9139.99490970055,1335219.5,0.001277397260191803,72,20
72,83,664.448154061332,1001.1960891532165,113366.65955225221,2.583825025329234,0.08611504296009036,4608.400794807,234973.5,0.007262701558856429,72,83
73,7,497.75423862084523,677.8923338516345,510191.6735952618,3.36664322053181,0.28004611043473143,12593.533183266547,1539781.0,0.0012819679997300537,73,7
73,20,648.1438795229402,1023.5439494154609,433171.4676024792,3.5205980862056565,0.3313394525404038,8830.831195583249,1386565.5,0.0014236515248570972,73,20
73,83,664.8393395023037,1000.8286716989579,101823.32317689902,2.7724131203346882,0.11603771767191974,4146.651170099961,257325.0,0.007677374403253887,73,83
74,7,496.93013341578893,678.4412781350126,511959.610443483,3.4125781730487708,0.30223341622900957,12071.930792879555,1471071.0,0.002252042304647546,74,7
74,20,648.4712566666781,1022.486606536848,453089.350537947,3.49277553943252,0.3616109795589525,10190.590929054171,1339084.5,0.0024740147763986334,74,20
75,7,489.81996527325134,677.5641328889824,520137.5142920997,3.3170886215289643,0.28025229774388594,12887.617763026925,1310172.5,0.00038424156941163965,75,7
75,83,665.2970388890351,1005.0790293935157,466481.2233440726,3.529399815160448,0.297172012240452,10107.935500413274,1130118.0,0.0004454659387015156,75,83
76,7,488.39877031045535,677.4573390720905,503823.0023149985,3.382891996977001,0.28701112043158483,11277.088405906226,1280180.5,0.0,76,7
76,83,666.8936694995217,1002.4431616277947,511454.114770123,3.482930143897219,0.2634884335499348,10259.606745222958,1230171.0,0.0,76,83
77,7,486.87957517608754,677.5491400942833,498953.2290056572,3.309164598838402,0.26569287022273813,11960.360093539477,1312446.5,0.0005966442082320951,77,7
77,83,667.9630604647106,1000.9119028968681,492766.83585382643,3.570022679907215,0.2826005210823141,9485.80283280717,1241374.0,0.000630806151827378,77,83
78,7,487.78006654537853,677.9417371487446,522947.8673662507,3.3201062272830404,0.2856591732195034,12566.21492746998,1298983.0,0.000624039863167562,78,7
78,83,670.506161283718,998.8513880455725,475905.1140480298,3.5682721325855833,0.3891408329380256,9827.424494559857,1163809.0,0.0006965302996018727,78,83
79,7,485.98923530085375,677.8933406013266,464559.0968888224,3.3502969713024497,0.2963994287386311,11393.590453592673,1247912.5,0.0,79,7
79,83,672.5394462374707,996.345772889326,465473.9107208627,3.508533714553256,0.3740035618700051,9979.787258621318,1111039.0,0.0,79,83
80,7,486.60237978308606,678.3651842700414,489564.2863456533,3.4495498760332364,0.31888871076560404,10871.8852284028,1228838.5,0.0002322117125834717,80,7
80,83,673.1954716451603,995.3763426526526,444429.4900944053,3.4693137476900304,0.33566733162751405,9965.894792702566,1081513.0,0.0002638476968937476,80,83
81,7,484.7680952528803,678.0235485075648,493598.9384435928,3.39629627776907,0.28463879399449,11153.356916921142,1273639.5,0.0,81,7
81,83,674.8877663645136,992.6821870352526,427852.83451226813,3.4491887705988784,0.34169280155386433,9727.739867389868,1045008.5,0.0,81,83
82,7,483.9573968088475,678.3225428764301,466093.1948035548,3.4737772519805006,0.3502243193499692,10760.453795855465,1161466.5,4.463558615542688e-05,82,7
82,83,676.0470756537426,991.3441396055551,390852.79095407313,3.4281825226678224,0.32712638554818824,8773.908479697533,1008342.0,5.141462043371693e-05,82,83
83,7,483.88311616745614,678.5363798974766,490596.8993687333,3.418787575150811,0.2754867521696313,10832.024725283229,1217395.5,0.0,83,7
83,20,665.381804091861,1002.12724650142,115996.48524712748,2.885052757189148,0.10413083237266138,3838.1189971476006,-55191.5,-0.0,83,20
83,83,677.3783311582329,989.9002576352962,372212.2511900473,3.445097740528782,0.28726818876435145,8443.861793724722,898054.5,0.0,83,83
84,7,480.8620695715961,678.3575343056037,484527.7474129494,3.4077624187239555,0.30025825670338074,11427.541212569562,1155858.0,0.0018957435111638065,84,7
84,83,682.1348297809832,985.4051867754074,412358.42944741395,3.369613547484388,0.3421550577840168,9845.266275444545,975383.0,0.002246511554283272,84,83
85,7,481.3824072303934,678.0317660129627,485461.4744261065,3.3330830827431956,0.2821634645998654,11679.879902075283,1111410.5,0.0,85,7
85,20,665.7918782363004,1001.4445928913374,118203.89735483707,2.95772592457004,0.19581709032412536,3864.0204187316726,-193690.0,-0.0,85,20
85,83,682.7825880158063,982.9026984809716,454549.3110762531,3.518415891619233,0.38502382110727823,9660.051046829181,939914.0,0.0,85,83
86,7,480.32239382466355,678.1018967831036,487892.1634511356,3.43912849756244,0.32408404724242484,11501.506822403953,1074604.0,0.0,86,7
86,20,665.05432373918,1001.8178536768492,121775.49589827697,2.7174036550297678,0.1711920754601949,4653.281386163431,-200553.5,-0.0,86,20
86,83,683.4895211820462,982.7319601619604,451719.4855058652,3.448524705340394,0.3334960726420253,10711.326964376201,934732.5,0.0,86,83
87,7,480.17641917576805,677.6660308141866,487634.87242318527,3.275233762420393,0.24642689220010086,12233.286490015818,1085082.0,0.0018493684812839514,87,7
87,20,664.8966194350126,1001.6298615368379,118046.7499255541,2.932936754010512,0.26709763917947477,4375.409036575001,-243321.5,-0.008247440322747964,87,20
87,83,683.823091554561,982.3889915863624,407359.51071132964,3.4984495845781685,0.2944874499422035,8482.935887237247,854988.5,0.002347064714966549,87,83
88,7,478.86885508732325,678.0184798713353,494166.5785986866,3.31206507032293,0.24152891862453585,11626.450501119709,1096179.0,0.0,88,7
88,20,664.8161264683747,1001.7647785947541,113888.29614965437,2.6134468278324703,0.1440922092057805,4158.36550769975,-261494.5,-0.0,88,20
88,83,685.2863829259203,979.5055812674661,441635.38983815303,3.4856684730584733,0.32951765226647217,9250.241639576994,913229.5,0.0,88,83
89,7,479.45815842518834,677.1770496475281,485399.416119491,3.277711316811347,0.26692079256124507,12569.235015502014,1030448.5,0.006429375611317669,89,7
89,20,664.3835621120994,1001.9068458480838,125866.92286356878,2.8368733154732837,0.18580646017496996,4364.317713715977,-258963.5,-0.025652895943998135,89,20
89,83,685.5224052135981,979.2957222046656,415919.4781171326,3.573012989874683,0.3575597514527535,8728.635427431955,864892.0,0.007659279442936782,89,83
90,7,478.67253244243733,677.6684255264158,492331.4243215512,3.431952699558866,0.30665248018445085,11377.220132362982,1087799.0,0.0,90,7
90,83,686.4371774170717,978.2031222843643,450555.6941480309,3.582662488569549,0.37226754126179384,8888.45322840858,876366.5,0.0,90,83
91,7,480.4501912308344,677.6332962113336,498827.6919346376,3.2932275978686376,0.23900488527469702,11868.414545319858,994734.0,0.0025955658310887236,91,7
91,83,687.4198213513787,977.6217341502785,437094.2222474141,3.5651697945016805,0.3887519926868102,8857.025780089445,898745.0,0.0028727491809055782,91,83
92,7,478.11463590583355,676.0442266899802,431726.33471142227,3.351252697173068,0.2399747032677016,9765.971704293432,891279.0,0.0,92,7
92,83,686.9317112585378,977.4615990998724,403748.14550452755,3.4408110452884433,0.35604211067436,9502.026523096312,720269.5,0.0,92,83
93,7,477.7999378537651,677.1746466288336,439902.93330222426,3.536823397659706,0.3505704103648319,9070.163573241738,822776.5,0.00027398161899510394,93,7
93,83,687.9190210669475,976.9036656464037,411907.5245809685,3.4799568263157212,0.35773362089152316,9331.802907085248,776381.5,0.00029035689668819437,93,83
94,7,479.13192595339484,678.2319209826487,455001.73376262834,3.3753878656005214,0.26836953193356916,11331.124257795185,908242.0,0.00907993607242168,94,7
94,83,687.7538306196982,974.438635532688,437521.9374269598,3.478675682081357,0.3656262648302375,10804.095222548896,758432.0,0.010871968325103221,94,83
95,7,461.99739065819455,667.0265031773981,456519.91348993377,3.521581572642776,0.3337802413148883,10022.39107551995,1433460.0,0.0007695455912422795,95,7
95,83,694.7961901225324,955.7005240982521,474760.66524738003,3.3940428881900635,0.3537630631926203,11024.630183071946,1432895.5,0.00076984879410491,95,83
96,7,461.3294750583302,665.9829619198805,418783.01197667094,3.414703304856611,0.31291527917228273,9770.636223063933,1416697.5,0.000844245814549803,96,7
96,83,695.0653645974146,956.2041033857504,454189.4759137145,3.2968827048827594,0.2944859785004294,11028.24286563652,1479630.5,0.0008083333788839224,96,83
97,7,462.2536617606921,664.6164667046147,448073.59844868653,3.538512908035733,0.3389238310665833,9489.501665614875,1513059.5,0.0,97,7
97,83,694.7486995329058,954.2515483028559,460475.71943741094,3.5482220359505146,0.3728813079422076,10710.922672080156,1459027.5,0.0,97,83
98,7,445.0798236541374,649.8900193211223,445853.78937963647,3.4547204997079866,0.33683487854097804,9975.7650919451,1295164.5,0.0013844437007042624,98,7
98,83,694.4818252153232,940.0713126156182,475870.9564130569,3.29058519067243,0.313007340863552,12132.687273987285,1317306.0,0.0013611691606618692,98,83
99,7,445.3427332173423,648.5318700995518,441424.51475627325,3.5407323904916703,0.35581519099153525,9434.473804901854,1324482.0,0.00024280378445289152,99,7
99,83,694.1469347636178,938.4049736813188,490048.341289229,3.2766436986915055,0.27635679230596133,11974.524444683122,1325909.0,0.00024254244246781577,99,83
100,7,443.654964800091,647.5512551896642,469774.87592434004,3.5136670509579773,0.3638672662000798,10110.314490348266,1370357.5,0.0010823724345872495,100,7
100,83,694.6837856743072,938.0920556059973,473765.78953895124,3.3038160208330747,0.3145941612658018,11174.558120911242,1333631.0,0.0011121847414103589,100,83
101,7,442.9602331741135,645.4154757469516,428816.8173956823,3.5308584223410855,0.3729165017072076,9719.628208353919,1283501.0,0.0,101,7
101,83,693.8819441850501,938.0846490720141,448915.0316570242,3.4529870063547947,0.3389579833623335,9637.258477774649,1272284.5,0.0,101,83
102,7,444.0927887320366,646.7332518571818,483374.58712737245,3.447537442484842,0.35130808494164983,10886.443525134475,1400200.0,0.002281842078407407,102,7
102,83,693.1225872616521,936.4473838719002,463828.4726163355,3.360166416999146,0.31254826063384866,11133.862696160259,1337907.0,0.0023880987464271553,102,83
103,7,442.53583640324814,646.0862145493649,479044.1875088138,3.4981430142874457,0.33674670255626166,9804.997989946482,1413923.5,0.0,103,7
103,83,693.2064065752082,935.5983783059686,436088.9582195245,3.2081044765748445,0.2492142073965528,11750.434099062846,1244663.0,0.0,103,83
104,7,441.77918998500945,644.5527439210946,447890.6031499688,3.5408961539441512,0.3184410450731478,9012.746901254643,1287970.5,0.0006440328222566527,104,7
104,83,694.2085758981028,936.1126168412271,465315.2471590611,3.320571400989915,0.23892298194312608,10901.131966279425,1344641.5,0.0006168866702810679,104,83
105,7,441.76609597193794,643.4567366314587,436692.9239352785,3.5559242468743397,0.3694655516179611,9866.343075158551,1358815.5,0.0,105,7
105,83,694.3890199459643,936.7470522861613,435234.42104590725,3.220064486414618,0.22161362499499526,12354.377415850708,1279254.0,0.0,105,83
106,7,442.58195050525546,643.971633269683,488919.30475586787,3.45158212274628,0.34194427738813504,10862.957573486045,1396384.5,0.0012497769975430935,106,7
106,83,693.334443104873,936.8160014235119,426672.83358081296,3.4400444531377135,0.3023020692912057,9138.678593567623,1241446.5,0.0014057826730723701,106,83
107,7,441.00730583543424,643.3969666699243,471232.81768918864,3.3284245401941432,0.24789283225253284,10827.01222261812,1426820.5,0.0,107,7
107,83,692.750980675061,935.5005935897802,452414.43930225715,3.500427324340766,0.341471540439341,9366.224859249009,1293190.0,0.0,107,83
108,7,441.74693908314316,643.5318800409511,504627.4548773561,3.5383436940265294,0.3447276568158103,11028.68469616662,1417085.5,0.001530635019911061,108,7
108,83,693.4761816593256,935.2806338081363,448007.7507679023,3.3541958748778935,0.27906968926502507,10681.32454825586,1287716.5,0.001684427914312138,108,83
109,7,440.9724108539688,642.8854131371365,473017.2672430736,3.455551805273906,0.3299280340072783,10263.91325434711,1405626.5,0.0010929866333406406,109,7
109,83,692.653587414167,934.6921125163491,445997.7349153906,3.3612488312743984,0.30803789219623506,10790.267780211063,1294021.0,0.0011872702831964299,109,83
110,7,442.0441683109139,642.9415362907627,461751.08733285643,3.5239966599477626,0.3256098306922836,9585.631324845159,1348361.5,0.0,110,7
110,83,692.4582745778015,934.4581148714298,442838.89580005384,3.2973716664028423,0.26106136170841493,10708.272831358556,1278110.0,0.0,110,83
111,7,439.6581533744632,642.5519960896116,460486.3666994759,3.5916147710042985,0.32798017767050947,8753.431439787813,1386007.5,0.0008591747598058248,111,7
111,83,691.1106654145699,933.614509961717,427614.43799474085,3.4840352670660897,0.29531950252174854,8939.674661910958,1261629.0,0.0009438900663098058,111,83
112,7,438.6856075659134,642.112895405457,452857.4893282729,3.542094647831377,0.3584597467944919,9763.096784854972,1357257.5,0.0001485552746453272,112,7
112,83,690.9286298206829,932.6049532659758,446755.5538377385,3.502018149579352,0.3228322609985464,9763.096784854972,1272976.5,0.0001583917408597215,112,83
113,7,438.8716198299282,641.1942598553774,445910.31479178707,3.545988611783649,0.38378179255001527,9632.71023983936,1318549.5,0.0008880819867237009,113,7
113,83,690.7217966711667,933.059532813979,456571.7610766578,3.435780593037101,0.30695445298834056,9632.71023983936,1346799.5,0.000869451138803091,113,83
114,7,440.3810987390302,641.697861148971,475984.6223139079,3.5278980600824057,0.3692200749716708,9603.36533234213,1442795.5,0.0,114,7
114,83,690.2148930392764,932.9568180235859,450787.6736696439,3.4734051513300033,0.3453305762463368,10459.11075799638,1271338.0,0.0,114,83
115,7,438.08966338268516,641.100159460173,455520.65426310606,3.5162230451595726,0.33608600495063873,9427.165858094082,1319719.0,0.0002081557893315149,115,7
115,83,689.8040855589685,931.4614082253115,426579.25507875724,3.4713666963217085,0.33944606352135115,9332.894199513143,1259349.0,0.00021813524690438656,115,83
116,7,437.4498823922125,639.4832517575924,407628.45259494835,3.4257433650733633,0.33168025361106285,9845.183248925832,1252817.5,0.000854202194835005,116,7
116,83,690.3154063567223,931.3210902232224,448618.4943909569,3.3434291789756685,0.28663371483866,11170.496378588925,1290494.0,0.0008292605029342697,116,83
117,7,437.16916253839315,639.864710132302,459764.1128516009,3.501626614179558,0.3265624021933087,9774.29274132782,1311871.5,0.000585504136419879,117,7
117,83,689.3427476139526,931.8319405369339,490204.0531031647,3.237174875931825,0.18947483140965357,12101.505298786824,1383135.0,0.0005553338634174073,117,83
118,7,437.01596140863535,638.4101152011045,435764.08641960355,3.558196708278916,0.33530867842009826,9204.319299240613,1320207.5,0.0008989267259473022,118,7
118,83,689.1239114930273,931.958760517785,465422.4486060455,3.340330915829643,0.26189814983058046,11063.777743531646,1310248.0,0.000905760632343436,118,83
119,7,436.2991248779895,638.3219738475472,436346.0695533953,3.4870355802437745,0.36822057159180754,9869.506575370404,1268358.5,0.0,119,7
119,83,688.7624153455446,931.5174474599128,412526.39503014565,3.4418833284352983,0.2691692398649429,8446.020050076595,1235117.0,0.0,119,83
120,7,436.7675436231774,638.6836334898317,429573.3685497418,3.541547988889379,0.3510583499871389,9322.810147623979,1327031.5,0.0,120,7
120,83,687.9802700774902,929.3445161166155,438262.58965820685,3.521369237277705,0.3294614826332141,9141.78470786429,1253512.0,0.0,120,83
121,7,434.82049191705573,635.5245605336168,435366.7523818867,3.6083135672377473,0.3616412253170926,8586.940825750917,1255651.5,8.780430615134856e-05,121,7
121,83,686.9766368636333,928.4125842488944,476442.42808444775,3.333528422384685,0.27238567776228617,11242.695720313055,1278351.0,8.624503317517205e-05,121,83
122,7,434.01886618218884,637.1551636794064,455482.83135483554,3.5507171680651233,0.37019238623844264,9555.583874576969,1340901.5,0.00030665476470677914,122,7
122,83,687.7972748768718,928.9936371813394,444562.1640696047,3.176583978548938,0.2021439513670889,11557.70621020262,1268426.0,0.0003241782763480098,122,83
123,7,434.2417054508944,636.9968205163954,442194.34559505054,3.540706943145385,0.3921810180099521,9472.965390243387,1296101.5,0.00018468214351147175,123,7
123,83,686.2515497654065,927.632864847149,442838.139359436,3.3808451940862225,0.2828230591974009,9932.818079090153,1203175.0,0.00019894742931354797,123,83
124,7,433.8705939540058,634.8883947581458,435542.5890941083,3.4400359619179137,0.36465276605863284,10478.816147236412,1257889.0,0.0004531579252646541,124,7
124,83,686.2298621066742,927.2260487762109,467695.5377852013,3.317606202574094,0.24500070025311987,11105.753865447137,1305487.0,0.0004366340416914769,124,83
125,7,432.876873278103,635.330239173261,461273.6616085098,3.527173219484039,0.3558178204982528,9904.649175642848,1317017.0,0.0,125,7
125,83,686.029979650204,927.9614721921107,448892.8501389562,3.1737509409941094,0.18483695944455983,11319.599057877542,1228929.5,0.0,125,83
126,7,434.6186910872,636.2601228452988,475323.668441413,3.474123745858956,0.34744397417862327,10272.922734591712,1338353.0,0.00011008798266554552,126,7
126,83,685.3832727908656,927.9700178674117,433160.02034813224,3.2674803946636373,0.2555417381905286,10183.592971682217,1255843.5,0.00011732150411327459,126,83
127,7,435.3368796747557,635.0949197905167,463739.4132777246,3.545573695745499,0.3949642352532545,9627.179359075364,1324111.5,0.0,127,7
127,83,685.0683697470545,926.6685796774243,419508.8816940482,3.4254817313789983,0.3107305037172285,9173.067125156715,1184102.5,0.0,127,83
128,7,435.1280017390601,635.1065869644191,449585.61701066466,3.5445006288704506,0.3459778621402189,9083.379472504625,1231011.5,0.0,128,7
128,83,685.3860269691816,925.265890346731,446335.6005021538,3.310736827663338,0.2822564347907625,10583.387091817314,1237823.5,0.0,128,83
129,7,435.236922543604,634.1139196972523,483324.4958920804,3.519634199373682,0.3952854757835704,10165.682796635754,1335212.0,0.0001376181822617677,129,7
129,83,684.5358014448575,925.7392433010085,440264.9777047046,3.3153227211895135,0.191157248569346,10909.51324517008,1179584.0,0.0001557767212348764,129,83
130,7,434.5247554858795,634.4577351834325,437023.27485211135,3.487419567258181,0.33580083534375305,9156.678139758524,1170972.0,0.0,130,7
130,83,683.7002789823019,924.8485050630727,430447.1150971939,3.45294640985085,0.296354286308541,9406.405725388302,1170389.0,0.0,130,83
131,7,434.58934310689045,633.7766329056757,453618.1718020989,3.3937125788542115,0.3524962605359357,10837.574421335214,1210853.5,1.8437085161597815e-05,131,7
131,83,682.8572707868,924.1479557639203,456655.9767535338,3.363536306222871,0.2653614486801069,10427.06023870888,1148071.0,1.9445421234295333e-05,131,83
132,7,435.25433593344434,631.4951582095796,456068.7477311696,3.5343729862456277,0.3982523257025628,9679.4560951069,1157571.0,1.0618187505156232e-05,132,7
132,83,682.6698252552902,924.4783260868265,429299.0019681396,3.1939810401162623,0.1953494560422711,10738.146605509217,1093806.0,1.1237254396473497e-05,132,83
133,7,433.61852706761243,631.7847757253355,447860.761386708,3.465699669203999,0.3464315431837687,9990.249542086036,1196589.5,0.0,133,7
133,83,682.1755117573315,923.9580430240349,380054.59960106027,3.440178012493474,0.2859278006089826,8289.781534922455,1016670.0,0.0,133,83
134,7,432.2129686978203,629.4718591879766,454689.3035643908,3.5115892060631766,0.38916586164121375,9975.290462514253,1142914.0,0.0,134,7
134,83,681.4290680340866,921.7399636709486,410614.084003069,3.2804266754469835,0.27362941320857354,10682.757871203206,980534.0,0.0,134,83
135,7,432.92199581394686,630.0938638771792,465082.85100707033,3.5386410722188213,0.4284652403802272,10333.534223296278,1166856.0,0.0,135,7
135,83,681.9697322715497,922.121575249158,457627.9441745494,3.2293512781082447,0.21355119978392129,10924.021893198922,1115841.5,0.0,135,83
136,7,433.15788038476757,630.7612314049352,461204.9619731837,3.4961628054791882,0.39384144321586223,9989.491244690678,1131359.5,1.0239722953153964e-05,136,7
136,83,681.749749417012,921.8042115632605,446009.6795164711,3.2348652695750464,0.18544754071606828,11396.461842534436,1042753.5,1.1109918846446786e-05,136,83
137,7,433.2681384037223,630.0476021070839,475957.819882034,3.3804134402754684,0.40416620011628124,11538.37139107961,1160180.0,0.00018781428823193549,137,7
137,83,682.2973435030384,921.8278693638359,459537.8298254976,3.1364689749420736,0.17875916599478084,11686.299229426786,1134847.5,0.00019200721288392165,137,83
138,7,433.63478325902247,627.654543177321,460344.9877215864,3.508839664861299,0.4085021613240526,9943.821737455566,1173340.0,1.0322432932109012e-05,138,7
138,83,682.2540092416534,921.8147935344989,443155.28037699265,3.0668041796228813,0.18823673668238858,11870.918973396569,1045378.5,1.1586106954688804e-05,138,83
139,7,433.6690194488426,626.4951471757379,467389.80811736704,3.4489465087779223,0.403158350633044,10732.59964421956,1109482.0,0.0,139,7
139,83,682.9586670133135,922.3359395534583,435564.66889457713,3.1263327069247455,0.17745540172898677,11254.323238035788,1023291.0,0.0,139,83
140,7,433.7850007952695,628.0051453293022,450990.7728514108,3.475758433228616,0.37514046444783045,9743.627808518135,1088068.5,0.0,140,7
140,83,682.7045909950136,922.416325852979,429305.70645049826,3.171303712275896,0.19754606855579593,10989.053919381355,1051636.5,0.0,140,83
141,7,433.8188872799095,625.4727911638278,474990.986613854,3.4824313032683567,0.37283604525038755,10643.249965003844,1149017.0,0.0,141,7
141,83,683.342610834046,922.9453882295234,427240.1894735665,3.151694184554938,0.14749380958392025,11937.69928507188,1011813.5,0.0,141,83
142,7,433.39497624185117,626.132097983713,473319.91588424874,3.4307765861255115,0.39417710720084687,11143.57721795728,1094481.0,0.0,142,7
142,83,683.1294114519109,922.5921603083845,449340.0661747204,3.194525217795646,0.1810035148147928,11989.924854764162,1044742.0,0.0,142,83
143,7,433.9578709252078,623.4514815610598,462992.7869288001,3.4437212151026317,0.36271124353994516,10720.734492022231,1123289.5,0.002259642819849232,143,7
143,83,683.3018126125719,923.126521649414,432117.0715917761,3.163218985461402,0.18754549147309446,11435.450124823714,1002166.5,0.002532722460733439,143,83
144,7,433.71975261857284,624.5962223799581,459451.34316591575,3.3581577238239357,0.33803787469793894,11429.818904917016,1049035.5,0.0,144,7
144,83,683.3253446769357,923.4079766969843,459656.669254028,3.0755331423330556,0.13126432509985503,12456.449345478424,1046967.5,0.0,144,83
145,7,434.0333442770614,622.6285015320491,464111.07927354105,3.4808589902989215,0.3905535857252202,10216.730963072101,1113633.5,0.0,145,7
145,83,683.2208381136478,923.8029010999938,456823.6208243568,2.9747398642454748,0.14299331007203292,13431.786161241644,1064169.0,0.0,145,83
146,7,433.4125041828584,620.7058404768449,461576.2985714828,3.483693698561568,0.39403425117737234,10710.534861915874,1049229.5,5.528559491071003e-05,146,7
146,83,683.5184046654379,923.647655929975,474060.5525825058,3.0448510877374444,0.138633752649798,13643.993454669902,1045385.5,5.548890908440023e-05,146,83
147,7,434.21178453830237,621.1266103843938,470875.50077857054,3.420471279995806,0.3464152476769844,11054.413562296013,1110887.5,0.0,147,7
147,83,683.1167368912132,923.272477075363,456348.8675717072,3.042606352479576,0.16532291890765952,11975.614692487346,1001916.5,0.0,147,83
148,7,434.0090648160671,618.7891700007951,445159.3435042338,3.4227975375224453,0.3517759131188761,10564.051684604636,997496.5,4.4238685247463765e-05,148,7
148,83,682.2237043824833,922.3320345459473,470555.0439115946,3.0606176362288,0.1723739547781892,11963.26382826088,993594.5,4.4412437660436464e-05,148,83
149,7,433.7557856599811,619.3537698864677,477604.6432799178,3.5312356423167643,0.40145781501385425,9877.217956672148,1079972.5,0.0,149,7
149,83,681.652527366944,922.1719431736258,460731.06260393624,3.1361825379146917,0.20464207849608962,11934.971697645511,1039562.0,0.0,149,83
150,7,434.6225569204821,620.0981765711837,455329.80938588275,3.447891738432112,0.4126335114269349,10717.096916063016,1032880.5,0.0,150,7
150,83,680.5953090069276,922.2516255922981,460541.54829711886,3.2673118530832124,0.24216849812855926,11451.144650039934,982178.5,0.0,150,83
151,7,433.8042157705208,619.2423506852348,461702.89264323143,3.4604592063455577,0.36466480557172787,10033.835071719972,1034996.5,0.0,151,7
151,83,680.618211091539,923.2486568815896,455404.2808463853,3.2298065032207464,0.19411380001596681,10546.512776114423,1036263.5,0.0,151,83
152,7,433.8202531845739,619.2993842569882,503680.1871720256,3.3489110886155298,0.305750924924387,11315.554889892082,1170911.5,0.0,152,7
152,83,681.3541834566934,922.9701732972512,453933.14402804885,3.1362871854505805,0.16134264397125986,12419.5114645157,962106.5,0.0,152,83
153,7,434.2262981737258,618.063716705697,461911.5555951772,3.426190183592735,0.36392792388066025,10780.700579420654,1013247.0,0.0,153,7
153,83,682.1981865032393,922.5646572263373,489761.6987586806,3.0348383991461305,0.0719603470735976,13544.982779272103,1073538.0,0.0,153,83
154,7,432.42614288620484,615.5578579133139,446454.0651858028,3.4576317225915156,0.36652504972327615,10097.724634781427,1039546.5,0.00011851733453251882,154,7
154,83,682.1332707137772,921.6560061782027,472102.2857581476,3.032289748816182,0.040777869037404164,12723.133039824597,1005945.0,0.00012247663416570554,154,83
155,7,432.4733842716567,616.912524750417,486626.86934986507,3.428807521934829,0.3155174172872643,10437.420732346158,1074370.5,0.0,155,7
155,83,681.563088491788,921.5719805770232,473830.3055752763,3.07375146994256,0.08327207274582044,11938.693577409647,1011146.0,0.0,155,83
156,7,432.9837297775898,616.1573926910002,498406.84390194196,3.320306388798851,0.2998731741960656,11830.37747323794,1138424.0,0.0,156,7
156,83,680.7390945395324,921.3798442652401,427007.03632816474,3.118477547847289,0.13657688476377525,10786.520637364005,910264.5,0.0,156,83
157,7,432.88865626291266,614.41969759877,476165.7346074978,3.3153009272304734,0.32273990576587186,12187.57535007286,1025942.0,0.0,157,7
157,83,679.4969525208356,921.9328314359226,435989.25074999017,3.2279204105971013,0.22574710434868275,11124.705406752553,930510.0,0.0,157,83
158,7,432.28806709014293,615.7362478615513,463975.84150440834,3.440599473422591,0.38677028537487057,10714.879166794302,1076008.5,0.00019131990709943066,158,7
158,83,678.9301661137367,922.5325322482615,410113.79790756985,3.33804681650582,0.2456928808051832,9923.847818910159,887101.5,0.00023206699432834458,158,83
159,7,432.2551395070288,613.5742581880348,454307.90149713395,3.3166007117386402,0.30143912462711264,11609.848944184863,1000069.5,0.0,159,7
159,83,679.6087682412913,923.5907343129093,431160.7651646654,3.2399288588538786,0.20336957684898002,11247.041164679087,898539.0,0.0,159,83
160,7,431.5315680532246,614.0089091885042,519572.1735352683,3.3876287946339914,0.3380849177760971,11609.73036608293,1144526.5,0.0,160,7
160,83,679.6184918149768,923.0241110518143,433674.86468747753,3.076209253017374,0.12878148426058728,11977.126896655174,942720.0,0.0,160,83
161,7,432.1942897060604,613.8689690343402,485449.7581520514,3.309271183753742,0.31473024508395564,12176.482329314826,1028591.0,0.0,161,7
161,83,679.6040515723658,922.9058932472074,441572.433896417,3.0826697219937444,0.14505450772426987,11686.62384480216,888633.0,0.0,161,83
162,7,432.2466899521985,611.6322434419715,443680.41197284695,3.3990234367957277,0.32994598756743726,10346.555356127928,967703.5,0.0,162,7
162,83,678.671966443334,922.5677352788337,418891.7897654571,3.2605022290426007,0.21121502975289352,9987.299961817931,877106.5,0.0,162,83
163,7,431.46856294092544,613.8047167906903,450927.14480219304,3.4544437784080113,0.38444388005023367,10248.344200049842,960500.5,0.0,163,7
163,83,677.6808244474032,923.2175908975013,451132.111686194,3.234277080840549,0.23094402827559807,11614.79009338982,911425.0,0.0,163,83
164,7,431.0741638067944,612.940653302394,462126.22070377145,3.3696765691818498,0.3418594961529773,10775.978860390374,978866.5,0.0,164,7
164,83,678.239901231539,923.6855730162216,448019.4847410786,3.1816254532520545,0.17421249645440087,11494.377451083066,964268.5,0.0,164,83
165,7,431.34803389538604,610.5565040374664,450656.08766571607,3.4449969845944475,0.35075042208189333,9925.44709597142,1004780.5,0.0,165,7
165,83,678.5044868007634,923.7718198541618,473634.1775180335,2.9716376147490973,0.06972526787155899,13324.572813769853,968631.5,0.0,165,83
166,7,431.0203623740143,611.7954058385602,458425.6816944737,3.2701002620765864,0.30088437458025924,11747.375315597583,980071.5,1.0316668716176802e-05,166,7
166,83,678.7045994325001,923.0385303590822,467670.6575345594,3.0019068454367703,0.042913025868501,12998.575053353537,1040417.0,9.718223541174055e-06,166,83
167,7,430.75344179689955,609.647195900359,451184.2421584889,3.503351518774313,0.3653634801512195,9512.30239041862,1032977.0,0.0002089165257110167,167,7
167,83,678.736326943748,922.538841786887,475478.25186063716,3.047432548111727,0.0971249052531159,12318.089426441376,966933.5,0.00022318781366732635,167,83
168,7,430.29155214712745,611.0571660088203,466130.251682025,3.4749674341674828,0.3281604537010374,9959.122887772015,1008929.0,0.00024907389188655934,168,7
168,83,678.3401257728691,922.4878577553106,459707.33909498365,3.147374376064646,0.15875186600683916,11763.311816716221,991570.5,0.0002534347863277998,168,83
169,7,431.2248161384358,610.1875660379477,446248.9843428951,3.465165819752945,0.37004622066892273,10587.503956836883,1019214.5,0.00014068478150729518,169,7
169,83,678.0439052050281,922.3098106176706,440669.08360888646,3.077858717633785,0.12716234460101844,11660.56179030008,924187.0,0.00015515229841971896,169,83
170,7,430.5749270805459,607.8235691975739,422586.64613783755,3.4427284671271257,0.37456449466571273,9394.076190629246,902827.5,0.0,170,7
170,83,677.0172929098278,923.0975033166728,407027.7074471078,3.350646228394503,0.19655349305031974,9981.205952543574,875607.5,0.0,170,83
171,7,429.2062804623799,607.6668670253864,429030.2910922329,3.491325825913324,0.34375478096917994,9018.654767704596,972879.0,0.0,171,7
171,83,677.3667021335431,923.5444826657612,410921.40493168327,3.3453855159204955,0.22436561129359525,9090.23139284511,851364.0,0.0,171,83
172,7,429.2879229274028,609.3730909921568,446282.0205835946,3.4906730818957166,0.3419812532119292,10045.16699405253,957709.0,0.0,172,7
172,83,677.0092245790514,923.7371879472004,426919.5972472325,3.289705972863576,0.19664524685330367,9826.793798529648,870268.5,0.0,172,83
173,7,429.4816607890259,608.181319172381,475732.9171153387,3.361956202317948,0.3135576421885815,11129.100597867562,1024689.5,0.0,173,7
173,83,677.4751710980212,923.7253119145405,438226.40276278503,3.2179001330822503,0.1980853421152099,10984.566823869283,938422.0,0.0,173,83
174,7,428.37023192411107,607.5852706245846,464733.1389646904,3.406073599712925,0.29305137973681644,10358.643441340018,1001348.0,0.0,174,7
174,83,677.5172828670353,924.0134273899987,454818.43738512206,3.1285042171512836,0.1376953876398672,11542.48840606459,931650.0,0.0,174,83
175,7,428.4425661713577,607.7431000898981,457439.7243593734,3.433378373574386,0.3395043066945423,10404.863637040238,1048862.0,0.0001957026754775946,175,7
175,83,677.7671059672068,923.8427240463758,457065.44868897623,3.1448542240305644,0.14784154447866524,11976.82145270819,994087.0,0.0002064874731927283,175,83
176,7,426.5560458538716,605.6274084609962,447917.2626298529,3.37710329254798,0.3117070399633956,10276.823666728442,982364.5,0.004211969555016783,176,7
176,83,676.9482644679864,923.8031545024522,437868.81282238517,3.2174874223428804,0.17655450168789066,11114.194484017426,946661.0,0.00437078237338634,176,83
177,7,427.03242819149733,606.9707321913974,470142.33784307237,3.34871816174735,0.33039849920561776,11182.922992031372,1055854.0,0.0022503691808362573,177,7
177,83,676.2987762393292,923.3348484362909,442797.7932666669,3.228109115597515,0.20768617413783796,10187.183273562825,1008871.5,0.002355163654951508,177,83
178,7,426.0967120797595,604.564923319884,455960.977561202,3.406048970676035,0.26774704851017617,10056.282211876134,1039171.0,0.0,178,7
178,83,675.8801547550753,922.5571391535859,466245.8116415299,3.0793164083094253,0.13882674954731186,12417.984852544014,994631.5,0.0,178,83
179,7,426.2055486146274,605.3722210020019,478882.04426581756,3.4708968006322194,0.293994348339617,9944.83478507289,1089680.5,0.00027354585532827965,179,7
179,83,676.0198282699829,922.8452267820824,477428.56841261464,2.970640937392743,0.11582424536058739,13922.768699102046,1080140.5,0.0002759621710818997,179,83
180,7,426.68516595810917,604.3892715858015,475970.33955222333,3.378412800344735,0.3093063859803668,11524.523176371289,1136825.0,0.0,180,7
180,83,676.2030016278162,922.5948909541506,443957.7751734142,2.950387182496097,0.15846908667726695,13482.938879545494,984630.5,0.0,180,83
181,7,425.7260383861483,604.0654974496209,472518.0050720293,3.3841842004688076,0.30439057879706594,10901.865641081757,1099533.5,0.0,181,7
181,83,676.0645086347535,922.5942820357699,433115.54782640527,3.083606652803258,0.2218486464319456,11680.570329730454,1027237.5,0.0,181,83
182,7,426.2052682677374,604.7205902566242,529773.6638210498,3.132756065028959,0.21118468239124163,13847.308173981197,1250098.5,0.0,182,7
182,83,675.8880747851813,921.1852803549374,446005.0577795482,3.3039733944239127,0.2779811199506845,10423.523185908922,1006467.5,0.0,182,83
183,7,426.52016841902025,603.297216847141,484214.9110616314,3.426647753342662,0.31142161591122364,10310.692150367751,1119502.0,0.0,183,7
183,83,676.2996829745538,920.6408644532105,460802.66272019484,3.232130707416554,0.26678744069292354,11240.980163934766,1056927.5,0.0,183,83
184,7,425.00165543771243,601.7067475855297,425252.60761977173,3.4307173344027384,0.338850972504771,9188.493843212926,1068497.0,0.0,184,7
184,83,676.5188678089404,921.2691633709248,475979.1686715588,2.95909142819353,0.17620790246374424,13820.709747642582,1081470.5,0.0,184,83
185,7,424.7462257221243,603.0490059844782,495794.96249771916,3.403661494149405,0.2729056316519568,11329.795668284081,1147661.0,0.0,185,7
185,83,676.2718387709714,921.1428457595612,448302.9422991585,3.0988559314334876,0.22522232107805787,11795.40370944644,1005246.5,0.0,185,83
186,7,424.83792441051,603.3418763402549,533307.3615264769,3.0487230951391795,0.17041142073080914,14022.239208006184,1258715.0,0.0,186,7
186,83,675.9941223295991,921.1156830651458,416891.9579918762,3.3239163475362297,0.290736049162574,9784.749337454865,970138.5,0.0,186,83
187,7,425.8461153763631,602.0553824468042,497741.4083299224,3.2536427369027288,0.27991967877594076,12192.073688424309,1162060.0,0.00017631237180548793,187,7
187,83,675.8314795984895,919.6630557102895,405919.8533639769,3.4000795052487214,0.32757536149975236,9829.8594112921,941996.5,0.00021750704408835588,187,83
188,7,425.4357344790644,600.1341006809262,464561.77556877024,3.4326685346176666,0.3442358396933799,10584.754812758041,1112022.0,0.0,188,7
188,83,676.1724863366496,919.7902683643496,426425.52661103907,3.2934309392647836,0.2377818898151487,10506.925733252468,1006885.5,0.0,188,83
189,7,425.1800397075676,601.8819307477231,447281.5041661685,3.2800596635398294,0.22935523804114533,10842.262477227028,1131250.0,0.00019872754651844418,189,7
189,83,675.3648516897626,920.1776884161127,430483.6327225773,3.2723431771053266,0.24667307688920717,11147.678321655958,1009362.0,0.00022272848683309407,189,83
190,7,424.710134534531,600.7836159645277,452728.41488586005,3.3631967374308536,0.30418793899781876,10350.268587568351,1142145.5,0.0,190,7
190,83,674.797671367412,920.177724197262,417230.82706331083,3.2580717055514987,0.25815702384743244,10656.943212385191,1029366.0,0.0,190,83
191,7,424.7290867838626,601.577645894577,446036.2534789474,3.4247429731610675,0.30545783662917786,9743.329865889962,1125480.5,0.0,191,7
191,83,674.5415615706621,920.009592503464,392410.7509346217,3.2689350430056647,0.24999996868266064,10040.836121336984,939622.0,0.0,191,83
192,7,424.78046497989794,600.4467960066638,455624.8587463753,3.4134227728857476,0.34025164792470425,10320.867336020738,1156098.5,0.0,192,7
192,83,674.0297866344957,920.1169931790608,420594.17764236336,3.3912574221221683,0.33153627873068986,10245.532537947593,1055285.5,0.0,192,83
193,7,423.72619454571077,599.2773476543953,459033.3780462973,3.510916877860957,0.37221618545728413,9434.260482700947,1212790.5,0.0,193,7
193,83,674.1589537895836,919.9720674012659,403408.9782402925,3.397792713326039,0.33492624090156603,9434.260482700947,992054.0,0.0,193,83
194,7,423.81073352776116,599.9297638981387,446816.82865750947,3.4994315246333505,0.3427145434404027,9305.53164999554,1141010.0,0.0,194,7
194,83,673.6871339347354,917.5064649013257,370935.1356091718,3.448670847429463,0.3872797698254035,8624.639090239769,983699.5,0.0,194,83
195,7,424.4577102292668,600.147599611868,469044.4493094972,3.377595338493712,0.3452845614680149,10901.064883665487,1240769.5,0.0,195,7
195,83,673.608832325494,917.557451853941,395350.2641027997,3.4482824069489517,0.3699459161189434,8735.784872526452,979660.5,0.0,195,83
196,7,425.07035831927055,598.1755618255079,465337.31282703916,3.4578988986276578,0.3716313555917261,10316.611775400399,1173804.5,0.0,196,7
196,83,673.7121203584873,916.3211871302886,395663.85724528576,3.4901887562377194,0.3953242672516282,8500.306885365118,1053760.0,0.0,196,83
197,7,424.4714877788766,599.8427879117598,431948.34503628634,3.469546790295852,0.3620775061941344,9464.56849059788,1187683.5,0.0,197,7
197,83,673.491621695785,917.1489333787862,402680.9870884375,3.4915503552956757,0.39291335137740324,8809.329133556488,1040266.5,0.0,197,83
198,7,424.36102965660393,598.4332688052693,442031.0740836281,3.555655365906325,0.376963892246896,9867.081949192918,1130906.5,0.0,198,7
198,83,674.3820949930927,916.3653343918398,393618.4849516168,3.4749652125069472,0.39059645824207945,9086.233737386285,1015322.0,0.0,198,83
199,7,423.85821169155344,597.3536317962037,431411.04098507756,3.5320131321931494,0.38899007298120114,9449.492925426082,1181753.0,3.4255752049310653e-05,199,7
199,83,673.993639561658,917.5109581793107,393543.5877177451,3.3503098768899635,0.3395111604774416,9518.974491054216,1039660.5,3.8938073528868214e-05,199,83
200,7,423.93792932745276,598.8775293860253,433324.5479965395,3.534071430624691,0.361745626167504,8817.02554236135,1144671.5,0.0,200,7
200,83,673.796928886668,916.9199985530477,405153.0761416776,3.422610179202816,0.39081709734060155,9390.490618287291,1000303.5,0.0,200,83
201,7,423.8314090630408,597.4540418657155,460684.4589041559,3.4986815324273337,0.3767531563251135,9685.781335004056,1201949.0,0.0,201,7
201,83,673.8288972831236,916.7299940876644,388579.19785468123,3.40008254309396,0.3276465603212717,8681.329937299932,1045006.5,0.0,201,83
202,7,424.5776171479704,598.0031261362808,438828.89976241614,3.531635034935046,0.3874477310903475,9545.907423127002,1140839.5,1.2529469427785772e-05,202,7
202,83,673.4318039301858,915.5723216573233,397887.56348100473,3.4643581145579736,0.3675834822217739,8838.80316956204,953801.5,1.4986758952206789e-05,202,83
203,7,423.8416085741344,597.2848910574006,446749.4613460835,3.575629898988871,0.41875984091397295,9078.557106749333,1144072.0,0.0,203,7
203,83,673.6489945132719,914.9371968443065,397978.6080516859,3.4797888082913104,0.364051175978726,8726.675048348197,1024713.5,0.0,203,83
204,7,424.44294809003384,598.8417277975491,442046.7047704009,3.5195842275454376,0.37151832943476,9771.987332965571,1128402.0,0.0,204,7
204,83,674.276837887322,914.9377200228303,408523.35933647736,3.4634541934557346,0.3674080839594595,9093.377101509628,961628.0,0.0,204,83
205,7,424.0935654661016,596.9818951370721,461291.3962780071,3.562809653522225,0.4221424039942315,9798.78463844712,1112011.0,8.190546217352879e-05,205,7
205,83,674.0340274093803,915.665555725864,396102.25958611583,3.3023498476700066,0.3348354814153268,10070.973100626206,1002356.0,9.086675260899174e-05,205,83
206,7,424.7801424368407,597.6857145921629,426056.84199037415,3.4044046399412853,0.3773274932958258,9900.72465716815,1091093.5,0.0,206,7
206,83,673.9593401931379,915.5310387350887,380917.35391525883,3.3727604415220527,0.3704710515577397,8793.406767879607,905453.0,0.0,206,83
207,7,424.1325696042567,595.6053813596263,440837.0176806096,3.525140056383398,0.42140620832183495,10097.532653323186,1058848.0,0.0,207,7
207,83,674.085591723528,915.1329705053462,395796.707555918,3.5121713272595585,0.3870230152135363,8768.90993578066,958390.5,0.0,207,83
208,7,423.7519791685088,595.7439709818387,455424.91942608904,3.4141381488075035,0.3967459253453706,10959.240052364903,1135788.0,0.0,208,7
208,83,673.8442030665806,915.7526234419433,390011.955363536,3.488528040450008,0.399658331494185,8835.887292219204,924312.0,0.0,208,83
209,7,424.70629309978733,594.8782212382121,462597.479710035,3.544542873671636,0.403729590984453,10052.00731964156,1077889.0,4.497770649326372e-05,209,7
209,83,673.6861590709756,915.4485311109382,381429.2301289838,3.412771028852461,0.3506955739022854,9163.054291373937,896867.0,5.405709806192076e-05,209,83
210,7,424.25178749450833,594.7424504948049,453779.5242445108,3.5247155664452245,0.3995945683950207,9536.771682679493,1117509.5,0.0,210,7
210,83,674.7789374644368,914.2561344411583,384104.1550106061,3.5432686379042377,0.3664430312896472,7971.033048209725,903107.5,0.0,210,83
211,7,422.82434303650825,595.3671869747988,428765.9784849427,3.4811141348132413,0.353980905192304,9303.618451614286,977842.0,0.0,211,7
211,83,674.665162858771,914.4056594169364,375778.9640222332,3.400193418096126,0.36137923147491724,9012.88037500134,823147.5,0.0,211,83
212,7,422.6989144413884,593.3357208652458,452865.8825303968,3.5284154628260995,0.36780374300058916,9932.882882470118,1049026.5,0.0,212,7
212,83,675.3073252818242,913.7025385847539,390031.20118499326,3.4348711672872327,0.3315189061942739,8902.806139102846,882115.5,0.0,212,83
213,7,423.97469518943507,592.201199491806,440364.59939042694,3.4624509663363248,0.3986818823457359,9704.803930228132,986511.5,0.00016794026632365488,213,7
213,83,676.25250888599,912.1848742977018,412636.5881612037,3.5004357440007356,0.38450820474245334,9194.024776005599,875229.5,0.00018929622825838635,213,83
214,7,424.50701763637954,592.0436852988231,451794.0392499657,3.4859189033060853,0.3865206044264498,10189.807651477433,1021172.5,3.979158841404374e-05,214,7
214,83,676.3624347981557,911.7961640148018,399605.70006199344,3.359952864688583,0.3392269192056848,9363.607031087371,863236.5,4.707275307984173e-05,214,83
215,7,423.0957485580607,592.7963556610598,437760.1983283991,3.539865133206394,0.37809646844700795,9108.236384574755,976238.5,0.0,215,7
215,83,676.0961021560755,912.2242354515203,396526.011905208,3.315362884230179,0.3247477554503032,9602.481769784239,821226.0,0.0,215,83
216,7,422.2100693824844,590.9364916490061,428473.6745156363,3.5398893725182448,0.41043730000485157,9375.32175739909,941439.0,0.0,216,7
216,83,675.5629890752438,911.3162894426396,363991.4996803952,3.4602682767937196,0.4132554036689877,8516.51365748467,750347.5,0.0,216,83
217,7,422.9753732183516,590.9592026592293,450765.66143492446,3.550811765486271,0.42635381489974883,9753.023095956558,991985.5,0.0,217,7
217,83,676.1628537092552,909.1214326434471,370981.5326499566,3.436286489067467,0.36625177700817646,8139.741080084044,739765.0,0.0,217,83
218,7,422.5217562757191,589.4109024698429,419318.09196753666,3.4504238430438154,0.3591862154186993,9802.046760839989,921159.5,4.473845027518151e-05,218,7
218,83,675.9247851111826,908.9879916878411,375171.4691515397,3.405924119310616,0.3645680879067738,8679.674994331594,807770.0,5.101944174698838e-05,218,83
219,7,422.5149891636389,590.0467427266602,433017.73088728683,3.578585824807496,0.4227725813345748,9696.07132775604,979872.0,0.0005733971987357891,219,7
219,83,675.9685301472292,908.8916919427379,376751.13515197526,3.4376035761350185,0.3466417998857838,8447.33486887837,791759.0,0.0007096554815714383,219,83
220,7,422.07130457296154,589.1842067738756,424767.71177290095,3.5368446509826477,0.3950569879421045,8513.800803866397,942663.5,0.0,220,7
220,83,676.5543696282833,909.0410716901929,391067.2502575965,3.559263960700983,0.35949871376564807,7946.214083608637,846953.0,0.0,220,83
221,7,422.5214883611689,590.7776565029448,424629.5014397694,3.4997579209199823,0.37872002503293906,9476.770159426163,964882.5,0.0,221,7
221,83,676.306730789685,909.6325663898414,372752.9596040958,3.408696090816549,0.3595624632835477,8915.183779608316,775712.5,0.0,221,83
222,7,421.1710781029779,589.1758123632002,425045.9259186523,3.5074636756828492,0.37842508599236707,9046.660129433161,913862.0,0.0,222,7
222,83,677.1288999996178,908.8584914619129,369000.7631655786,3.354332235759792,0.34654598987989255,9487.960623551851,788903.0,0.0,222,83
223,7,421.8323879623382,589.6161180003182,432980.8213315096,3.548747286851527,0.42412611130134037,9372.830226692582,985827.0,0.0002320098290547077,223,7
223,83,677.0236663323151,907.7167474187615,393878.5452295265,3.4755406464180876,0.3847897359470346,8420.902156794116,818628.5,0.0002794033929873905,223,83
224,7,422.8910979296447,588.2990102465526,447788.64782560745,3.5130941949670906,0.4121464026199313,9413.864968358243,946194.0,0.0,224,7
224,83,677.1300249929226,906.914377496519,386561.4630707735,3.479015300232547,0.40740821612422357,8746.74067926199,766160.0,0.0,224,83
225,7,422.1720519244977,588.7442782175391,431430.60361161834,3.4413054571257096,0.3455688794656621,9795.346701575592,986511.5,0.0,225,7
225,83,677.3416846027857,905.3974135499212,388403.63624840113,3.6133147302972484,0.4098471833218483,7981.393608691224,804379.0,0.0,225,83
226,7,420.6927814044742,587.3533805681765,417151.1449702845,3.5467083510472825,0.3510384249761589,8834.570426918446,943711.0,0.0,226,7
226,83,677.9307191083735,904.3024401715113,408515.85056803335,3.470034324236882,0.3621391812398753,9233.122476253113,817719.0,0.0,226,83
227,7,421.34262522815004,588.6522716314632,399897.12601990596,3.466395452901679,0.37144252401142913,9023.319766603006,946255.5,0.0,227,7
227,83,678.072141831765,904.1586720798309,416986.74678998743,3.528478983135117,0.4080931368750435,9023.319766603006,871694.0,0.0,227,83
228,7,421.45828941979494,584.1310895289788,436191.07367439894,3.506530993662825,0.37966054526500526,9580.767939157024,951219.5,0.0,228,7
228,83,678.347244935118,901.88430875486,383097.6513449038,3.3709267162037175,0.37494632658913507,9647.301049845615,841597.0,0.0,228,83
229,7,421.96693061761374,584.8766671230961,398414.54763009574,3.4219337494431885,0.3640500467877982,9897.699683018993,936094.5,0.00010188885021120954,229,7
229,83,678.1646451187795,901.5690271074056,418852.65476775833,3.4575618249293143,0.33936786599528934,9447.804242881766,864799.0,0.00011028989818499906,229,83
230,7,420.93130146388904,582.4871033093467,446551.3668586496,3.522747614181052,0.37048015033291165,9662.437135533639,1005654.0,0.0,230,7
230,83,677.9344638800162,901.2671988874291,411632.05290681595,3.5081457515578265,0.3778171904806607,9050.89048138594,935694.0,0.0,230,83
231,7,421.4450428102327,583.1424277223306,438190.9319854897,3.5611594376107885,0.4143262624257552,9244.534430073621,1123414.5,0.0,231,7
231,83,678.1123719551439,901.0647039137414,402815.18023307464,3.496916809502711,0.3620668366791401,8874.753052870677,933700.0,0.0,231,83
232,7,421.9002229476073,582.3830586561867,452788.1056219047,3.449096600721863,0.36355045876546577,10415.698610226107,1082376.5,0.00043097126285074154,232,7
232,83,677.932903842122,901.9596516059518,395469.0094964466,3.4110966838223695,0.3558276991316224,9302.070456931491,950565.5,0.0004907376736763059,232,83
233,7,420.79477572671385,581.3726551362362,452145.07624885265,3.5199309249125763,0.37982462937475425,9954.994240528145,1183707.5,0.0,233,7
233,83,678.0899431814819,901.1873842039975,388581.09275358845,3.448049123164515,0.34851442172733904,9685.940342135493,954038.0,0.0,233,83
234,7,419.7540684103527,580.2343388079329,447842.98814409855,3.4970174685678197,0.40344420382671997,9918.158170141875,1140112.0,0.00019734283063901748,234,7
234,83,678.7933241647575,900.411928466258,397044.21649061545,3.533279956896006,0.37545510977939656,8900.911178332452,976017.0,0.00023052594372524544,234,83
235,7,420.1645959249654,580.6764377757603,430740.91937259684,3.5068882195227054,0.3963909064247822,9715.449758719455,1130022.5,6.264186352305239e-05,235,7
235,83,678.9114955947621,900.0969272350588,406961.84653657017,3.4880669457973337,0.3522322618683689,8764.28684527839,1023628.0,6.915351623035949e-05,235,83
236,7,419.7869460690191,577.6576020091509,437705.6727637567,3.5,0.3840776245156374,9182.636491547344,1137985.0,0.0,236,7
236,83,679.3949250953033,899.5669389422899,400140.3416619721,3.423945174258524,0.3461318436143179,9252.20191951361,1028531.0,0.0,236,83
237,7,420.13912020110416,579.785129921204,426608.5225419589,3.5467803805695137,0.3916071278900631,9529.653935797876,1188147.5,0.0,237,7
237,83,679.455024771474,899.6860734493624,383203.3834475219,3.4087167899802084,0.38050726935727536,9181.856346900144,1070160.0,0.0,237,83
238,7,419.72844632324393,578.1037528449809,461734.91362628684,3.4749052264033637,0.3815833724988026,9603.644021256003,1280724.5,0.00010586292975878271,238,7
238,83,678.9470176396378,901.0092569502298,380622.12167697353,3.4281781101921442,0.3855466028330019,8843.643415257327,1010702.0,0.00013414896453429228,238,83
239,7,420.6309331734007,576.7569014777176,424533.04425331857,3.472693247837231,0.3712552607819065,9070.344559950421,1227692.5,0.0007685613760925157,239,7
239,83,679.4174282924018,900.5286993238229,395821.65282670857,3.5084077413256174,0.35682881762606644,9070.344559950421,1177774.5,0.0008011401105958244,239,83
240,7,419.90530150490594,578.8706637580058,432381.96549171995,3.480923882067761,0.35618702745949327,9396.710409114135,1273467.5,0.0024879138715878327,240,7
240,83,679.0678579588804,901.2224157666149,395394.913881377,3.5299875927814965,0.35546414331527887,8263.773693121651,1124297.0,0.0028181028762160705,240,83
241,7,420.49790845921825,578.8746790460275,428939.6862270918,3.3903835694696367,0.3834133795327264,10228.767455228342,1253097.0,0.0021809749959891826,241,7
241,83,678.9636304364217,901.118239233508,405540.54498964135,3.4678353428401274,0.34689427695293495,8490.545534732022,1186446.0,0.0023035140208018316,241,83
242,7,421.1460129544831,578.9770346417648,437058.17338759964,3.4778208831448025,0.37284637932122006,10008.45983947946,1276261.0,8.562922864385251e-06,242,7
242,83,679.146652534602,900.6225630497495,388739.18515594053,3.475967914290417,0.3625773162109619,8947.960783640576,1107420.0,9.868588885726277e-06,242,83
243,7,420.67169373857917,576.5524329626461,448805.20263390755,3.407963630640337,0.3587101968443809,10676.649991004393,1250521.5,0.0004839776964655731,243,7
243,83,678.9168046556982,901.0516811674755,404683.6249602388,3.461347737911686,0.370154931492972,8747.13493238914,1164314.0,0.0005198165767335137,243,83
244,7,419.6048611205903,575.8565433706468,450973.36048253113,3.5597454243242956,0.39019453201256,9598.248830881203,1327928.0,0.0006866752296351689,244,7
244,83,679.0141731901559,901.5481242272392,414601.04912340234,3.4446765224977973,0.3724906251666809,9742.583399766636,1142148.0,0.0007983857855383985,244,83
245,7,420.2736736184554,577.7917609186068,417395.34046095965,3.4955701850245955,0.3889222171582478,9784.797640863859,1216270.0,0.0,245,7
245,83,678.5368513650702,902.9707487579992,396418.3427788337,3.4079862448577276,0.387086310978449,9516.720993168958,1140080.5,0.0,245,83
246,7,419.931272208993,574.6726416936281,457083.7052391875,3.4780240720797946,0.3831780537768029,10644.415053515326,1289330.0,0.0,246,7
246,83,677.8919116050625,903.9433145076844,401287.4903835059,3.331749508144453,0.3387139367413045,10226.987012201,1116177.0,0.0,246,83
247,7,420.2693651030159,575.477517570981,446226.9699468976,3.544942192311679,0.4209725090774503,9586.63814878188,1231360.5,0.0011030297378918305,247,7
247,83,678.6785122977462,903.4928516128118,400914.5867544538,3.3770967389624813,0.34960443641706324,9448.700909231062,1085841.5,0.001250876137874852,247,83
248,7,419.7816910241264,573.7451058721242,427881.6463904852,3.491525936851008,0.40143067764330403,9535.36348184351,1190489.0,2.385288804142708e-05,248,7
248,83,679.5218823000586,903.2761361911091,420409.9063487422,3.4162283462532295,0.32670971976915014,9250.725765967583,1136744.5,2.4980749726351705e-05,248,83
249,7,421.02269852280995,573.5006839131911,450934.800301695,3.5241491536033673,0.4045797798500752,10111.234601989085,1183825.0,0.0,249,7
249,83,678.9401294084507,903.6526661269486,390792.65163012355,3.452222869679112,0.37116323977462146,9126.374088808328,1018221.5,0.0,249,83
250,7,420.2296691634766,573.0036643219217,443713.72134127124,3.5457671693699773,0.4060370457190398,9462.631225470313,1207914.0,6.396012807927049e-05,250,7
250,83,679.4387886688957,903.1789980061411,414939.5978189228,3.4463891989594435,0.3479254751696704,9205.144661511938,1116781.5,6.918000610375036e-05,250,83
251,7,418.6751230353407,567.5753543468061,418666.04757461994,3.507643534511638,0.3610022612719756,9105.647494681692,1113921.0,0.0,251,7
251,83,681.7956332125971,903.1053113904264,402715.0196938655,3.4639858839170965,0.3417662717186558,8395.27783197603,1034477.0,0.0,251,83
252,7,419.39870110560497,566.9376136232108,446286.9655334931,3.543462490372333,0.3814034469502995,9658.086285093497,1219722.5,0.0,252,7
252,83,682.2507501434552,903.5072291467352,416131.5018807551,3.4904396776666435,0.3650371203083057,9310.67310937071,1064149.0,0.0,252,83
253,7,418.75374204247436,564.7234504504581,429128.18139372766,3.5331933972996845,0.3714096719680245,9582.81350463581,1137706.5,0.0,253,7
253,83,682.491821847092,903.1987153241338,421084.2138533399,3.430491571954254,0.31732719384128927,9372.970873147433,1084622.0,0.0,253,83
254,7,418.3537993494036,564.583119611797,427940.2005097397,3.55163630024106,0.4193513531094227,9688.3996425985,1097648.5,0.0,254,7
254,83,682.1137228457465,903.2435027910503,411146.97446256893,3.4097853907894344,0.38864903330477935,9760.165565877009,1020467.0,0.0,254,83
255,7,417.4230918314856,565.1400988724347,442142.93731672113,3.5657357056640686,0.3741639730968973,8679.314635840892,1182018.0,0.0028036610674846696,255,7
255,83,681.8789310640441,902.8576047107684,401328.6395663619,3.4774390955259085,0.37441472371274304,8966.234127934806,1035483.0,0.003200371984917262,255,83
256,7,417.0938908246525,565.9139114366639,427977.3300148107,3.411562160419136,0.3168740392247001,9997.167439069439,1137785.0,0.0,256,7
256,83,681.9276036240187,900.6405826635602,380385.18079783226,3.4648495358566764,0.3824878867083552,9152.336387880472,976713.0,0.0,256,83
257,7,418.342408203588,566.1434100248538,430866.51151692885,3.4268225181206535,0.3681328655698475,9669.144483959542,1153491.5,0.0,257,7
257,83,682.9490867774173,900.0227472568225,403274.0748188004,3.434999311921981,0.35891760045439797,9197.478899376149,1074494.5,0.0,257,83
258,7,418.4223848860532,565.2754137146071,425852.89358987164,3.5092976902277426,0.42075577305317563,9624.539081133322,1103038.5,0.0,258,7
258,83,683.1247176842737,900.8177577216422,421699.8390548621,3.4221048988025817,0.35230025655462077,9163.088577243368,1001275.0,0.0,258,83
259,7,416.8019511706846,565.0796072130852,385042.29948846577,3.5354325271629587,0.3479205473592086,8556.495544188128,1039652.0,0.0,259,7
259,83,682.1681531635088,900.636271720869,408986.6862129277,3.4367921683309564,0.3584862929728615,9177.531511105008,1031352.0,0.0,259,83
260,7,417.10090788913686,565.1091743214203,413584.3525359242,3.462758199040911,0.32979483539532983,9399.644375816459,1052440.0,0.0,260,7
260,83,681.9200467026735,901.1609543116995,402112.34562055767,3.4299811726651077,0.364559150527588,9325.631427975384,901311.5,0.0,260,83
261,7,417.07990944407715,563.6171266285307,415637.8780757938,3.5031564964717328,0.37522666038399927,8806.474894165134,969006.5,0.0,261,7
261,83,681.526912737578,901.0851362154348,388039.6339192763,3.4428085431462123,0.37186211902246535,8945.159538167734,877845.0,0.0,261,83
262,7,417.2346073761607,563.1288829764997,408219.3392901848,3.5123349975010196,0.3819263738544263,9065.042634667427,960052.0,0.0,262,7
262,83,681.044267224667,898.3858683519712,369181.1718150847,3.4431450048977714,0.4038107852208562,9065.042634667427,735854.0,0.0,262,83
263,7,415.56667252240686,563.6799655881192,408629.2271718073,3.493566429170934,0.3426354574446001,8735.54167350657,868130.0,0.00015138483398913138,263,7
263,83,681.1583433292578,898.4468305165377,398176.4422633379,3.435129183456088,0.41361930316913187,9482.16916696867,803084.0,0.00016364814075266472,263,83
264,7,414.24836549388687,563.086064826883,398749.7421576526,3.6165095327454626,0.35525472079975595,8061.2312707000765,905055.5,0.003642342106154827,264,7
264,83,681.9248708072162,896.8610534631996,401811.7602372209,3.477007347319329,0.3767970014540827,8811.113249369851,786311.0,0.00419232863583921,264,83
265,7,414.65535669948406,562.7350268334362,406508.80200245633,3.572765414148427,0.3732190505959393,8391.096259505275,828654.5,0.0,265,7
265,83,681.978295998886,897.6109188597334,402895.1182118665,3.4439215911244725,0.37318922914350494,9554.824937830825,775042.5,0.0,265,83
266,7,413.7604789661566,561.9263907171506,392679.5443670001,3.5601403920121886,0.3836872589467006,8404.905679461312,839515.5,0.0003622705906890687,266,7
266,83,681.6264563257118,898.0741360384059,395500.7714482179,3.3438902525505663,0.34588347037953254,9815.519220070202,736792.0,0.0004127880091960578,266,83
267,7,415.66135251632124,563.3595212443179,377662.0034803008,3.5899772294454055,0.3720112391949298,8152.703567193794,762491.5,7.921789811492195e-07,267,7
267,83,681.3861732100308,896.8810497569575,407874.9637587248,3.3839629391332577,0.37476513686575347,10250.82580875102,717496.5,8.418652302327466e-07,267,83
268,7,413.8342764702859,562.1581063641842,379365.4549901987,3.4808342395765903,0.3200447629474631,8640.644853355936,809346.5,0.0,268,7
268,83,681.1472480083926,896.7814359838159,397175.76376956503,3.500227270153477,0.3848324979687909,8699.424750317541,747708.5,0.0,268,83
269,7,415.84840857897433,563.21415451049,367729.50971488457,3.5530608413560443,0.38855468892634315,8139.674974053139,744961.5,0.0,269,7
269,83,681.3657686017265,896.0709859689885,387290.9866686574,3.4371105326362903,0.38012037363549,9124.313075753114,694990.5,0.0,269,83
270,7,415.25927088259806,561.443822415407,414946.8942316987,3.500826645729656,0.35540211694765644,8829.926721249663,834209.0,0.0,270,7
270,83,681.4220806480286,894.7503803042944,386846.249057992,3.447969657105941,0.39234058878212563,8770.265054214193,726407.5,0.0,270,83
271,7,413.76622042840927,560.2413644904013,391529.71436857205,3.477432013829698,0.3562698846281327,8531.298250332047,780076.0,0.0,271,7
271,83,682.315749070981,894.6849721807858,385728.43155834626,3.3831987258217113,0.3931726113841711,9611.929362040773,693492.5,0.0,271,83
272,7,414.786897491018,562.3822571181148,371140.4449022692,3.4870246141002013,0.35421001685686043,8532.58107858022,783199.0,0.00028916281557660916,272,7
272,83,683.1094324821872,893.9812213767108,400011.694086396,3.468301008597088,0.382468472545931,8800.901238284003,743302.0,0.00030468640572138203,272,83
273,7,413.46360437596934,560.0089378227248,404868.0767192143,3.4797720417630065,0.34930889098236306,8776.375878682342,820478.0,0.0,273,7
273,83,682.6867410850041,895.2981336149869,381772.35072268185,3.3372406017001253,0.3305419721356534,9411.508343586984,696849.5,0.0,273,83
274,7,413.9996941563128,559.319866236753,402200.64439981215,3.5043656445105014,0.36774611199618523,8811.02380653991,809028.0,0.0,274,7
274,83,682.7168657688792,894.574907049013,393672.0252024562,3.386211385402336,0.32914434092921074,9432.313946744645,760741.5,0.0,274,83
275,7,413.4071805532849,559.3005693300943,398603.1071082911,3.4854193647462495,0.35549239006082844,8341.962313157132,835623.5,0.0,275,7
275,83,682.4259217774145,893.3885339418797,379229.99726260384,3.4387129487425225,0.38358792889208476,8671.250299202808,719278.5,0.0,275,83
276,7,411.8575760727227,558.988188278215,390182.20842752734,3.430157153120839,0.3364772133221272,9141.937227818124,809873.5,0.0,276,7
276,83,683.28994720736,891.7367824299424,406140.0278488667,3.463601741997919,0.3683215755604029,9736.974562173149,804667.0,0.0,276,83
277,7,411.944030415041,558.4456880844396,378319.28400282806,3.50829632749714,0.33867889163167364,8168.522480011709,846452.5,0.0,277,7
277,83,684.2557635526465,891.2570115443207,399674.1356291444,3.4705013415994808,0.40121601537276147,8927.02813886994,775800.0,0.0,277,83
278,7,412.92318972329326,560.4079007444058,397016.9245778366,3.5055352657338674,0.3594951175988735,8347.195156119928,829404.0,0.0,278,7
278,83,685.0105139905124,890.2433154318742,399780.8964838365,3.449501374766109,0.3637489149700889,8789.430661079923,775226.0,0.0,278,83
279,7,412.53265040692224,559.4727750484755,406103.5889711038,3.4825089881375777,0.3551611290124442,9078.32166105299,944687.5,0.0,279,7
279,83,684.5866830927694,891.581085437725,392788.7172015594,3.4180252726176112,0.36568563915661223,9199.365949867031,806525.5,0.0,279,83
280,7,412.0379421439894,558.8074312981275,406234.71158633195,3.604610983030353,0.40682419633689776,8142.655972843205,886293.0,0.0,280,7
280,83,684.1079957004054,890.9603156640134,391086.976578028,3.5329348853124833,0.39316177297262994,8501.890795174522,790457.0,0.0,280,83
281,7,412.50225757334545,557.2544697513331,412933.8147697388,3.5527353458981383,0.36114239946047905,8307.333534669267,985784.5,0.0,281,7
281,83,684.7607459109007,889.8310222716719,389732.6189693411,3.4564895979949806,0.38205514386592504,9019.390694783777,828061.5,0.0,281,83
282,7,411.4537266746207,557.8696250073735,413529.9365395614,3.514446798984916,0.3855906386134231,9152.458227977486,916957.5,0.002950352963264769,282,7
282,83,686.1692386170444,888.2745160857672,400866.15785934095,3.5041822882774394,0.364305434728158,8576.831924331103,828654.5,0.003264725998122387,282,83
283,7,411.41640273898236,556.4237265274149,420831.4532989174,3.487097833602499,0.4053333031993919,8885.957824304278,970228.0,0.0,283,7
283,83,686.318027317288,888.2554705264013,411257.1466290684,3.5158323762128214,0.3979673054646295,8948.534992081068,913069.5,0.0,283,83
284,7,411.7593186797356,557.918386260066,421868.5030290115,3.482989676415251,0.3694596431507486,9256.915660379129,936559.5,0.0,284,7
284,83,686.3693112842345,887.9121777169826,380952.93581013574,3.5366677524912373,0.39835800062803606,8454.649636479604,811584.5,0.0,284,83
285,7,410.64279266094644,555.4835413044082,409651.239413183,3.529225702940081,0.3885709953947816,9230.047806526323,943528.0,0.0,285,7
285,83,687.329700830767,886.0886633036581,372731.0481870777,3.49002323768238,0.3673915824015778,8619.235819329728,828039.0,0.0,285,83
286,7,411.4303346523136,555.3553518244445,443356.08109396463,3.4819621949243476,0.39096301862144706,9518.455965826568,1010103.0,0.0,286,7
286,83,687.4668387508698,886.1512847735415,399503.1946799779,3.435836050645646,0.33309908058918736,8838.566253981813,822641.0,0.0,286,83
287,7,410.5662065572902,556.0364145104603,425688.6792088494,3.555251428800644,0.3958740409322854,9415.458355119852,998575.5,0.0,287,7
287,83,688.1604960814246,885.5719463488177,386858.50424065435,3.520919387676701,0.38989771891191255,8453.294727589357,842084.5,0.0,287,83
288,7,409.81540018734563,555.3221942854149,435087.07944121683,3.4685645018587254,0.39885007749863494,9892.611678185676,981463.0,0.0,288,7
288,83,688.0955054336714,885.4204378323535,378423.7024237609,3.5026934894457944,0.361787431439166,9329.108481326997,785601.5,0.0,288,83
289,7,410.9618922410346,552.9665500790658,397087.446494932,3.449823187941001,0.4106697676704341,9190.871986205684,906032.5,0.0,289,7
289,83,687.4819430898739,886.329457175197,383858.161060242,3.462294633393254,0.348559783233659,8842.732895819106,811674.0,0.0,289,83
290,7,410.99374617954544,554.2484851494198,425045.5772138454,3.47859259436457,0.36038050544082834,9054.772831332113,938594.5,0.0,290,7
290,83,686.919660552634,887.0543314408208,396559.3940729393,3.461430340191754,0.35005862342834504,8592.120204913685,811407.5,0.0,290,83
291,7,409.63464166316714,553.6607206858679,407983.6841428108,3.525427317489021,0.422430694350743,9599.616097477901,823191.0,0.0,291,7
291,83,687.468106942605,886.9951396521243,395857.8532828387,3.510968318317211,0.38445512354499617,8841.751668729647,781271.5,0.0,291,83
292,7,409.89657800618653,551.6479579940199,419592.0275918795,3.523495307177097,0.3809172574022825,8976.223664919227,892278.5,9.815012699778203e-05,292,7
292,83,687.394488831237,886.494561659952,393591.93145901,3.5164423025897342,0.3720672467832436,8976.223664919227,755348.0,0.00011594571346307324,292,83
293,7,409.7508716031905,552.1420022361283,411657.27423008217,3.424352563068014,0.40724606759073884,10040.421322684932,813597.0,0.00026471968969696134,293,7
293,83,687.1096944881948,887.1359074002587,382073.88997574267,3.5185815437598706,0.3704547716074762,8127.960118363992,678238.5,0.00031756112698185293,293,83
294,7,410.0304877877627,550.8735571184895,413518.8034856156,3.471274142562853,0.3747585041929272,9344.725661485629,835050.5,4.0022301178746714e-05,294,7
294,83,687.8271346655538,886.5851501773005,404879.3401382044,3.4866145968654245,0.3093625843068065,8698.235206917441,750614.0,4.4525097315269556e-05,294,83
295,7,409.8490664493028,550.0028396477765,433233.2759201627,3.5100316227506556,0.3877355891736032,9277.930119189388,812998.0,0.00011915531924917033,295,7
295,83,688.4745102711854,885.8007774234977,376841.8850538839,3.5312222098153803,0.39339580038449024,8488.319045215823,612160.5,0.00015825539942262027,295,83
296,7,410.02676142082885,551.0091479128453,416290.66360029904,3.440315139920286,0.39345385920671255,10206.286630670638,826475.5,0.0,296,7
296,83,688.6489827624681,885.9252095235228,368824.44016039924,3.4472632561995598,0.34464821385518407,8458.634810350324,643388.5,0.0,296,83
297,7,411.07114020751715,548.6036994156568,429534.917940064,3.5156183524934455,0.38732861186199496,9392.1629287186,808053.5,6.807318179777319e-05,297,7
297,83,688.0376236301748,886.4900252711595,397253.7060961719,3.4290149617208994,0.2937110806149604,8974.733465219997,651382.0,8.444919327554977e-05,297,83
298,7,411.42914196275956,548.7117530947521,426152.71068611025,3.5404106879029293,0.4311781949970916,9436.386191045272,785761.0,0.0,298,7
298,83,687.465617221091,886.3798260316685,374906.93458291545,3.4740051967856598,0.3443938289450189,8954.235071794785,631768.0,0.0,298,83
299,7,410.139333082588,548.6285973941207,436603.7218136499,3.3989535706587803,0.3862228871067731,10216.181949157342,805507.5,0.00027191521536312096,299,7
299,83,687.2532024413501,885.4064720429225,364745.3068874824,3.432599648695001,0.33567533808880323,8559.503795239934,574944.0,0.00038098261750704336,299,83
300,7,409.8179172839118,546.7133582358327,404825.43510664656,3.5023883265111904,0.4029405332275025,8771.797906008162,791712.5,0.0,300,7
300,83,687.9281950826012,884.6869663152031,380877.0344743703,3.4662379227676627,0.297691669976815,8702.180462309685,657469.0,0.0,300,83
301,7,410.573215814012,548.9955690321802,424616.0274500136,3.466679742591989,0.38541755691229745,9735.81973122264,802610.0,0.00010308721049443065,301,7
301,83,687.9415732942185,885.0240481802566,358949.6019525257,3.4938618614751653,0.3561627148206217,7922.942953684631,619619.0,0.00013353759872475205,301,83
302,7,410.2885346719925,546.7494993014191,418067.8256541288,3.430609585132628,0.378430116523906,9761.648103035213,815685.0,0.004023135846382261,302,7
302,83,690.348702924776,884.566262206328,376463.00822188216,3.3582047796281014,0.32752765893246977,9021.109281425646,652266.5,0.005030786008690222,302,83
303,7,409.8823857708838,547.8728040770692,435612.0915742523,3.48738881105475,0.3847325298614973,9897.150707903491,879010.5,0.0005768910800773126,303,7
303,83,689.6379628274482,884.4485648895464,382346.1763060217,3.4515729896414213,0.31286587536444976,8591.276656166225,687612.5,0.0007374881265831311,303,83
304,7,410.15809251980437,545.7639499919095,431992.5017479247,3.4662861347401055,0.38631354382396244,9537.762221212657,859090.5,0.0,304,7
304,83,689.1600793962647,884.1595845545208,369656.4129449991,3.4118621804695226,0.35723393044580504,8856.493491126039,666140.5,0.0,304,83
305,7,410.3566470623428,545.5897155555563,432634.17326915124,3.5239465687163127,0.3656766548360212,9493.102220813904,934680.5,0.0,305,7
305,83,689.9976086019752,883.379105924939,369951.77772289474,3.465871340794894,0.3534192221482691,8027.255554364698,709308.5,0.0,305,83
306,7,409.82809482907714,546.881490669062,441277.7734978187,3.393054163055468,0.36922237875877567,10152.932095610715,879861.0,0.0,306,7
306,83,689.7087676575572,883.3665753522628,363052.49802291195,3.452813623977107,0.3511349992732518,8381.279515168577,665112.5,0.0,306,83
307,7,405.53435351354943,524.9821750809456,411578.8231853843,3.5197440433703586,0.34765937371727684,9077.813296425298,957505.5,0.0,307,7
307,83,692.2319956887259,885.5191137416533,370651.7327303143,3.463022959774492,0.30871212294246286,8077.715221395392,772313.0,0.0,307,83
308,7,405.3424171749994,524.4775704044912,451501.6675822209,3.508966826491103,0.33822252677971587,10218.526599179791,1030363.5,0.0,308,7
308,83,692.0637810279261,886.0182951514716,371325.535804041,3.5032040493448733,0.33463989484914924,8017.61317781799,792973.5,0.0,308,83
308,227,206.94873431316032,1278.0514000418161,494340.8752480131,3.2875157155851635,0.26337904390665423,11554.795462149455,1197615.0,0.0,308,227
309,7,403.81396270082575,523.0870517652212,428093.2863185201,3.440842626533176,0.30476970608409565,9297.51088594233,1020851.5,0.003621994554816588,309,7
309,83,691.5697371652343,886.2247564265487,368719.7080293445,3.5057067893507297,0.3243076848633789,8074.154190423602,831525.5,0.004446549549875917,309,83
309,227,204.82820944824454,1274.5629324090792,525146.2508296724,3.393419721524228,0.33476845825567497,12152.009842152695,1157819.0,0.0031935649151409212,309,227
310,7,405.40902292750627,523.4961845068216,448589.26615777076,3.588698173259292,0.3320712053335296,9530.467925696228,1055675.5,0.004287863890477582,310,7
310,83,691.4619827864973,886.2456614241974,380068.4881402651,3.4057312901059,0.31374498743494644,8544.557450624205,814377.5,0.005557813440915167,310,83
310,227,202.075843832042,1270.480473695248,516288.4521127164,3.419507262347919,0.29037987751292543,11584.448082096278,1205555.5,0.0037549289550161493,310,227
311,7,403.4512365053479,523.1667432196741,440529.53284972376,3.473167253194834,0.32870211113559755,9073.061360641608,1067145.5,1.6844075003207556e-05,311,7
311,83,692.253649083746,886.2941666625154,365757.7861008648,3.554324491568282,0.3616586610170834,7614.890784824206,838669.5,2.1433475985322893e-05,311,83
311,227,199.84066716659137,1267.0857091116686,525265.4452000016,3.4070453549352786,0.32991139511613876,11746.37408297351,1182630.0,1.5199082649128972e-05,311,227
312,7,402.8358499908532,521.5945605975186,425006.85736871493,3.4719753504332362,0.3229800396414054,9450.123218262825,1041192.5,0.0,312,7
312,83,691.6379341420212,886.3037168884874,392926.17591724376,3.4778685455682714,0.32331523042006993,9118.539947446585,826435.5,0.0,312,83
312,227,197.8506430305399,1262.5920947754516,504006.571640684,3.4233620747354263,0.2889289729263339,11936.99774938462,1231835.0,0.0,312,227
313,7,403.3372877644509,519.8313921193173,428578.32836871006,3.4689449888681367,0.3530542532896001,10121.407016825626,1088902.5,0.0,313,7
313,83,691.5569802412448,886.5284009850689,386511.23045502853,3.427439339438689,0.3190231499696919,9409.745585955074,902883.5,0.0,313,83
313,227,194.6653319009091,1258.8976681366116,506623.8652875139,3.394281771385771,0.2875845687483221,11544.729878566728,1207070.0,0.0,313,227
314,7,403.6767564860513,521.5118998296596,443035.41865311645,3.5410429143017756,0.36043198432596124,9450.553248209178,1074847.0,0.0,314,7
314,83,691.8576290095174,886.669544344107,374763.3184634674,3.4957116585897072,0.3220790344460462,7902.617802381813,808921.5,0.0,314,83
314,227,190.89290784111836,1253.6772566515017,531267.7390652763,3.4653187860887265,0.3092423556776166,11079.958980659036,1325808.5,0.0,314,227
315,7,402.09626879375634,521.727975791504,449879.9564762018,3.6500698199199846,0.3625205189147309,8804.41488068569,1154324.5,0.0,315,7
315,83,691.9729068396327,886.5901939201748,366537.19425611885,3.4874174146322945,0.3260279827752825,7949.617319454071,860421.5,0.0,315,83
315,227,188.56167518149394,1249.761203839967,516639.6460083914,3.3624527778083957,0.31599752253948377,11881.686101119525,1228730.0,0.0,315,227
316,7,402.5114974410268,521.2234763329901,442385.8128534239,3.5848090877914762,0.35252868958513284,8471.391002901139,1083352.5,0.0,316,7
316,83,691.623478477832,887.3447806954906,359056.649430656,3.479424874769558,0.3413690509786768,8471.391002901139,834715.5,0.0,316,83
316,227,186.1415181814446,1245.561221476482,511948.9658964775,3.4239318724216585,0.3038068484667984,11566.706946268863,1298691.0,0.0,316,227
317,7,402.49504230753183,520.2410143139706,441626.3446792565,3.500046184805201,0.32653473623896506,9708.76316586579,1131585.0,0.00021252904014650015,317,7
317,83,691.7988677571234,887.3006385765701,369259.3452832652,3.541153797355706,0.3484349236306976,8158.624509130916,860073.5,0.00027963100107740067,317,83
317,227,183.84459075926483,1241.4595607442168,509098.16936976917,3.4381671846702844,0.30966433094061924,11422.074312783283,1239606.0,0.00019400706082805323,317,227
318,7,400.85462486315004,520.8364690603405,422797.3354479851,3.569696614681709,0.36495525450861765,8482.901723782938,1043446.5,0.0,318,7
318,83,692.6184470925145,887.1602102333281,387042.3010795168,3.501535918626362,0.35152557875963786,8403.62226842048,912621.5,0.0,318,83
318,227,182.0103036504513,1236.159314659411,522293.0519278691,3.370917441271928,0.30239740114596536,11971.197759731062,1305506.5,0.0,318,227
319,7,401.50107599788595,520.6072429491501,437362.06851215195,3.5172669397437226,0.35970121850680425,9712.305363505666,1104008.0,0.004394226535478904,319,7
319,83,692.5921674455491,887.0386732022831,371457.13925979205,3.5059312977253563,0.35175094852985106,8478.996745917644,886043.5,0.005474715873757917,319,83
319,227,181.27161272245644,1233.6243452081467,498179.5997169612,3.44308962433821,0.32814604719417195,11176.85934689144,1227817.5,0.003951267525377663,319,227
320,7,399.37190666880196,519.568704531819,411658.16679001274,3.48247322466075,0.3599130699207601,9320.85295314213,1053316.5,0.0,320,7
320,83,692.1096676674449,887.6163095114133,365747.18860759365,3.4731792184885193,0.3157303717872716,8165.375314322858,872722.5,0.0,320,83
320,227,179.6252011487257,1229.067425320645,518886.4916724412,3.5026288057784374,0.32805544846394774,10630.394277137304,1294509.0,0.0,320,227
321,7,399.369094353739,518.5626590876184,421714.97830004606,3.5209926573050065,0.35453878596839467,9337.3772459032,1093857.0,0.0004139329043166813,321,7
321,83,692.2539438869511,887.4649062048642,374610.00055205676,3.536165194913027,0.3157197605225846,7804.375011501183,901335.5,0.0005023609239141511,321,83
321,227,178.63998579263188,1227.0885567843334,501082.68489022326,3.429363497915375,0.3142438442698172,10661.333721068579,1278881.5,0.00035403988091520716,321,227
322,7,399.0790014903063,518.1837494831727,441941.9530630533,3.555327709944737,0.369619664166692,9345.342348871667,1172403.0,0.0,322,7
322,83,692.4720770547157,887.1950825699664,383943.75970707875,3.5323792910677536,0.3520288399753015,8417.941963105777,998072.5,0.0,322,83
322,227,177.64897105588577,1224.2005031650554,516419.3378891756,3.4283259734923357,0.33640868527097373,11699.512558892775,1312131.5,0.0,322,227
323,7,398.4730335242929,517.342423925828,427342.13006651733,3.4502877790329745,0.3131826441260618,9912.763037531358,1125397.0,0.003251134277023766,323,7
323,83,693.1607918090727,886.9518893869347,380693.8334193109,3.5267094428862955,0.3046570777722194,8382.115803794899,952297.5,0.0038420128772380796,323,83
323,227,176.61178936220983,1220.6656658152108,503510.05193578405,3.462952240005702,0.32885785539594864,10933.194526689,1329753.0,0.002751550318802643,323,227
324,7,397.5349331942781,517.6362603567532,397860.42330554174,3.4862945005857835,0.3353888302452898,8937.336352801387,1112413.5,0.0,324,7
324,83,692.514858427714,887.3096518418585,374250.9597735581,3.399473181310269,0.2958503860032405,8713.902943981353,965471.5,0.0,324,83
324,227,176.67244397203407,1219.831575987925,515460.87414782,3.4486762692956727,0.32767906750781683,10873.759229241688,1346526.0,0.0,324,227
325,7,397.8496386914429,517.2063712506975,439714.3818044332,3.545674870492379,0.3645748752784933,9105.641840973567,1162219.0,0.0,325,7
325,83,692.6964952639063,887.2962804618478,385741.4241180173,3.5313450508106707,0.37664821072725846,8885.3440544984,958562.5,0.0,325,83
325,227,175.0476826736286,1215.0210597433959,524822.7599793393,3.3601713295915077,0.3236121653737635,12042.94566064246,1381395.0,0.0,325,227
326,7,398.50169673897807,518.1340008235173,438546.88525567425,3.4297946467142535,0.37436228072143646,10564.088898697612,1216511.0,0.0,326,7
326,83,694.3644518070012,886.89466755082,346488.3962813093,3.5140918903042757,0.341969410020837,8163.159603539064,959718.0,0.0,326,83
326,227,173.81554318117512,1213.611273174114,526352.2994786154,3.4149379380617213,0.3112478027835277,11730.25455634605,1358939.0,0.0,326,227
327,7,396.44249477675874,517.2971874142906,430402.2259287291,3.506207184993646,0.33857617565911136,9480.839443846316,1156380.5,0.0,327,7
327,83,693.0856959157617,886.4719894681559,380558.10679380177,3.51218015136523,0.357065890073887,8086.598349163035,957179.0,0.0,327,83
327,227,173.77342855721173,1212.0841121025278,523328.39488936984,3.395532212127672,0.3055990765904917,11363.064921668747,1420975.0,0.0,327,227
328,7,397.60334033382213,516.9843238609946,448595.51128518226,3.549856853385108,0.32632891430389516,9251.450455287883,1284507.5,0.0,328,7
328,83,693.5304259166403,886.5793922932617,377712.09592632187,3.5525507371588807,0.3397776559279571,7920.306504886749,1053747.0,0.0,328,83
328,227,171.92365731704797,1209.2671774763905,515418.9375953192,3.422926470118035,0.3095117658437742,11115.051985849472,1344548.5,0.0,328,227
329,7,396.6853425245337,517.5332272862906,467187.85062790115,3.516068458358177,0.3287959093325226,10559.574712041715,1242512.5,0.002241695523867263,329,7
329,83,692.3906871179305,886.6620626771368,362545.39844676555,3.4920158586812793,0.34945873783340675,8286.332933754957,939775.5,0.0029637595140206514,329,83
329,227,170.88418274858148,1206.409784016301,540664.8913325247,3.4574195825120073,0.3362539874500091,11806.191171102195,1473530.5,0.0018902675548467028,329,227
330,7,395.9140224604995,516.9460040681064,438984.35500569135,3.595016830939103,0.37505513255804396,9408.907809900953,1265050.5,1.6971422466343074e-05,330,7
330,83,693.3558202141785,885.9029570255061,368785.08189275843,3.5788061275772027,0.3297022056411069,8012.27305686878,1026484.0,2.0916211770914628e-05,330,83
330,227,168.01894811003496,1203.3207954338386,532705.8976433766,3.350320086283917,0.2816915644870573,11908.148946905894,1401894.0,1.531465102048969e-05,330,227
331,7,396.9547050293979,516.2442919598143,450215.4902099001,3.5548093437121175,0.3664126165924771,9239.073138033273,1228501.0,0.0002120938151037212,331,7
331,83,693.1945962616005,886.4702637827191,383648.72555144725,3.545207448756381,0.35959282902368833,7875.9311996349215,1026215.0,0.0002539069790298116,331,83
331,227,165.43203987419122,1198.3972270530585,539274.0968519257,3.4865682042661343,0.32344926507361615,11056.595722564409,1442104.0,0.0001806757287473938,331,227
332,7,395.17867629820313,516.2915553041269,465848.4643676055,3.4498827038040383,0.3232122946669627,9844.950327117524,1304922.0,0.0012899267414827784,332,7
332,83,693.0902181699972,886.3295422884387,368128.21667621675,3.432649473639102,0.31271604407854575,8532.290283501854,1039154.0,0.0016198394754775231,332,83
332,227,163.0094612182281,1195.016303892094,523313.8040547804,3.3800104226287755,0.29394086841851413,12251.49374041292,1401103.0,0.0012013759145693848,332,227
333,7,393.57171180401747,514.9678467048661,407094.24487059796,3.326682427901781,0.2873852993785424,10181.155060220255,1164002.5,0.0011818481973952662,333,7
333,83,695.0306577855209,886.3248394992971,394253.8328916635,3.5055774187886963,0.34077905671748443,8737.55844720395,1078642.0,0.0012753797034245997,333,83
333,227,161.45916212424333,1191.000584764446,518403.14161106566,3.4449460844608937,0.2853676117332674,11624.75167323656,1451328.0,0.0009478660963493177,333,227
334,7,394.5106487337504,516.3959470870444,472221.5755844735,3.42908037247967,0.33132225651300357,10533.693440830126,1284512.0,0.00016527172075750656,334,7
334,83,695.7305573971934,886.629887439679,402699.1988749947,3.481230988029529,0.33546350252252843,9441.310417336632,1068565.5,0.00019867536477455544,334,83
334,227,159.1190396741261,1188.2686251631094,519350.1003123357,3.436429028970895,0.2944384754225018,11626.076464323622,1406063.0,0.00015098309330092202,334,227
335,7,393.43720077418413,514.766730662192,461334.2981855844,3.5278492136550677,0.3654853390128023,9813.966160962964,1274227.5,0.0,335,7
335,83,695.1448352225575,886.4351349653301,394038.5302246955,3.412359661318443,0.29379647860461366,8879.30271706173,1101610.0,0.0,335,83
335,227,158.962002270065,1186.319339935189,547401.2236448231,3.4334886954108272,0.2879149379962852,12072.736150390949,1529347.5,0.0,335,227
336,7,393.55037674638686,516.3694030327749,464479.14109207294,3.4695942617672175,0.32715696036025355,10173.292727417094,1310723.0,0.0,336,7
336,83,695.1719938101129,885.996833801539,368212.4606565142,3.4207372449472166,0.2801716911612817,9034.491302706225,1021684.0,0.0,336,83
336,227,157.73887248970263,1184.5008725591697,547991.24557087,3.3041532426017612,0.27120736512219956,13665.617096530425,1481256.0,0.0,336,227
337,7,392.8434469009542,514.5149296124131,490788.5976772922,3.4697994866004334,0.3302273330657315,10458.55310029383,1370228.5,0.0,337,7
337,83,696.3175346922274,885.6003826046461,362995.76636421285,3.373085779539321,0.28528052195026016,8626.397812651116,1113929.0,0.0,337,83
337,227,159.37163791778164,1185.953586623077,517736.54836637044,3.368654404623345,0.27211878829531944,11832.669566025867,1451635.0,0.0,337,227
338,7,393.06284317579434,515.4716818372624,525748.2545343976,3.3255167954997806,0.28315591357645203,12405.466920831906,1450150.0,0.00011126147981982434,338,7
338,83,697.0178122793926,885.9737163560009,368967.5069459698,3.492123385932155,0.33484702405921984,8524.001810632966,1072959.0,0.00015037904204835866,338,83
338,227,161.88867618540348,1189.4383935199198,529096.969531432,3.468085632112994,0.3055936438609649,11644.39533059682,1507247.5,0.00010704633927550753,338,227
339,7,392.68279420981077,513.6054124458095,517425.65834656265,3.405859945899554,0.3465154015156192,11756.20409934651,1462423.5,0.00015996808251986317,339,7
339,83,699.0716121972241,885.4217690388026,390931.9557971005,3.494157815564474,0.31488781632479895,8244.610667074176,1197137.5,0.00019542049511580133,339,83
339,227,164.0085677026981,1193.0696933173342,516967.6244206141,3.3569624204423643,0.26853385206588076,12748.610938901735,1502620.0,0.0001556884546998675,339,227
340,7,393.49944765075105,513.6930412684484,546579.1810732498,3.3639015918684074,0.3488072690568659,12693.25332541678,1490162.0,0.001316784753737425,340,7
340,83,698.6845526983024,885.3322197674738,401337.5915072687,3.5163028399524983,0.3684204243483387,9077.599347873818,1162552.0,0.0016878822885741543,340,83
340,227,165.97620055431517,1194.7861082329916,538347.7986137371,3.426774526062684,0.30364937207602505,12077.822861154147,1573496.0,0.0012470430674045717,340,227
341,7,392.1960631739696,512.4633483906107,492989.3192034713,3.2965940707846433,0.3136990409329499,12324.732980086783,1449192.0,0.0,341,7
341,83,699.6832651029079,884.59698379856,402394.5287264697,3.643167993796917,0.39881829670264823,8243.165564603498,1258371.5,0.0,341,83
341,227,166.05947207000173,1195.509132816657,506674.57465538586,3.4535983628945113,0.3251785665209609,10964.21050825902,1483553.5,0.0,341,227
342,7,393.0375085952369,510.8476016773627,523300.8661365412,3.4065112132570627,0.33128184651994624,11681.504598612606,1461000.0,0.0022197457277454754,342,7
342,83,699.7470857826443,884.3473341302121,409692.5076872892,3.4582327618682696,0.3322518975257677,8932.915281291993,1235235.5,0.0026255985246734313,342,83
342,227,164.6785974936938,1191.7420218362818,524064.3631691303,3.452622225656933,0.3197477164744939,11834.204005130417,1575395.5,0.0020585150918683666,342,227
343,7,392.8388903399178,512.1475129868221,549387.5114784406,3.2726825022966035,0.25577962537237986,13407.389743229243,1591358.0,8.533069556686866e-06,343,7
343,83,702.3573949166221,884.3037055328804,391416.9135038043,3.4325779196826294,0.2883131058175187,8911.970829322967,1237202.5,1.0975928404475352e-05,343,83
343,227,163.14375244715063,1187.7048314634358,521547.46101161756,3.4791074601382284,0.3233876072073845,11356.847782500065,1496469.5,9.074177578909654e-06,343,227
344,7,391.5969072119381,511.35054774524076,497267.1613584903,3.3681670894664264,0.3469954630652729,11720.361067838507,1448465.0,0.001884028741336048,344,7
344,83,701.8447844284316,883.8733551521752,401113.93601905205,3.5069821058803554,0.3260503243080207,8790.27080087888,1218519.5,0.0022396554000919905,344,83
344,227,162.4979631050133,1186.0524720431476,539907.6855066133,3.3664167995036767,0.3012602385946351,12414.329815276313,1588537.5,0.0017178671482667325,344,227
345,7,391.98819093819765,508.20884881892425,471824.0645430819,3.388571875412813,0.35462837974558714,11110.695713433865,1433048.0,0.0003556553490255299,345,7
345,83,703.2546810229085,883.1894371827195,404551.08501790697,3.485215468561805,0.3270876188202583,8903.776701861383,1251529.0,0.00040724440784576163,345,83
345,227,160.88355993332416,1182.0780412069494,528899.5562216805,3.332875268286654,0.29484150821628796,12176.104891434372,1550855.5,0.0003286363691018978,345,227
346,7,392.9492524594302,509.81667924886415,545019.0546225942,3.3935481375372376,0.370528849096028,12986.683337750195,1534310.5,0.001070490095472122,346,7
346,83,704.1544909313941,882.8178119499657,370036.1460132978,3.5703950842209817,0.3363389084409725,7673.949245034206,1237904.5,0.0013268645387332382,346,83
346,227,160.2209317424268,1180.3145530546494,516600.1436821928,3.3665986229357645,0.31181157604251175,12312.050437087846,1533882.0,0.0010707891951592485,346,227
347,7,391.91431457542467,509.2829533466465,539173.9382488198,3.3141136132885487,0.27850613866360713,12450.2935787899,1587903.5,0.00034239771401016,347,7
347,83,704.6254200841262,882.9265489378621,392311.29154391034,3.4517710905396553,0.30300048951064235,9401.24209010666,1231927.5,0.0004413480394833373,347,83
347,227,157.96091739185758,1176.0821451314346,518338.75307615096,3.3880557210039286,0.29985304315615263,11518.6389572478,1507892.5,0.0003605675780541707,347,227
348,7,391.69699970735286,508.78521652503355,487546.7710239353,3.5654300603981857,0.4199197867319668,10164.59004128944,1481102.5,0.0,348,7
348,83,705.2919889665139,883.0396360928271,394120.9303835619,3.5074329173104095,0.327291516282168,8396.835251499973,1287934.5,0.0,348,83
348,227,156.0265667092549,1172.654123872621,525023.172567472,3.3571372284091057,0.2802744165127585,12020.732570568383,1576671.0,0.0,348,227
349,7,393.6731078269047,507.9710002462169,543330.7553849798,3.5257970791887865,0.37858657166743515,11116.52140280133,1567106.5,0.00010913960266088582,349,7
349,83,705.4403278191447,882.969703992126,425185.4000110214,3.380719792494313,0.2973268723203557,9910.077219551573,1276950.5,0.00013394097475862094,349,83
349,227,154.57242790854687,1169.3243254109964,546691.5641811755,3.37315172874269,0.3084251258234751,12926.187677675965,1594514.0,0.00010726351917052457,349,227
350,7,393.8663332660787,509.01893868056834,551111.4897108515,3.2981002477334704,0.3252747250593557,13719.878663994685,1608808.0,0.0008281373885391805,350,7
350,83,705.4014969381722,882.4448711475975,410260.008101919,3.427866894160641,0.33888216336908844,10067.183695009087,1284907.0,0.0010369255905024967,350,83
350,227,152.62639164828298,1166.9728624544744,559753.2314667442,3.3853989881678666,0.31383555359317766,12828.977452046978,1668247.5,0.0007986276368354396,350,227
351,7,392.2545535180545,508.14412374132684,507268.921362978,3.438686882234037,0.3157354857082648,10970.348645393122,1524975.0,0.0018329182533135483,351,7
351,83,705.9531017811025,881.915756586057,403533.3045721406,3.489872254317793,0.3266522842739561,9039.567283803934,1254405.5,0.0022283686773548386,351,83
351,227,150.5296383113301,1164.706248163288,567649.7203072218,3.3024933890977,0.2629724180846628,13515.469531124327,1659208.5,0.0016846033680924088,351,227
352,7,392.02262904328717,508.0282999741712,477883.94361721823,3.534759377061177,0.406797951545864,9935.585982017532,1514057.0,0.0014309981052505812,352,7
352,83,706.2093600723011,881.7748132097219,399463.7828305799,3.551217836668604,0.346815777754205,8516.216556015028,1316604.5,0.0016456430687609518,352,83
352,227,149.23505988450157,1161.8966255886505,562247.7138752422,3.3727136289787145,0.31047181534724666,13040.456601398011,1682456.5,0.001287748251475683,352,227
353,7,392.7876048353509,508.6083355597915,469839.69925584056,3.3961857363543424,0.3607339930122353,11686.181317174256,1458177.5,0.0015905927413466157,353,7
353,83,708.4506579335796,881.2805317112961,397146.13043247315,3.418622337136209,0.32426242700918245,9385.751924029717,1332226.5,0.0017410082107151307,353,83
353,227,146.63547009191186,1157.4257486250306,571426.6612571034,3.319197078083222,0.27032835629384205,13710.559183141451,1720192.5,0.0013482705124032706,353,227
354,7,392.08506918814294,505.7840358253101,492666.4477051362,3.457582051985084,0.37218890220777384,11116.120209953435,1582028.5,0.0019841203370154123,354,7
354,83,708.2397507580772,881.7515849628953,416187.5406606566,3.453692437521247,0.29701009462989936,9515.39889972014,1400642.5,0.0022411528277839344,354,83
354,227,145.80646294863777,1154.1501347602934,555983.8684210309,3.3962786830815563,0.2869392637798403,12450.054635147846,1709627.0,0.0018359948421894706,354,227
355,7,391.9224417919278,504.16301476557834,484854.64104925416,3.4696286399095606,0.37979422939500385,10946.253516384224,1495721.0,0.0007710542355979814,355,7
355,83,707.5442086211548,882.4846981611815,407219.02787422657,3.4108412178548657,0.2873358288616974,9474.488337710714,1338410.0,0.0008616918014860566,355,83
355,227,144.40326391961042,1151.3698909918494,566905.5497603023,3.3432299405182517,0.292148656346432,13705.813226397055,1726745.5,0.0006678836219234942,355,227
356,7,391.0668240245223,503.9813105562614,479263.9974038457,3.49980017546481,0.3669124097487048,10010.736238200432,1572089.5,0.00046724392802490925,356,7
356,83,707.383154329856,882.3750060164741,379782.3060367289,3.367922833551259,0.28078425023134573,9206.302076202184,1254630.0,0.0005854847831161769,356,83
356,227,143.11490605344713,1146.5879230499345,568824.3341063175,3.25493388482694,0.26618710547961316,14032.907048191677,1660986.0,0.00044223465561169455,356,227
357,7,392.1889707652569,504.6216994086106,508096.40139585716,3.561958010307408,0.405752074223649,10395.367867754436,1518195.5,0.0006627954119054869,357,7
357,83,709.7811289753702,881.0419177177247,402774.9111567662,3.502998489182367,0.3032778756941246,9027.5563062078,1328595.5,0.0007573926725412901,357,83
357,227,141.5284264641929,1142.5231252928195,527154.5758200736,3.4285904769612783,0.33129524383061404,12219.116616483285,1566116.5,0.000642512668551956,357,227
358,7,391.431304008785,504.7785599130643,514088.73268933396,3.349553360511742,0.2990339091852852,12087.317741409763,1558801.0,0.0,358,7
358,83,709.2571057693941,881.354830336361,401431.1540526008,3.4888335499034655,0.3580428296608174,8876.623966347794,1248472.5,0.0,358,83
358,227,138.91626321913066,1137.0590318941286,510028.1493855791,3.3701204036207586,0.3453865589285492,12087.317741409763,1512442.0,0.0,358,227
359,7,390.0442880988267,504.19425842531524,480521.5276785818,3.3811289678044987,0.3422547582123745,11075.85081528646,1483112.0,0.0029011748270677726,359,7
359,83,711.1538999645691,881.2573285726353,402138.58344732376,3.5179456533018936,0.3161360600190343,8614.55063411169,1314649.5,0.003273104125471928,359,83
359,227,137.55203342407023,1133.8596013701886,518861.011269958,3.3998561846442055,0.3186986025642034,11833.17394795562,1564771.0,0.002749717772763192,359,227
360,7,391.53748114487286,504.6397693249995,466300.8268088294,3.5603500593322486,0.36700469492248194,9589.734227430938,1448397.5,0.0005017328201022488,360,7
360,83,712.5307957842451,880.0135991446596,382021.81638698437,3.4671660829666417,0.3489611261690143,8483.226431958137,1239379.5,0.0005863594292697564,360,83
360,227,134.7667465503676,1130.7108627845953,521534.00759951334,3.3733920157098374,0.3202230177270191,12171.585750200806,1497531.0,0.0004852694041537462,360,227
361,7,392.99203146840017,504.4684706391051,482006.1556543937,3.3417333028207783,0.3493097159798665,12282.782344861,1469011.5,0.001351029837233444,361,7
361,83,711.5736163234791,879.7449491830534,417056.29143687116,3.4907923763161675,0.33857402750399684,9025.983995844825,1327843.0,0.001494689028825558,361,83
361,227,132.35900120311186,1125.9169573746888,533649.6723316503,3.3697717746794558,0.2643852434485434,13120.244777465157,1660617.0,0.0011951229410549161,361,227
362,7,391.0912257080706,503.2725130248892,508596.46181080246,3.362174998404705,0.31888587603936946,11523.10638855098,1528537.0,0.0007325626045159867,362,7
362,83,711.436615259844,880.3216023959682,402472.369103341,3.4466612195989903,0.32983400472308533,9478.684287356451,1278319.0,0.0008759730832472573,362,83
362,227,130.05331050902595,1120.7107023511758,498281.42302750284,3.442580635555452,0.35309206837720636,11430.178111223955,1541479.5,0.000726411228177102,362,227
363,7,389.7121089747711,501.28410466724887,470965.03519515257,3.4236214452861247,0.3440273326881538,10545.361964065916,1467423.5,0.0009566422192749719,363,7
363,83,711.2954131067537,880.1199264153933,419430.3097707609,3.4982974183572004,0.3237619551485133,9078.181169065441,1372511.0,0.0010228067550080364,363,83
363,227,128.15428226993168,1117.1714671307755,538363.6529654869,3.281335188607923,0.3198090468145532,13296.325954691807,1640890.0,0.0008554976215762808,363,227
364,7,391.1200599045927,500.7236969646086,467728.1264922988,3.4469087688880946,0.3562890343092018,10372.810943572851,1435710.5,0.00026676497672964113,364,7
364,83,711.3026008273405,879.560030944076,408631.65313487913,3.482506685978567,0.3087925651927344,8564.706283684007,1263768.0,0.000303063764560116,364,83
364,227,126.42073590436084,1113.8828235450476,514263.03063364857,3.4310378496001177,0.29239688177346024,11705.098587701475,1535870.0,0.0002493667283315344,364,227
365,7,392.2145092464868,502.4424663377031,520317.46652337717,3.3488160275780308,0.3531765686766787,12666.72073627395,1568536.0,0.003118215708499144,365,7
365,83,711.8469792430861,879.4667225025271,389329.8272815985,3.4916943425926212,0.29985920033846736,8542.672124463827,1304581.5,0.0037494173880796493,365,83
365,227,125.40283040649255,1111.2877497636825,501366.48123577354,3.409710563394806,0.30058694040528067,11095.654598441522,1572093.0,0.003111157716216556,365,227
366,7,390.51826417946353,501.28594814943216,515128.48246041406,3.3655679332623176,0.3200970642309951,12475.842337273847,1534856.0,0.0012702686197729011,366,7
366,83,711.7621754044019,879.259965210154,382370.28232179006,3.5131491126085392,0.32163154905103225,8666.424829709315,1244948.0,0.001566120621149884,366,83
366,227,123.39012643159369,1108.7330816925253,505223.99694074626,3.35999079932316,0.3112928708465476,11713.958835760941,1548823.0,0.0012588120885848948,366,227
367,7,389.86535934533305,498.94581175239665,459485.0624114024,3.4581738772579875,0.3740897924992334,10773.857303610825,1432539.0,0.003022528393153275,367,7
367,83,712.553861920372,879.0716097717899,408708.27197123657,3.5360343854388776,0.33290000130030006,8678.940605686497,1276948.0,0.0033909777750644327,367,83
367,227,121.9502437223645,1105.4045204666372,499687.5114239502,3.3632483418658943,0.32186332022591096,11970.952559567582,1535767.5,0.002819289113071564,367,227
368,7,390.55875559368303,499.83757273884544,504272.12518708926,3.4932392666897973,0.37817222085133,11146.76717303787,1512387.5,0.001111057593886823,368,7
368,83,714.1231206069675,879.2352032040194,398139.6582574808,3.393087295880185,0.25705382480023187,9431.879915647427,1287616.5,0.0013050064216943663,368,83
368,227,121.41052477670104,1102.3166205378252,526851.4740760634,3.4016005168081342,0.3432658345704959,11813.667773134152,1539680.5,0.0010913626568257932,368,227
369,7,390.55255590982847,498.1819487801221,478637.68215678213,3.411856781013345,0.32631851068503825,10653.93027059614,1486465.0,0.0011061418611827427,369,7
369,83,713.7998425545318,879.2305158602891,392321.1174644523,3.4091904954176093,0.2742075110705642,9272.865235518862,1236360.0,0.0013299385841605246,369,83
369,227,120.77818893765436,1100.5868878936494,502411.7302606124,3.4140882280949585,0.3127233761154429,11640.405295651337,1546288.5,0.0010633417926623238,369,227
370,7,390.5751498383379,498.96051487759576,506704.0436460631,3.490385881424651,0.3275406760487763,10873.47733146058,1493418.5,0.0,370,7
370,83,714.1005793087905,878.6772299451909,374344.1695840111,3.375888033665168,0.29524026040975343,9094.18104085794,1227968.0,0.0,370,83
370,227,119.7515702609753,1097.350324196634,498598.3605444288,3.44973536205313,0.344518727043241,10873.47733146058,1473178.0,0.0,370,227
371,7,390.6931044291816,496.55997809049444,493884.1742451049,3.4911806864225463,0.3831719221745586,11064.415481700407,1515002.0,0.0,371,7
371,83,715.7528987559023,877.909418057544,378931.75145292544,3.4871858448151385,0.3328475493575253,8322.790406588801,1211953.0,0.0,371,83
371,227,118.36612048764243,1092.0042790247514,523062.8982587927,3.447444644778134,0.3125435194789762,11456.07620671635,1529228.0,0.0,371,227
372,7,391.16356811012287,497.7257509021471,497186.25842851866,3.522828960741591,0.31738347544997597,10467.079124810918,1517885.5,0.00016611273898441289,372,7
372,83,715.8754662136485,878.4851789210147,390200.63237396086,3.4290028223880653,0.3018657498038145,9259.339225794274,1286676.5,0.00019596520908383294,372,83
372,227,117.2176605462422,1088.591072478667,520334.6064930043,3.3465823092828066,0.31587201674067644,12479.978956505325,1552036.0,0.000162457354987785,372,227
373,7,389.10815266196164,497.13150716218047,461021.0702292897,3.5164014795070493,0.3081205814272655,10110.111189238809,1440057.0,0.0,373,7
373,83,715.8408515262395,879.2232662144659,384761.9458304598,3.4888998871309593,0.3326405208467024,8088.088951391048,1178059.5,0.0,373,83
373,227,116.46348306038986,1084.453307302065,529962.3998625753,3.4059999641535454,0.36357067463978177,11746.986334163188,1515272.5,0.0,373,227
374,7,390.10309047377746,494.87597625758303,478320.38664310885,3.4737128233348313,0.32834735240359336,10935.351769148128,1455187.5,0.0015600889729216175,374,7
374,83,716.5083124545557,879.1345325292513,387091.20197641937,3.563885760785536,0.31373806582909625,8505.273598226322,1287171.0,0.0017637468098823984,374,83
374,227,114.7675116391351,1079.3986463727165,501811.14229535294,3.3447644993472445,0.307253206377933,11745.377826122063,1556118.0,0.0014588939615655828,374,227
375,7,391.4798059244923,496.7791707691062,499049.7858456319,3.465701253839326,0.3599811153608371,11258.2215398859,1469053.5,0.0015807720763427434,375,7
375,83,715.9539809017641,879.8326973171877,384041.22959765955,3.4331774060393965,0.3000008578321041,8249.558886985358,1196611.5,0.0019406822334348572,375,83
375,227,112.6469305272132,1073.3960794722411,523701.4088726234,3.442985800599277,0.3311950214548913,12034.65061160217,1535605.0,0.0015122625961480685,375,227
376,7,388.83861808779335,496.6431168141908,484350.0184762701,3.4698033600843052,0.27101958757772343,10166.711209100433,1520347.5,0.0010256719459383484,376,7
376,83,716.1449729549898,879.7158115402624,379030.78682471515,3.482545764236272,0.3369714349077586,8390.00439585958,1255669.5,0.0012418822492893482,376,83
376,227,111.28412386774241,1070.3207235741415,506460.1477077118,3.355213061371137,0.2875786234140471,11548.59428606554,1523551.0,0.0010235152091264258,376,227
377,7,387.66714838766484,495.50544999262326,443045.73402075784,3.4018543734185784,0.3474529574746925,10822.945990197804,1365003.0,0.0011558051069472765,377,7
377,83,716.6352944087706,879.8565372743775,376320.7825949512,3.2879808305330047,0.27318368835575113,9234.256670535742,1240330.5,0.0012719973143573106,377,83
377,227,108.41672626219484,1065.9855352286645,503813.10049783177,3.4118495545283816,0.317742900588491,11120.825237634443,1472494.0,0.0010714224879512864,377,227
378,7,388.86373343190684,495.01204402150694,460555.177671457,3.654336521059347,0.39898460124196367,9663.348251604219,1441492.0,0.002360277239454346,378,7
378,83,716.950984380466,879.5944436578196,371072.57286160195,3.3262294093061793,0.22483109009421579,8310.479496379627,1255125.0,0.002710804314876272,378,83
378,227,107.14259149792909,1063.2465198808002,509644.98678960645,3.419450709558553,0.3099052114642372,11402.750936892977,1559585.0,0.002181529852167585,378,227
379,7,387.6089624887571,494.47481274721815,464517.72156817967,3.4625066840115815,0.3471418945120136,10263.484846432775,1402858.5,0.00169842287131884,379,7
379,83,717.0066416262265,879.6447212150853,339645.3226032476,3.404176308629597,0.24879037664212408,7412.516833534782,1218646.0,0.0019552103177630526,379,83
379,227,105.26637035126431,1060.167371063576,518971.21061453136,3.4312511872143836,0.30328034422923467,11213.807517398773,1519608.0,0.0015679144313298342,379,227
380,7,388.161337238485,495.8652929223655,444076.077591498,3.519523812475209,0.33793935449435103,9810.647588116264,1458421.0,0.0004275208656209934,380,7
380,227,104.23762468882079,1056.4089549205403,530159.7010362437,3.430313936218661,0.30988923723553785,11253.389880486304,1610642.5,0.0003871124257410391,380,227
381,7,386.51458076266147,494.76815400371555,492156.91731126513,3.4822851042586063,0.31902016337960126,10895.745154944,1476410.5,5.17802013259579e-05,381,7
381,83,716.3053692849846,879.3856270856174,359656.8735520354,3.4667944533018415,0.31827998524722323,8074.525427324571,1259894.0,6.0679603957781566e-05,381,83
381,227,101.88923227924282,1050.9835056371503,504122.78029392683,3.361185580471301,0.3282762647184155,11771.296104894856,1499292.0,5.0989894514629946e-05,381,227
382,7,385.64410205752125,493.589090954376,484304.6724115212,3.512030157646836,0.34632111646617214,10498.21989276508,1510032.5,0.0006760722548301729,382,7
382,83,714.6657326161197,879.3542263459965,389919.73318694456,3.4479326815469515,0.29601401997154814,8319.34406596478,1228713.0,0.0008308843354372554,382,83
382,227,100.25577874970043,1048.0703438596267,528080.2685681453,3.3839954722692944,0.3223163989042263,11983.81704740165,1597726.0,0.0006389609551818579,382,227
383,7,385.9779435253176,493.6716395328302,490146.65528568195,3.513094032036328,0.3412133573312171,10265.865532559235,1490489.5,0.0008883881122624732,383,7
383,83,714.1563555290828,879.2584519428144,357755.72903088504,3.4717515773191923,0.2705405717726072,8135.214195612978,1228118.0,0.0010782106513385276,383,83
383,227,99.2410153008201,1046.0478200798862,520169.46957901557,3.423662824861044,0.32669086775487055,12009.125717333445,1509929.0,0.000876949140202772,383,227
384,7,385.95610193139237,491.9959736544113,467597.34350871784,3.470409367958406,0.3343799622685313,9613.97481110446,1473142.5,0.0019284847391547917,384,7
384,83,714.8420493297776,879.067355136454,369289.73833242425,3.5219359264088625,0.3018415804165929,7634.62705587707,1203193.0,0.0023612973866387926,384,83
384,227,97.77723761435038,1043.6082631603792,523490.35393013887,3.373972055675787,0.3108762943124088,11876.086531364332,1574850.0,0.0018039087689223326,384,227
385,7,386.5119561309537,493.52238421687474,492730.6108689351,3.5944141714459104,0.3523279001319159,10202.70448815091,1533626.5,0.0010565631093216708,385,7
385,83,714.8698499802156,879.207140964544,389403.22129775974,3.496576432823679,0.26309340484095506,8002.121167177184,1323350.0,0.0012244714270661335,385,83
385,227,95.02457450531307,1039.6335310184468,508634.8266886998,3.3871467385566927,0.2983698619382827,11102.943119458343,1507467.5,0.0010748998419438595,385,227
386,7,385.22187533320107,491.569099392409,466652.8170790404,3.4936706509049418,0.3170242976739425,10352.699583586917,1487762.5,0.000969708452997715,386,7
386,83,714.1176479982266,879.4393819572476,381194.21202584653,3.4352843522158456,0.30746602467051876,8790.027948328514,1228965.0,0.0011739502458405278,386,83
386,227,92.69255862772441,1037.4588753382802,524569.334560805,3.439559795694593,0.33527408809187426,12013.038196048969,1600068.0,0.0009016366245062341,386,227
387,7,386.7232266226881,492.5959723498152,518416.1855845106,3.5106900298326322,0.38322084516820876,10840.30883994258,1548856.5,0.0001342086142917762,387,7
387,83,715.4703027965397,879.4038617326055,376724.7151721638,3.534939648611802,0.3363935558170323,7770.48686756946,1324211.5,0.00015697844884630783,387,83
387,227,90.64095607929126,1035.3527670692777,522733.12273316033,3.4099322718690046,0.32602797088384267,11607.764333035859,1540326.5,0.0001349518919754194,387,227
388,7,384.90567324668393,491.7206429044117,486672.3464419775,3.4275684605927963,0.3271692282533463,11226.471714059811,1546442.5,3.213540211366853e-05,388,7
388,83,715.031436922032,879.7092536570386,387936.96700806683,3.460243801092312,0.33540630040369757,8443.841972968063,1254611.0,3.961101317796514e-05,388,83
388,227,89.56956926128974,1034.2452117503922,523902.0133227912,3.435805859585478,0.32841585183389643,11898.140961909543,1582247.5,3.140815061862819e-05,388,227
389,7,383.15627100490696,489.9193799829302,472394.43096247263,3.50590649132825,0.3320296867946036,9646.38146870158,1534050.0,0.0,389,7
389,83,715.3861276137304,879.6462624448664,382145.11202933185,3.4248874972664485,0.2803891610678507,8255.076449177313,1347196.5,0.0,389,83
389,227,87.72784629044718,1031.8910041014472,512649.52286070806,3.3939515587173914,0.3284486361897179,11965.22316790869,1553544.5,0.0,389,227
390,7,382.57998082886314,490.6522876700238,502968.82480161695,3.46069060169573,0.31557876594456624,10834.929332461135,1560904.0,3.937380130589553e-06,390,7
390,83,714.0975256087364,879.8291268121654,373900.10520966764,3.3692062247132735,0.2763148345899502,8173.718619225067,1262923.0,4.866470189561622e-06,390,83
390,227,86.54696206974687,1031.4863710944196,535663.6992785173,3.390537075560789,0.2907111482422422,12450.664408354463,1651128.0,3.722211808861164e-06,390,227
391,7,382.23101389816514,489.4719079307599,494195.7886805443,3.4339884921251462,0.3120481124260113,10998.841026369351,1600761.0,0.0004042384321365845,391,7
391,83,714.3498320021844,879.8569009752595,377814.8896152002,3.4886158298187127,0.3065251407779801,8366.639755101472,1288563.0,0.0005021852658123194,391,83
391,227,84.88301701207872,1030.3239124449603,528696.4267718054,3.351317653434952,0.2680267580325932,12502.956038522425,1611737.5,0.00040148528241622114,391,227
392,7,379.90898936991726,490.1989835270976,460480.23393485515,3.3284977900543664,0.27237070261390495,11528.96020160904,1472879.5,0.0005310186529659757,392,7
392,83,715.6119263917338,880.9381274125539,392953.4670397165,3.5037314569310203,0.3147053993095893,8331.853591078801,1276464.5,0.0006127382089578302,392,83
392,227,78.2215437109356,1024.5756203383867,535854.4443285681,3.3717964097417066,0.2665862829304405,11625.842220109955,1601813.5,0.00048827167912655114,392,227
393,7,379.5696857804383,488.6055501767826,471311.0070445655,3.475474995069291,0.32664416148012143,9744.800145653044,1453899.5,0.0018343182639801948,393,7
393,83,715.9882966334799,881.0107076099077,386981.0057841065,3.4602201500313257,0.30786420451333013,8433.000126045905,1311294.5,0.0020338469614049073,393,83
393,227,75.30671838905708,1022.7964068163049,526594.0078708665,3.455435658088371,0.3059702166595121,11244.000168061206,1509804.0,0.0017663846991136333,393,227
394,7,379.87931428181764,488.9043065412518,514859.19906327943,3.475761256556731,0.32105915988472833,11508.95309193734,1573615.0,0.0016220384473855706,394,7
394,83,715.4288200602892,880.8225918655517,397867.3618477181,3.5068663224165055,0.34168355682456164,8275.032388417756,1283349.5,0.001988973628618469,394,83
394,227,73.6365168641585,1021.0786396415234,516856.62067427684,3.3843476991210864,0.28505499329980133,11889.414351174937,1566279.0,0.00162963672283891,394,227
395,7,378.4538745222206,488.2429898825203,496415.59022458375,3.307761136252188,0.264438731428475,12401.337684312175,1548382.0,0.0007326368015960917,395,7
395,83,716.8445532187994,880.6516404542015,369052.94699956744,3.4507999946946857,0.2923223426702518,7965.822746127529,1326621.5,0.0008551212613118778,395,83
395,227,72.99661557871732,1019.4747177491209,533257.5204254235,3.4006250236815316,0.30747786438005825,11586.651267094587,1584537.5,0.0007159179396706345,395,227
396,7,378.2311367033054,487.8715785084139,521872.1523828706,3.456021332013508,0.33129358821795774,11422.64629018595,1631822.5,0.0010914622367080033,396,7
396,83,717.0555951456813,881.0137713056541,394081.2970114153,3.4328773265484505,0.2889992517730236,8834.702990065696,1290448.5,0.0013802438807738013,396,83
396,227,72.46680828205724,1017.8752007107458,533562.5169454828,3.457529094991996,0.3331615310184848,11779.60398675426,1645197.5,0.0010825878114292026,396,227
397,7,377.7678180281225,487.14225924335494,484866.9962696176,3.4147911778858604,0.27308107085998234,11380.561714448719,1544603.0,0.0,397,7
397,83,717.1924244415488,880.9127938821993,399604.5621347558,3.5236584737972625,0.32676727785806325,8718.978732843776,1403712.5,0.0,397,83
397,227,71.27718881616109,1016.5055129707911,531307.0303624487,3.4129350646831313,0.33893399120425816,11747.676608463193,1582091.0,0.0,397,227
398,7,377.9375295821002,486.9193190170627,505044.8791804734,3.4967374389953454,0.32922039290223537,11482.501836886451,1581521.5,0.0014186481516291474,398,7
398,83,718.0136308380592,881.2035994763586,355587.15365841915,3.3665790005087755,0.29935474992435673,8334.073913869199,1321883.0,0.0016973491814549688,398,83
398,227,67.9092701833904,1014.6310368242112,532547.3230962418,3.4229731103133156,0.2469709584415326,11667.703479416878,1653675.5,0.001356738978831798,398,227
399,7,378.2265794789015,488.3085576649297,499470.4267444486,3.4010140854024957,0.28457498552933463,11836.675535835971,1594751.5,0.0011583624070800103,399,7
399,227,66.07623627416477,1012.8466398977912,503850.92871440365,3.2687038277093166,0.2620040517860301,12116.282044556507,1589678.5,0.001162059387065231,399,227
400,7,376.6232212623383,486.986291570739,493312.0789602564,3.462429852180943,0.3329290963259526,11424.632912414118,1608912.5,0.0025948914113353132,400,7
400,83,718.0062923530074,880.2892320716414,351039.6972228494,3.434801919439001,0.30037617035892505,7943.690071912941,1233251.5,0.0033856548923907395,400,83
400,227,64.251754697001,1010.839520102782,498935.1404718353,3.4719937511794257,0.3192694279945419,10799.84830001647,1607427.5,0.0025972894413278263,400,227
401,7,376.51136264793973,486.48154846892777,504890.18627380946,3.563280749108846,0.3606917814921589,10726.421941587849,1619924.0,0.0014603309264957943,401,7
401,83,718.8358846487961,880.2707327099799,344908.51328454574,3.230646701503044,0.27282563059114745,8564.507441732934,1301971.5,0.0018169521411403077,401,83
401,227,60.65660943930649,1008.1012858220168,505804.8424083635,3.4517648031771238,0.30728383703642653,11059.024172334759,1607005.5,0.0014720702226792383,401,227
402,7,376.27356664015866,487.7611270777543,490576.2225455139,3.4990988794732063,0.3443855636248536,10708.588146457809,1595346.5,0.0031304021822983995,402,7
402,227,58.90922064977816,1006.6605040283702,496720.49443282577,3.2305803789307403,0.2491366610165795,12464.094399975484,1621275.0,0.003080322569666823,402,227
403,7,374.71535975434324,487.0359676704512,495070.2929725122,3.5397751590482245,0.3430927198463046,10119.997812193626,1636824.5,0.0017005667240137924,403,7
403,227,57.002857618379046,1004.5945269363839,483088.2155628749,3.3837068573579066,0.3099113358434316,11415.35753215441,1593716.0,0.0017465743798132831,403,227
404,7,376.3162107952118,486.4101108713213,471182.879486972,3.5090825361031177,0.34195819264130634,10397.380528083797,1542350.5,0.0017539798254181925,404,7
404,227,53.41068856248297,1002.3801063391682,516568.2706809886,3.344658609493278,0.28359638471680076,11800.201710444308,1683034.0,0.001607339571678483,404,227
405,7,373.87317206985847,486.98333037905445,503382.99326808384,3.5058243031125587,0.3081746383933535,10421.506360388832,1667802.0,0.00103975129671433,405,7
405,227,50.414347131724625,1000.0348270771199,534566.7254782396,3.3675639007090754,0.27629112174951076,11956.45690959339,1711021.0,0.0010134845797721008,405,227
406,7,372.3198963032329,486.1790770738869,452803.4953192712,3.3955455717350826,0.2929964747091938,11014.139075333624,1487606.0,0.0017276599210825792,406,7
406,227,47.62182049157214,997.1484191659418,549156.8156745972,3.441339392984817,0.3122207761730689,12074.759875180565,1698901.0,0.0015127681572888528,406,227
407,7,373.9193563018895,485.796033046059,479818.00595341594,3.5711194056994877,0.34395254091257194,9900.623172667365,1603145.5,0.0,407,7
407,227,43.85443968382396,994.5051514916473,535116.6085519727,3.3809697837603285,0.3173485767030178,13361.816639534818,1634010.0,0.0,407,227
408,7,374.38255459637946,486.22380635526343,464240.35082706733,3.559561513793261,0.3671273319233931,9892.855708892806,1509529.5,0.0016899792435437352,408,7
408,227,40.29304038196033,991.9726454868782,528825.4169591074,3.40790849410346,0.32155575473658077,12064.458181576594,1608197.0,0.0015862728489492743,408,227
409,7,372.6982078439267,485.23244513847453,493092.55779998924,3.58923356286241,0.36567341414346066,10016.43551513094,1605870.0,0.0016687109514784567,409,7
409,227,36.41145857444567,989.4112875732712,493486.90565491567,3.4150107212111203,0.29562203628932127,10962.870366954336,1579102.0,0.0016970007705972088,409,227
410,7,371.2508083790061,485.2755925333703,489574.82609663496,3.544690974969487,0.3620989928575154,10828.870973126403,1511726.5,0.0014429264228223578,410,7
410,227,33.12671571698718,987.2653707468926,535793.7029312106,3.3980464079738515,0.3098049401386086,12162.86232488835,1631201.5,0.0013372197072532622,410,227
411,7,372.5528647763391,484.45593165173227,476738.62668191164,3.5476599514445577,0.32753893868203987,10348.065832675036,1586420.0,0.001301265237896958,411,7
411,227,30.95850382629484,986.3553362687027,523062.390135996,3.4491447767353853,0.29804058016813945,11641.574061759417,1653664.0,0.001248343473673,411,227
412,7,372.04803152769136,484.1894724430549,488492.9910143752,3.4982867763249827,0.3365276463201706,10209.915074668568,1578340.0,0.002087813715419542,412,7
412,227,30.02667721377718,985.0776100245259,525612.7597742167,3.5156628904665626,0.32702309935583546,11080.5279880124,1619437.0,0.0020348218150543153,412,227
413,7,369.8972500491468,484.61636487241566,474331.27842241636,3.4233473049527383,0.29670031358545246,11063.120196441198,1521637.0,0.0,413,7
413,227,28.49464147001474,984.1519844238979,526727.4449083393,3.3939810475642322,0.30821381567198,12446.010220996348,1614330.5,0.0,413,227
414,7,370.68141614753165,483.30812527284223,475164.1108563151,3.598949652684748,0.36959272569209833,10272.485966281458,1515170.0,0.0020112311464533504,414,7
414,227,26.32404515319415,982.4881373328677,498092.29953305534,3.4672912428787126,0.3183061053712099,10519.025629472213,1522976.5,0.0020009190382145495,414,227
415,7,370.63475193531644,481.85780013239014,476598.79218504933,3.4346095197549733,0.3065945023078846,10694.95294963126,1474097.0,0.0001305217755854025,415,7
415,227,24.75349860407119,980.4058253503861,505197.88859110035,3.3864797735096768,0.2787964267166752,11407.94981294001,1563271.0,0.00012307581519110716,415,227
416,7,370.97820274536747,482.91083417006274,475430.60729816265,3.5798348273774234,0.37367651570896643,10081.29762446211,1508179.5,0.001369726563808595,416,7
416,227,23.267495507744858,979.8986606927085,497541.68864257116,3.353334058873876,0.27555213292400055,12029.783719946383,1487481.0,0.001388789401604718,416,227
417,7,369.3392415463037,481.51636815253215,474063.2071959719,3.50252836077494,0.3650035011327332,10491.562782205936,1499707.5,0.002628042733323243,417,7
417,227,19.09418686299466,977.0864902242607,496367.49251814303,3.3974727895715557,0.3223254637100933,11501.861420492432,1518031.5,0.002596306022066418,417,227
418,7,368.94730556208134,481.59478003828247,468459.0290899325,3.5525131106708376,0.3543285434839959,10154.239711752014,1508588.5,0.001681228447948479,418,7
418,227,15.826743484560943,974.4635770849694,544085.381569996,3.4141072235219467,0.3011892566737185,11972.90951087178,1569097.5,0.0016163842236722962,418,227
419,7,369.55702490131574,480.92231589831084,496308.6623374202,3.5979346280590283,0.3800376037099236,10181.904809403182,1497270.0,0.0015537544704748876,419,7
419,227,13.302642287079873,973.2079334527841,505938.06068429764,3.347129536042076,0.314991565303941,12313.001164859661,1598878.5,0.001454996746429164,419,227
420,7,368.0227392602759,481.7377327582804,454434.422588794,3.4638308485461153,0.34905671821369194,10384.415523004502,1493020.0,0.001923209200048892,420,7
421,7,368.99277327965956,481.37217457852347,463419.7340552834,3.5819458308088636,0.3633590822450703,9356.455438170804,1478565.5,0.0019569137414214895,421,7
422,7,369.29941957352776,480.9317786336328,475945.1472733342,3.545393853829614,0.3411297826349693,9787.26339334883,1524591.5,0.00211051928139521,422,7
423,7,366.1115170170941,481.70153209005815,450804.5527120484,3.4251690390017884,0.3156346529672551,10639.142759957043,1367461.5,0.0013984696223379176,423,7
424,7,366.15576752311347,480.17610705705334,450032.0922252076,3.4588965840366774,0.32979144744775984,10084.978760873242,1425734.5,0.0011055010831676967,424,7
425,7,367.4073258256059,479.8467271642946,505594.3263350911,3.5150262923718754,0.34529835376160145,10609.192421457648,1496447.5,0.0013727331922651438,425,7
426,7,365.6933113199931,481.0014316425718,498438.7434382192,3.525564026455708,0.3352535579099929,10620.723921810932,1537453.5,0.0012538834780515982,426,7
427,7,364.35539938690164,480.3407867183721,463724.9758599526,3.5169133385022584,0.30454355745632067,9561.339708452631,1450407.5,0.000419194534604704,427,7
428,7,364.86791616099487,478.84731643572314,484479.3071117304,3.5704403549916366,0.3508578837465088,9790.650925986729,1513902.5,0.0,428,7
429,7,366.2101513155415,479.21223143670403,485245.25203394296,3.5336680327513794,0.3064824623915179,10256.6995760083,1489737.0,0.0004742755732991515,429,7
430,7,363.2104508265368,479.5744281714656,478129.28319945984,3.4808871846104736,0.34522198479043853,10292.566122856397,1450249.5,0.0,430,7
431,7,365.41330824109315,479.2867896915466,460985.7088620974,3.5132579881598205,0.34643128904631104,9645.734099991576,1450128.5,3.0307281038075298e-05,431,7
432,7,363.9925310746177,477.2644893428697,472359.6296062092,3.5167055816070176,0.3487916181005495,10876.436977117217,1448082.0,0.00030213085056002563,432,7
433,7,364.6020551554008,478.43451542055305,462180.8633145608,3.524913849005044,0.348519030697665,9866.599234485155,1471167.5,0.0005555356959569954,433,7
434,7,362.3765566149515,477.4608466276352,462649.9216556814,3.4499007288462216,0.31254156823526824,10076.731223615534,1417787.0,0.0,434,7
435,7,363.5642155777167,478.25174005879796,502175.27955350373,3.586618248465339,0.35503827544958805,10086.39261478649,1526947.0,0.00044244475752720953,435,7
436,7,361.020701987266,477.62208844903034,470732.92597297096,3.521629216772477,0.3137469910544482,10095.718922994782,1401553.0,0.0,436,7
437,7,362.53629543759473,479.1317842566335,507134.0186641735,3.5206833842903564,0.34342806118000685,10361.237731686226,1508767.5,0.0006384920056094072,437,7
438,7,361.9163165299768,477.53826287740304,498081.6986277218,3.409701541054286,0.29686293718855766,11605.631737268144,1436991.0,0.0,438,7
439,7,361.7631657328557,477.1834849254673,478773.0006197296,3.6098229759654723,0.3876930875469328,9919.783060785492,1443114.0,8.313068863769137e-05,439,7
440,7,360.6822578833824,477.43659694301533,496462.8364156252,3.5489418896153206,0.34863011655437864,10326.036722041337,1428900.0,0.0007239873841867071,440,7
441,7,359.11343555537303,476.4439325784661,495775.7405615172,3.410305606803771,0.2931065005701981,10770.638208380557,1459001.5,0.0002809152553191954,441,7
442,7,359.69485499625694,476.8775339175168,515082.6688291641,3.535913370424745,0.31852273573026624,10554.6294149414,1528226.5,4.152449386760685e-05,442,7
443,7,357.42131914669824,475.71888415899076,471152.3926026936,3.385443764053228,0.27694629425296824,10943.63748099166,1436084.5,0.00011226843261472086,443,7
444,7,358.40515303172805,476.6245623062487,507464.7227383136,3.555505245496498,0.33321072784154426,10634.493207351694,1523145.5,0.00010422254947529727,444,7
445,7,358.56422115405167,475.4166572608404,510188.4040746023,3.4304156787174773,0.28520585435531226,11358.554450640497,1525553.5,0.000779680510743106,445,7
446,7,356.34005328419084,474.7190935771368,476435.21252537606,3.4700367591431363,0.29777709359899285,10545.341034627034,1484099.5,0.001442455871104794,446,7
447,7,356.2932330961939,476.6972526752457,506031.0033184689,3.511589561227764,0.347318905869895,10926.892268614083,1506433.5,0.0020095723648939734,447,7
448,7,357.2685062024203,476.5724314274298,558203.7726909484,3.4232571898783695,0.27247144293329917,12410.043857068664,1667169.5,0.0,448,7
449,7,356.2434546217603,475.0504832733872,510497.2799954509,3.4026426847293703,0.28276114896551985,11373.47682631314,1545842.5,0.0011926440383107806,449,7
450,7,355.26344829649054,475.7873296815835,532349.1937799869,3.4922109975013114,0.2760767548718152,11135.286823721452,1650932.0,0.0019854184068445885,450,7
451,7,354.66077845723186,475.1810180290051,535181.202822386,3.28155354965495,0.25860236548168336,12862.425790469819,1643657.0,0.0029345642377644745,451,7
452,7,353.5368388331532,475.464372296183,534817.0756330205,3.4511365961914664,0.28089771504265837,11412.812520918043,1709906.5,0.002697612923216192,452,7
453,7,353.01694289753243,474.7746025553106,519966.59443414636,3.3406065496993795,0.23749163226569714,12032.151354354373,1615776.5,0.0012808855872052955,453,7
454,7,353.19391569988215,475.3960065905422,569596.2117836074,3.332113484178257,0.24401071697042315,12751.559239593842,1800735.5,0.002232133933356483,454,7
455,7,353.7838827586477,474.3783855364861,568877.3378821615,3.3128451597368387,0.18456538434475328,13039.472010112186,1820134.5,0.0012481507318686709,455,7
456,7,351.4206151965538,473.31805870973636,520317.92201053776,3.421363757389432,0.27721490492454376,11259.546620770552,1693055.0,0.002350148597026367,456,7
457,7,352.8622722994302,474.9836073171544,512209.5749922594,3.424500411028461,0.29326185682653055,11303.935448105034,1774195.5,0.0006510134906267204,457,7
458,7,350.67395000806965,474.0368545871863,522232.6542886166,3.337388313199032,0.2704152044655758,12252.236060066023,1673340.0,0.0015966776788603396,458,7
459,7,351.1106871507198,474.2825682553873,527805.3351545478,3.4560582135836846,0.291417347061938,11937.438921104475,1783435.5,0.0034456538036827704,459,7
460,7,349.48949803041273,473.5423883496986,484510.1171319616,3.3706187900351017,0.2747051106342303,11186.380770723501,1634888.5,0.0012800081326177516,460,7
461,7,350.97070423501486,474.0083849195638,544102.1656099731,3.446363610084157,0.2831307997363484,11714.557893138506,1826467.5,0.001734867440162008,461,7
462,7,349.3118352214311,472.3337190824822,496158.40088815126,3.41441017553221,0.2810705829036167,11088.187131435801,1660439.0,0.0009887049610648392,462,7
463,7,348.4752397611147,473.5839783878874,524535.6604413999,3.4518166747044723,0.2747207760886271,11464.01573695924,1803680.0,0.0026758025046676277,463,7
464,7,349.1422653076265,473.18683464764166,552473.3632227352,3.353952127024615,0.21673618491766794,12178.464543520713,1781948.5,0.0,464,7
465,7,349.04409977794086,473.8949868643769,581530.9268653508,3.3486989610278326,0.23774424663611962,12785.209209475612,1903055.0,0.0,465,7
466,7,348.51211773227044,473.40684936910185,550961.9131819592,3.288745516800295,0.21396960446593682,13747.918744216406,1775919.5,0.002864628195494803,466,7
467,7,348.6907495140303,473.88392518500797,593652.9334590564,3.2165247278175144,0.16611797436282405,14813.744556716565,1870852.0,0.00028216533244880077,467,7
468,7,348.2502648073364,472.638912845723,549001.424183457,3.2494423334417344,0.23106582503671622,13575.543017783453,1758686.5,0.0014109941454545395,468,7
469,7,346.41301489121554,473.01634310041266,509227.6591998616,3.4015298006079084,0.25172124184146105,12135.799354763056,1737698.0,0.0007686802429311684,469,7
470,7,347.4934880929965,474.00899993855063,545057.3866622773,3.197226130698502,0.17037779404986803,13718.694895385548,1801552.0,0.002026316437510508,470,7
471,7,346.8072839629833,472.60242669104287,551803.3816697682,3.2090522122906617,0.17061565781246835,13406.378881856072,1739523.5,0.001762880581509538,471,7
472,7,345.3789753815144,471.5156784928389,550527.1331307245,3.390746401432806,0.28350153614669216,12422.72610791415,1777082.5,0.0006338031835149284,472,7
473,7,345.4527223713973,472.51634455798995,530573.8029026984,3.2992497031310855,0.21272415386400434,12525.504064822228,1689582.0,0.0011721012643052227,473,7
474,7,344.09737899425824,471.19602872165615,528124.7503726595,3.350047094292942,0.2711755963077037,12391.276505507383,1725436.0,0.0022649838183156686,474,7
475,7,345.1379907379811,471.47449932071,532794.0311645474,3.274105284575809,0.24923457831869977,12667.475776617866,1679683.5,0.0014879019300641462,475,7
