frame,index,y,x,mass,size,ecc,signal,raw_mass,ep,frame,particle
0,0,12.010299261562379,718.2114263505636,515030.30941341625,3.2386907480289087,0.2783449990385526,12710.619762048944,1597008.5,0.002703351386155985,0,0
0,22,702.2487903225806,510.18931451612906,496414.75606112415,3.2783195439520636,0.2926442425726587,11909.950800660034,1669467.5,0.0025859703588014156,0,22
1,0,12.651291901684417,718.3415985719537,501554.89167617605,3.3184047706617594,0.26800967289322297,12663.980160424726,1583827.5,0.0029228873877504453,1,0
1,22,704.0560905544181,507.7337485271465,507376.2373950809,3.4066513986630453,0.32952516920050584,11234.17594876387,1684080.5,0.002748833073792513,1,22
2,0,12.618174942052645,717.9863283676038,512011.2201495318,3.3044582679229655,0.30816874695846075,12800.280503738295,1615761.5,0.0013076445261246373,2,0
2,22,705.0895410026011,506.024744864146,509471.48195434565,3.3942946676926296,0.33049680035537327,11784.385225663827,1673373.0,0.0012626176751132424,2,22
3,0,12.974818360607486,718.8515499388303,517230.9036126619,3.314606799822673,0.28764953253970993,12557.50807853337,1612749.5,0.0022643464081675783,3,0
3,22,706.2627085688979,503.8177838062242,493104.6676192592,3.4469540001115626,0.35973118105713986,11074.337833037303,1625247.5,0.002246928821215672,3,22
4,0,13.051724479045827,717.4845620889364,505600.78946075804,3.273208567270535,0.285704338975325,13060.529199377703,1619753.0,0.004326321094922186,4,0
4,22,708.1114823337157,500.50674978382466,504215.58181839983,3.4108976706927465,0.3480672287192098,11378.491347942696,1679823.0,0.004171496437253292,4,22
5,0,13.047954967357336,718.134506430069,525582.9324891203,3.222888691213587,0.2887140980614859,13692.740170567982,1723047.5,0.003953177126768718,5,0
5,22,709.9633659014827,498.38612613849165,495518.43776678626,3.476564943240019,0.3411516000246867,11212.171299088275,1717830.0,0.00396519620108022,5,22
6,0,12.969205143277785,717.2208011922938,530374.5862573251,3.190160256838604,0.26065357562333313,13847.120114531968,1696497.0,0.003405996420978627,6,0
6,22,710.8088878950211,497.15304083347263,506167.0309491866,3.387056413960086,0.3224200383233027,12053.967869484664,1709416.0,0.003380241648590461,6,22
7,0,13.231071498665154,718.410947713023,533085.6698017166,3.212673516586054,0.289210543312722,13806.958016539684,1670829.5,0.002104887707100952,7,0
7,22,712.702454683783,495.9167272162833,475018.1087818015,3.3583783916590706,0.3134936039181392,11456.83750308612,1630790.0,0.002156579452257916,7,22
8,0,13.171682832180865,717.1756045457471,532172.9908298008,3.1767846094973087,0.2508042824746677,13798.180512095189,1726403.0,0.002916544838300909,8,0
8,22,715.2169734894553,493.4191680043643,500407.3954062723,3.33680966647005,0.34454789144689535,12507.703198014344,1698589.0,0.002964324932917784,8,22
9,0,13.43390522674076,718.1696584544238,533367.7704374234,3.228712625599074,0.24197770609759117,12569.941799524495,1765835.5,0.001582703566241545,9,0
9,22,716.5972525181362,491.63431709122085,485400.8725304379,3.3511127248597914,0.34685391795262394,12368.822730732103,1678610.5,0.0016649593438833406,9,22
10,0,13.310980917104326,717.6242941947265,552900.8864584054,3.263061553726541,0.31497857658513384,13531.838229130663,1751711.0,0.004134284232255283,10,0
10,22,718.0970457504418,489.94552490913725,465094.2917271576,3.393420357712544,0.33340983396597074,10825.47058330453,1619413.0,0.004472322569685476,10,22
11,0,13.537622420365224,718.4252131226827,514756.8090078697,3.2232441374830003,0.26081122064702444,12684.551740595069,1686751.5,0.0017689439128611587,11,0
11,22,719.1758473016313,487.966790984411,444647.619930007,3.4011926518661597,0.29969077910836706,10521.29485460211,1599413.5,0.0018655582329072321,11,22
12,0,12.716157778582762,717.6341996173118,509808.32501516334,3.3494085910257927,0.3146775103906678,12159.477210949213,1724278.0,0.005071968751216851,12,0
12,22,720.4879202937171,486.8864894054762,482128.2142910513,3.449628746223955,0.34554275866490286,10182.32644494121,1701376.5,0.005140313248453795,12,22
13,0,14.109686529152938,717.8846134656798,518016.9901694655,3.1802763897510684,0.26766376275773696,13398.728061559494,1730498.5,0.0011547735283581443,13,0
13,22,722.0753393810669,484.80395256483934,491521.7609951035,3.393294812171785,0.3514160409832917,11585.366369017607,1700258.0,0.0011753150002653695,13,22
14,0,13.937799450885253,716.4445404172047,490344.4591667961,3.3579141465160127,0.32839851911741086,11716.71348068808,1647588.5,0.005317633355796428,14,0
14,22,722.4134623877726,484.3192253570519,472867.02822476975,3.4434459256785894,0.34254131248093933,10642.681411625006,1634607.0,0.005359918525999503,14,22
15,0,14.504608608551507,717.2056390848005,496723.1840464483,3.1925570307526727,0.281177062266509,13584.92786999468,1631392.0,0.0037214143000831026,15,0
15,22,723.2190951990686,482.45486612000127,484690.8193615959,3.3481950974234476,0.3144238006053256,11644.223888566868,1692510.5,0.003586952513293146,15,22
16,0,13.983868659632025,717.2858944213192,504868.060634419,3.3625286887106527,0.31019731965214375,11302.282844648274,1710663.0,8.450034581745464e-05,16,0
16,22,724.1587375403657,481.80196975952157,477644.30108687485,3.3979841518606726,0.3641610781147599,11302.282844648274,1675056.5,8.629669095052873e-05,16,22
17,0,13.973881930528478,716.541093434768,520094.2963389725,3.2276506537462937,0.2850798425634296,14048.580954942763,1707408.5,0.002918607504556639,17,0
17,22,724.9738201397424,480.41931420555727,477256.0177932668,3.3684715126708373,0.35228608366094244,11872.040243613603,1641050.5,0.0030366704219491557,17,22
18,0,13.782217720930177,716.5175680341662,527107.2323001273,3.3753248854579234,0.31612852187945983,11625.952444096865,1649747.5,0.002835150734097362,18,0
18,22,725.6075232800949,478.9988045090924,472052.10213097435,3.3594606683347754,0.3452366975529231,11625.952444096865,1613491.5,0.002898881375548885,18,22
19,0,14.23721468743827,716.05925199723,521418.64982616325,3.250251627674296,0.26714361640120166,12780.81098910426,1696379.5,0.002829274520184009,19,0
19,22,724.956794174386,479.8112157375133,482787.92788917146,3.3743659465744487,0.33626852824791065,11819.847756840782,1676574.5,0.00286270922011232,19,22
20,0,14.321057862535772,716.1561169054097,518611.77842280763,3.3333917907617923,0.3111844078456553,12062.965494050906,1708780.5,0.0034050929153149837,20,0
20,22,725.6889706433211,477.50686730539104,494198.6339705618,3.394391070578528,0.3380530208753648,11105.587280237343,1739759.5,0.0033444269231718946,20,22
21,0,15.047942333795998,715.4588196585559,512524.31666223577,3.305924493520118,0.308850666158197,12263.604116710962,1677255.5,5.02072809901175e-05,21,0
21,22,726.2440691283846,477.01445271119707,452809.99815548165,3.3826148662437663,0.35342754793167125,11131.579121322256,1602699.5,5.25430466735192e-05,21,22
22,0,15.221232697383654,715.9934867179953,508886.63641649106,3.3125462855487267,0.32204393605450393,12904.826133254295,1617512.5,0.0004550562428158696,22,0
22,22,727.4085289931276,475.15253810410087,473398.36455004173,3.4358362789951635,0.33962060827370794,10912.169156795911,1622703.5,0.0004536003731282793,22,22
23,0,15.739018196864983,714.6266733994806,521126.33073011215,3.237735244799751,0.2763286174123197,13582.95502270116,1710462.5,0.0029296906348519193,23,0
23,22,728.1455936635517,472.1690081028706,471194.62282975996,3.4118146330860344,0.3719461911360741,11287.244314638992,1703178.0,0.0029422258571148393,23,22
24,0,16.31386437401036,715.2280361225733,500745.7819204875,3.339599879418389,0.321438103359222,12158.307608799776,1671665.0,0.0029815794594050668,24,0
24,22,728.8101634159483,470.89540569680594,469957.8094272365,3.375857140540797,0.3271523536638992,10981.697195044959,1688420.5,0.0029519781025622513,24,22
25,0,17.781100378379282,714.0025639280998,500732.0858380069,3.2634396088684023,0.2581921908730514,12489.699780041681,1612544.5,0.004674342006489766,25,0
25,22,730.2359337068385,468.1674177336935,456875.1247783186,3.387932773949527,0.2933753200590989,10010.82806797234,1611492.0,0.004677397560570378,25,22
26,0,17.572154812860806,714.3901794590759,506034.8225808542,3.3064365008505767,0.27751562873921537,12119.442624061514,1586780.5,0.0010617758203010908,26,0
26,22,730.4548359031239,467.9184204556777,441109.23709481035,3.39797405072017,0.31672139785494524,10003.349467479346,1609179.0,0.0010469944942041866,26,22
27,0,18.022931599204107,714.4124975913678,503002.0335574773,3.230743758748426,0.26688611158250036,13019.562004385158,1659074.5,0.0010964208467716277,27,0
27,22,731.3467025991739,467.24590790772504,439555.95901371975,3.415650255319866,0.3113393471416242,9813.25195852911,1618496.0,0.0011239137178709485,27,22
28,0,18.109975615340698,715.2195441681635,510713.9442099346,3.2795702126067265,0.3115939323125409,12560.123486055902,1639686.5,0.0019326995760926464,28,0
28,22,731.2444676728044,464.6607450337853,459990.36859317037,3.450432152874173,0.3781041128556503,9854.866119828477,1576973.0,0.002009576569037005,28,22
29,0,17.92160808009471,713.840209517916,506526.13211594656,3.327096851568292,0.3096598488573948,12002.988912700155,1550831.0,0.002631348400031459,29,0
29,22,731.6411579200652,464.28520093940915,473205.8348942909,3.4796777821419713,0.32962562833849063,10274.558509271332,1558863.0,0.0026177855251548828,29,22
30,0,18.296407038243935,714.1445014546105,516843.2643492691,3.188610276418325,0.27329121824710123,12641.7863293621,1622756.5,0.002287141514818765,30,0
30,22,732.2057777358831,460.7244929070621,460690.2134444281,3.5437521232201727,0.36357257927194325,9309.842645654258,1583450.5,0.0023439308176752584,30,22
31,0,18.31488402020944,712.7429850548275,503444.9234622974,3.3907401868182516,0.32028631569329075,11403.28258984739,1613297.5,0.003046569610924703,31,0
31,22,733.1856073453587,458.5685974948432,464333.66475501383,3.4789946400216603,0.3681797153892598,10102.908259426196,1612917.0,0.0030472886410832655,31,22
32,0,18.839992057430223,713.2643475142236,534830.8054489988,3.1049536755302714,0.2148477720269892,14196.430596249922,1606877.0,0.0,32,0
32,22,733.126722682925,456.38908855541047,451623.9483432006,3.3945910208864882,0.37926234921080765,10943.081917942647,1535657.0,0.0,32,22
33,0,18.301868932075568,712.9913312252404,489764.9754781707,3.3422413786524907,0.3178764954848691,12191.660275114635,1497797.0,0.0016092434930947688,33,0
33,22,733.7776629310079,453.3414270989679,455488.42240961065,3.4851279342168646,0.36190938696761027,9493.505951933526,1521045.0,0.0015846421121107105,33,22
34,0,19.58448115896494,712.3459159338245,498233.693451604,3.1821309330843413,0.22456837371346478,13254.100672231303,1547002.5,0.0017268961956224084,34,0
34,22,734.5570900132848,449.16782895930453,445819.7498841439,3.4192420528848517,0.363909556127506,9639.345943440949,1532304.5,0.001743464099890664,34,22
35,0,19.424712120914844,713.2037896807242,518152.57616455795,3.2803848777407403,0.29546213924983455,13301.58484764983,1569649.5,0.0011134339218659645,35,0
35,22,734.8390015503264,446.99038112971533,460072.3736236747,3.3998584882334795,0.35029683781021753,10153.881563091474,1527094.5,0.0011444661046591295,35,22
36,0,19.849757682660936,711.9676769301497,512724.5406259447,3.2874281342581435,0.30599915591237214,13255.755836194741,1502645.0,0.0017190093242562285,36,0
36,22,734.799992930687,444.5338859702708,463040.75348417665,3.371485479082527,0.3298909241519707,10624.842464125557,1536829.5,0.001680765658268317,36,22
37,0,20.0792009607106,713.0362542070765,546873.9239038416,3.168726469109793,0.24297739634502985,14984.206588546558,1560979.5,0.0012826902269220187,37,0
37,22,734.636307833934,440.5723013348313,439702.11519105826,3.368110167803295,0.33367853810112,10121.781933985092,1483042.0,0.0013501119884889205,37,22
38,0,18.91266707697592,712.579295270272,489922.0615830259,3.3809387849083867,0.30828763578985735,11091.053050860846,1501835.5,0.002164269911272569,38,0
38,22,734.5497458281544,437.6533862253928,443843.7775444495,3.4384640443224264,0.30213640803356573,9780.29223575911,1532250.0,0.002121299552496259,38,22
39,0,19.30549154424241,712.5801972636127,513909.46194191044,3.064776850417848,0.2275068369882696,14479.19515788716,1516240.5,0.0003008425187734368,39,0
39,22,734.0196659130054,433.2075489145403,434987.65171511704,3.5204845594111105,0.3260448450860345,7953.360720529566,1485975.0,0.0003069705109208041,39,22
40,0,19.34193299099145,712.5928566550875,508116.673908909,3.3570850039678586,0.3385877665129328,11825.989649161984,1499483.5,0.0028442358783557263,40,0
40,22,733.5461323216031,430.58426376717944,433151.92596337374,3.5411248235830666,0.2909373770415131,8418.501106183108,1463546.5,0.0029140990172195906,40,22
41,0,19.550148391053273,711.9139144632958,492376.7208375896,3.331417700762483,0.2991761271518051,11879.053988721236,1484015.5,0.0014997800664027533,41,0
41,22,732.9430474901172,427.6953531722631,427343.93374679366,3.497062539838011,0.3509517404128011,8556.945669841569,1473918.0,0.001510056390337735,41,22
42,0,19.949233848172835,711.4774618199447,477303.1997617193,3.443926453271427,0.3048280744164317,10320.62153199179,1473506.0,0.0020783164520388714,42,0
42,22,732.7910782086318,425.41841176549934,397905.9430255052,3.4662878580913494,0.27005834604261264,7868.1966134986915,1475715.5,0.002075203987180316,42,22
43,0,20.66399435281157,710.0098908144669,493167.4969358246,3.3043009711549374,0.2667159679352543,11799.713116869421,1457735.5,0.0012014462631392954,43,0
43,22,732.9551929604016,421.5404896415801,413191.663588154,3.5164455504458862,0.3105480485876067,7967.3276601084135,1407707.0,0.0012441503201499834,43,22
44,0,20.9911929593059,709.5393634815778,492006.0494351259,3.4498426256010783,0.3858067584205246,11331.048411233203,1428005.0,0.002131209030388295,44,0
44,22,732.5998244960623,419.29606130911515,410800.20248795464,3.5122405292010535,0.3106336042680096,8249.798404669787,1390979.5,0.0021879552901265323,44,22
45,0,20.96641798909303,709.1476049307477,502184.992009496,3.3251289316446515,0.27466417396688114,11709.238004643525,1497155.0,0.002012931006426296,45,0
45,22,733.2668533201764,417.2520661487675,413760.0567330501,3.5915177510403673,0.3803165193858838,8479.103382672898,1435935.0,0.0020987671809432665,45,22
46,0,20.59914262732573,710.0949602800382,470939.8889228099,3.3334440378731247,0.30602738957312603,11099.933100816175,1456356.0,0.0004861925877514968,46,0
46,22,733.2155297166341,415.0078430359954,421898.36631374934,3.4564291768915587,0.352088376455713,8476.31254971417,1473354.0,0.00048058285865067667,46,22
47,0,20.636028403948412,708.7439398748672,484597.4526316258,3.3449630250146356,0.2936876677891671,10917.089045518478,1411507.5,0.0007929020123326181,47,0
47,22,732.3228186791994,411.41295587291705,447903.90333974425,3.4408632067131233,0.3500521062910285,10007.331625058605,1449058.5,0.0007723519440218118,47,22
48,0,21.13093261107333,708.8390879983453,492344.3416798273,3.3382478002204694,0.3184871995375362,11483.249951716089,1385569.0,0.001415456326817987,48,0
48,22,732.4530972263917,409.54382070071546,437081.20128719363,3.4945082749235645,0.3750744128891536,9330.140585769323,1433980.5,0.0013676621250214387,48,22
49,0,21.1014579218758,707.0516472592246,498935.00473871274,3.322273712218481,0.30418784987985364,12648.467541040069,1477123.0,0.0008701128165127227,49,0
49,22,732.446651561258,408.02796434661025,450222.7247872692,3.4210047852089547,0.3462195229711112,9617.016642774266,1464153.5,0.000877821244433679,49,22
50,0,21.377340947508824,708.1643928814826,493371.6915372455,3.2825679772477714,0.28583730462310597,11732.113035292245,1394317.0,0.00081865714528706,50,0
50,22,731.741319873343,406.0909091805578,422667.5412980064,3.422726650694531,0.355787762742417,9759.456861216557,1372414.0,0.0008317241831168641,50,22
51,0,21.033905508959517,706.6736388393904,477985.6914520579,3.3042660286274512,0.27601537855596586,11321.797170483715,1318249.0,0.0007328777701327418,51,0
51,22,730.9638051372239,403.99064166975626,431772.17391071987,3.319534410250077,0.3470860990170045,10498.39373990308,1298992.5,0.0007437433913544536,51,22
52,0,21.804509035881157,706.7750133056282,518703.89815163316,3.359875532282188,0.2777421727299312,12116.32142279288,1400259.0,0.001034040288004696,52,0
52,22,731.1422054629091,400.0336080052937,457495.5847571795,3.3873926881518024,0.3394698099729005,10654.006768317879,1401563.5,0.0010330777365700002,52,22
53,0,21.217708381605448,706.0448708354784,477479.3567716991,3.404109261792391,0.30000957614008605,10646.13950438571,1400080.0,0.0011722604516327124,53,0
53,22,731.1258532528963,396.97168733789243,447350.7819742875,3.3994357960632824,0.35782146069810306,10859.062294473424,1347069.0,0.001218394990113568,53,22
54,0,21.955302920196054,705.6403916292903,470452.5135329829,3.2866437329024616,0.26938897725209054,11867.270611642813,1302698.0,0.0010835721660830738,54,0
54,22,730.5821646443054,393.09572566834,450426.4943758357,3.4933818532367904,0.3609670265656216,10065.988465232742,1232086.5,0.0011456820728115173,54,22
55,0,21.755810743638964,706.127815870696,472868.85058005236,3.285881047793659,0.3275918354093092,12116.737481440736,1241038.0,0.00035685795850121473,55,0
55,22,730.4227370081296,391.05680978625804,463386.1864641422,3.346178071369111,0.30440957163005383,10536.29346212238,1215573.0,0.0003643346336785387,55,22
56,0,22.29928220260747,705.2983684750205,469716.65937246784,3.3603856081956223,0.3168926445507078,10971.169969313423,1299771.0,0.0014969306792165073,56,0
56,22,730.3661843189326,389.0911417916881,468748.6149634108,3.321153362974176,0.358958064271562,11831.65388847526,1128568.0,0.0017240533353766118,56,22
57,0,22.327562913761874,706.315715326452,479861.80067091866,3.288965627704511,0.31892254391186947,11703.946357827284,1315483.0,0.0005330561964108052,57,0
57,22,730.0729115356522,387.9959255617003,491778.54605343373,3.3501164107211188,0.350580770392055,11384.747820795632,1124339.0,0.0006236912607467432,57,22
58,0,22.67144160870194,704.5902539586127,466127.22058572475,3.308531315913095,0.30338401196438236,11108.43972064972,1205790.0,0.001697251683946774,58,0
58,22,730.1494413053084,386.1930171898818,458223.13847680093,3.439825712503605,0.4031941870051693,10360.75627791368,1006427.0,0.00203354963282397,58,22
59,0,23.44532965329272,705.1516297245173,484639.0588369786,3.1844527161776393,0.31439642724943156,12762.126134454626,1201943.5,0.0,59,0
59,22,730.1960617595017,384.03856627645865,441741.15586402186,3.374604901657647,0.39927879460980187,11153.45477296875,926859.0,0.0,59,22
60,0,22.416490501598787,704.5161663852076,468160.9796647693,3.3421300361998667,0.3422918172770239,11172.516428515115,1258917.0,0.0012003578057341064,60,0
60,22,729.7542018931298,382.22186481413956,454819.0425705231,3.3887202238522076,0.368530078494279,11280.98746180167,953897.0,0.0015842704863020844,60,22
61,0,22.729285526873905,704.0917474064056,457550.78957590734,3.2688887516020397,0.2871085883243817,11403.805242192846,1214506.0,0.0,61,0
61,22,730.3147520260128,378.7373206778515,480143.23392364784,3.3449122963422857,0.38065974604370684,11403.805242192846,1075682.0,0.0,61,22
62,0,23.575440934780826,704.9805871219313,503500.4864110177,3.118687395790793,0.26520092106080867,13828.841214143436,1216379.5,0.0,62,0
62,22,730.5969655032266,375.6936725047608,465280.61817350314,3.386624480008596,0.34518276535364706,10671.074322724857,1033418.0,0.0,62,22
63,0,23.583440269488307,705.6778027794852,486768.4420779753,3.233583192097362,0.3036247822352652,11999.769857206422,1204764.5,0.0,63,0
63,22,730.4417340528562,372.48422976708,479101.92244698235,3.3877781533516225,0.32307321308260384,10666.462095294597,1168362.5,0.0,63,22
64,0,23.24027777255716,704.891852176951,482911.927591124,3.1547781915014133,0.27553172387862224,13411.08970439761,1193169.5,0.00014460902334782785,64,0
64,22,731.1099280189594,368.75122658330287,461724.659822832,3.3932696239087545,0.31237291611912915,10593.633884146011,1181254.5,0.00014606780612195228,64,22
65,0,23.595165411980652,705.4526964094619,487146.6462292661,3.1823050442189307,0.2673064758836239,12357.22235024203,1160479.5,0.0,65,0
65,22,732.2741168846742,364.9814422147652,459484.6072067059,3.3021238184404695,0.3554799087065669,11563.639263529238,1119853.5,0.0,65,22
66,0,22.419869595726777,704.2095166579948,482926.0003105669,3.3224674742961313,0.3178209038769315,12042.486269577748,1097473.0,0.0,66,0
66,22,733.1407094599571,362.6859807564042,458618.01876641926,3.382891984881593,0.3395468932937005,10927.441244616846,1111928.5,0.0,66,22
67,0,23.227437349050373,704.7303452606768,511030.9873935452,3.0388404359737247,0.21163673966218144,14521.854851508051,1188553.5,0.0004900930341461816,67,0
67,22,734.277802922703,359.01078968776557,459282.47288301255,3.403223801915209,0.35629996453918816,10833.764730490133,1104459.5,0.0005274126487291735,67,22
68,0,23.192435114138085,703.8032007388036,479956.62431840424,3.2765897834695537,0.31020869609868656,11485.546484776896,1129244.0,0.0032315663512108603,68,0
68,22,735.1068627130036,356.7559701361775,454317.17206450837,3.5009118905469228,0.36061275939907617,10209.374653135019,1101397.0,0.0033132666174354344,68,22
69,0,24.733275902018242,702.8470216711314,533568.0197499453,2.8534772845409035,0.15350606444172749,16479.53063158578,1082604.0,0.003453239729645602,69,0
69,22,741.2980707184329,333.91657910921725,429850.69409660815,3.3951155578970402,0.3616558278806138,10026.008146489252,878257.0,0.004256623979065227,69,22
70,0,24.326055738705577,701.613185451087,497147.66261929047,3.07842640875392,0.2424191648035297,14171.30069575266,1038154.0,0.005493712953150657,70,0
70,22,741.7423088506318,330.3021866913616,445416.6543884535,3.334708286868596,0.36434766277694824,10830.099718705285,971661.0,0.005869526623953912,70,22
71,0,25.30769442704048,701.802009957411,537955.2041724945,2.939364284192048,0.15374878738759587,15730.360732629382,1150147.0,0.0,71,0
71,22,741.848198724696,326.9107938949176,453520.1796517633,3.3684707593078738,0.3225137005248712,9831.475457893364,1056623.0,0.0,71,22
72,0,25.00362289511143,701.8217135622258,497708.67873367324,3.1903254999419906,0.26652625848348854,12603.120317841633,1066206.0,0.0,72,0
72,22,741.890888074161,324.71905896490495,442025.8016930275,3.4087375910663136,0.3559412495864161,10426.21771748717,989999.5,0.0,72,22
73,0,25.666044029227443,702.0650465973357,527872.7452221524,2.9456159141394354,0.20125635783084556,15475.832676104194,1135811.5,0.0,73,0
73,22,742.1239888711729,321.8534768086447,432758.50351938076,3.2679438582722975,0.3072937340410693,10844.379101503668,974533.5,0.0,73,22
74,0,25.07753871726745,701.344468065339,478481.0644136847,3.245939679340002,0.29021705127859937,12477.137804088909,1134083.0,0.0,74,0
74,22,741.9326512507998,319.763589176021,428343.5748889972,3.3919923308002002,0.33644260041514895,9844.347258271982,1056567.5,0.0,74,22
75,0,25.540952397985798,701.4968484014669,534677.3783479402,2.9206549998119904,0.1763816654909398,15705.721203068484,1222027.0,0.006363577332020616,75,0
75,22,741.8231402730535,317.31139409617145,440898.28942527034,3.3576594719509343,0.35541188748159724,11039.52867172205,1089426.0,0.007137568479119739,75,22
76,0,25.435971528123417,700.7177256057555,475900.6143516665,3.3714569626194484,0.3189704904680716,11183.043157088769,1080821.0,0.0009660414337319765,76,0
76,22,742.0503496893859,315.0712255476701,438059.0036685883,3.3100874158186535,0.3351113290418089,10957.123093309197,1012081.5,0.0010316578545704125,76,22
77,0,25.876775002420516,700.3497335427775,504904.35780882655,3.022399597812814,0.17369761476937515,14006.295384405927,1204371.0,0.00013685776004847652,77,0
77,22,742.7710427601111,312.23855928126767,451364.1641619846,3.3226932284353743,0.3047069665657726,10730.629528375508,1120892.5,0.00014705134830014075,77,22
78,0,26.06415342160878,699.8104189885067,493217.37699250807,3.2506996254529437,0.30516566118493654,12527.94710438636,1218691.5,0.002775503894313335,78,0
78,22,743.3141818007348,309.1884923038486,430464.7770822485,3.363644738306573,0.3480682996727322,10496.38811448587,1127759.5,0.002999282952891754,78,22
79,0,26.399973338859585,700.0656074769365,492000.5782419973,3.039811174629294,0.21753097027929094,14343.067704681955,1202881.0,0.0,79,0
79,22,744.2680554697052,305.5892816640881,453307.6514107622,3.3430689320920615,0.34917136861737813,11118.657135412368,1122220.0,0.0,79,22
80,0,26.49207010878758,700.9773229990146,494644.96767164674,3.2689693657612815,0.3145599604860283,12145.300545509182,1190848.0,0.0001021099828090274,80,0
80,22,744.9858899697472,303.4992292376552,433918.4649441008,3.310942610031337,0.3006555350610527,10820.358667817272,1114807.0,0.00010907564901567568,80,22
81,0,26.794379309517794,700.7495882803918,509822.54642341053,3.111903879746353,0.2121133133003633,14161.737400650292,1269562.0,0.004771626273670765,81,0
81,22,745.1347192365391,300.83548547007246,411470.95282204397,3.3088531978760938,0.3034571302545701,10704.935357971875,1125155.5,0.005383827841137337,81,22
82,0,26.65818631229907,701.5745775446828,471650.43691352,3.237583168390352,0.2885262310814599,12467.512139323635,1270868.5,0.00184930893853337,82,0
82,22,746.2480449137408,296.67972071176234,410759.99816164473,3.415412222617719,0.3667561716400076,9795.902395182857,1144039.0,0.0020543276610215425,82,22
83,0,27.088965137932117,700.7090159885523,494467.6020487587,3.0937416598988965,0.19071184172286978,13229.90239595341,1234214.0,0.0,83,0
83,22,746.9367778885301,293.3366922810677,425782.3587764339,3.3168199628523976,0.31712050000559544,10142.925170230948,1103408.0,0.0,83,22
84,0,26.905698805602462,701.3196607955957,480896.0656520316,3.3101176489820823,0.3115782236817984,11959.313519523488,1199860.0,0.007946650390443073,84,0
84,22,747.0266216497753,290.2970618204411,431961.6268473759,3.3270620881919646,0.2977078094892329,10532.973374993164,1123955.5,0.00848264807189418,84,22
85,0,27.44277317274864,701.1440123505648,510183.0305509434,3.162960878856306,0.18670587065134678,12897.885603815985,1342413.0,0.0,85,0
85,22,747.519680209091,288.0728679714988,454402.4312729016,3.365672817983033,0.30922654520307796,10472.642156944603,1233773.5,0.0,85,22
86,0,27.143023147714093,701.9463628931447,496410.6194103036,3.2435254808764165,0.2437934906710911,12120.892818861352,1335050.5,0.0001260152608648631,86,0
86,22,748.2927169071844,286.2909612845983,425323.2209861708,3.430251284784408,0.3716696918223308,10264.539864621323,1168452.0,0.00014398443945516577,86,22
87,0,27.671409865627368,701.2374760615241,512687.16574648046,3.113763582651812,0.205504419491634,13531.650278359388,1311516.0,0.0,87,0
87,22,749.1826652671973,283.6679524224641,457694.5390152279,3.4995945163145303,0.3857645616147104,9634.534998191884,1205580.0,0.0,87,22
88,0,27.83985080734877,701.53287757103,496390.9874659058,3.283572736020928,0.23303757288730428,12453.089781539958,1344753.0,0.0,88,0
88,22,750.236276820469,281.4846098052078,447444.93023759226,3.444238423162031,0.34190833120994796,10070.759562462748,1229961.5,0.0,88,22
89,0,27.906284062513244,700.2924867573378,488896.0558112608,3.215000468363685,0.23520971128691098,12083.603249844122,1366444.0,0.0008227091517998714,89,0
89,22,750.6291932141498,276.6366611378449,457217.4202643722,3.3866333894128124,0.29846643517319926,10559.545182296215,1350101.5,0.0008326692159988561,89,22
90,0,27.8598103117502,701.3499244482464,535382.7565746711,3.0556847517906,0.19326425584481666,15241.449766159443,1410431.0,0.001039222213583167,90,0
90,22,751.1050518944085,273.6279184211981,450374.1071746833,3.4218776865649727,0.3771693223725112,10733.415328281299,1277415.0,0.001147454781372464,90,22
91,0,28.304756511563564,700.4012147075674,488723.3279812365,3.132147595547572,0.23050912909747345,13437.510858111504,1304614.0,0.0001728344016942904,91,0
91,22,751.5891656015039,269.67173677961273,449257.25278379093,3.4244418079029484,0.32254163377216366,10157.488522666963,1279930.5,0.0001761678567091312,91,22
92,0,28.765281035509116,701.0586646139875,506854.3603871718,3.058798356906782,0.17189957637403072,14191.07486249081,1374453.5,0.0011443176902223235,92,0
92,22,752.0655504780998,267.22716503667465,447018.85816846055,3.365093892589991,0.3119707310474325,10166.740199993415,1281923.0,0.0012269344927663588,92,22
93,0,29.084477800780782,700.1535556389983,491506.30869793624,3.2287485020162014,0.23302584857004227,12494.128484781662,1364146.0,0.0014528540219179184,93,0
93,22,752.5801343005187,263.83159408730734,422153.3073629194,3.4476630835098345,0.3656119609512132,9317.655141193105,1264682.5,0.0015671432272433825,93,22
94,0,30.50578190474168,701.1205578337359,514612.15013712295,3.097298496005005,0.1494297768410064,14023.544664616795,1343622.0,0.0014769471023386572,94,0
94,22,753.2381793354004,261.51913911871736,461530.4366288327,3.4649136827227505,0.3449426316896685,10283.932754052315,1239280.5,0.0016013060106257982,94,22
95,0,29.86499821187752,700.6543576455091,506805.6925668624,3.310725614250263,0.2489949957154647,11558.183173994825,1290678.0,0.0,95,0
95,22,752.9539353120059,261.8351829652556,439004.5644836963,3.474773079622036,0.3734141872877787,9700.618021031372,1161344.5,0.0,95,22
96,0,30.80344601395096,701.4170188376556,542792.3505500747,3.027558803192645,0.15146770194884007,15186.716127697258,1377284.0,0.0,96,0
96,22,753.4581836538786,259.8095578692132,459424.7130658625,3.389630921038442,0.2833326837404565,10407.679584016303,1254871.5,0.0,96,22
97,0,30.61522494271437,700.0962784658485,483726.11518772517,3.24539401060539,0.21066653243610928,11753.892792279605,1254304.0,0.0017126638965619379,97,0
97,22,753.7247253051945,258.8886957187775,439702.44400209613,3.351537975970769,0.3358992145909044,9937.38208801821,1174526.0,0.00182899475326981,97,22
98,0,30.47306922316763,701.0770064117233,538152.679294633,2.897559310884899,0.08136070268925753,15676.434791902717,1266386.0,0.0,98,0
98,22,753.8145706815259,257.0157759543527,428739.7542744353,3.3670967235297544,0.3644805384075505,10629.911263002527,1093026.5,0.0,98,22
99,0,30.476821831598453,701.1894967165492,501717.7035261211,3.1892300999600134,0.22048256298829663,12640.174701239486,1220107.0,0.0028103882319784994,99,0
99,22,754.6919268915282,253.43118403835732,429225.76143610664,3.39893085157718,0.35548798575092205,10911.603801924684,1101579.0,0.003112712561633847,99,22
100,0,31.37274620494644,701.0760906747865,505506.97514445346,3.0495758107646216,0.15396623244334334,13913.036013150095,1213157.5,0.0023066228945666017,100,0
100,22,755.3323512765944,250.70156191808883,441573.2620364066,3.423913082307844,0.33740899454753376,10048.303787275068,1168414.5,0.0023949655046122,100,22
101,0,31.532460221828842,700.957059803617,487552.337632597,3.2943783050047393,0.2669090965814737,11210.530973764704,1125965.5,0.00047174132590532494,101,0
101,22,755.4979651332818,248.0353817668299,449373.0764860964,3.3748687029367024,0.32178140239758485,10787.492069094336,1112163.5,0.0004775964506038875,101,22
102,0,32.4464870775306,700.3645361408379,481032.32357099594,3.182112219285917,0.21608261439605667,11934.418398833383,1076265.0,0.0007220148322368506,102,0
102,22,755.4541879459389,245.16905621432136,431789.4080154492,3.438126980126549,0.3798850703896641,9891.5900242583,1024544.5,0.0007584687046593609,102,22
103,0,32.678683332353245,700.750058612921,481819.0888290206,3.2905014404506696,0.2416056604280843,11616.638689658677,1079060.0,0.00481624965561417,103,0
103,22,756.6727825263077,243.32651911100294,440563.7364732235,3.410764856286527,0.3216457484832774,9879.571222046165,1065082.5,0.00487943611931933,103,22
104,0,33.672810801166534,700.5654945141914,470620.3043438928,3.1888163800755356,0.2222226313325189,11964.922991793885,1097068.0,0.0,104,0
104,22,755.807618963071,242.27491138585185,416778.1508808203,3.3755303598093565,0.315060084607284,9749.196511832053,1020945.5,0.0,104,22
105,0,33.33870606817903,700.5557839187435,497299.3760702991,3.282051790815796,0.2604007008611002,11971.208478724075,1055871.5,0.0014560080785499664,105,0
105,22,757.1660760234395,241.74923284345797,437443.33367667877,3.2785565368164207,0.3019817098246211,10872.932471501683,994717.5,0.00154553954110958,105,22
106,0,34.24588681177118,700.2206236092416,479615.6036681674,3.268025529797457,0.28346909150759053,11393.335491432024,1026248.0,0.0007543360589992266,106,0
106,22,756.5434702303206,239.6998711133664,403367.89691781456,3.3447162154136896,0.3238035162286414,9421.412040991867,933294.5,0.0008294730431662033,106,22
107,0,33.71772399240796,700.8132811654446,481731.84353337437,3.181254647060586,0.22409097389572316,12426.733588706613,1052138.0,0.0,107,0
107,22,756.0448090229557,236.9598949513798,397319.617174052,3.3912688515924754,0.33830156979603593,9404.01460766987,946104.0,0.0,107,22
108,0,34.95945825487344,700.538881679855,499464.9288356732,3.1392233318188483,0.21406209424444203,13449.218496335174,1083641.0,0.0033077969459039194,108,0
108,22,756.6994172392433,232.9776741894825,404669.63072440756,3.3789913313861013,0.32341581431704786,9110.760916872216,969167.5,0.003698459767388131,108,22
109,0,34.66111813632022,701.1343501102103,529597.411070717,3.17141790522081,0.19611560885497906,14092.47630515213,1091911.0,0.006049310268837962,109,0
109,22,756.7382875491387,230.08883245884252,417933.36217951163,3.403079837581302,0.35132855272217106,9574.277795103355,953779.0,0.006924940183335987,109,22
110,0,35.84487247255136,700.901611534833,508937.8021731723,3.158928853065528,0.1817418113235998,14113.220170339875,1058551.0,0.006046040543439111,110,0
110,22,757.611913063073,229.3273300236586,430291.61343769054,3.377626762064708,0.3580909967135111,10234.777986124336,949371.5,0.0067408916240871974,110,22
111,0,35.622811915652335,701.2827558151214,515707.4826008504,3.1518821877215046,0.21401873647774458,13325.219387894447,1127710.0,1.82109956682112e-05,111,0
111,22,756.8692107725702,228.0737181983648,390944.7430093548,3.423193214923164,0.34532968770302724,8919.300074155153,927933.0,2.213216872865454e-05,111,22
112,0,37.05717153264518,700.9926646352358,488960.1654827941,3.17802899696198,0.18254106009173704,13093.31435226095,1046508.0,0.00887390089067259,112,0
112,22,758.1137799223275,227.23343905175759,415659.0695598906,3.3799350221472477,0.32442385634368515,9444.357893434128,940201.0,0.009876059379652347,112,22
113,0,36.65392413474796,701.3388646054142,488677.63564197073,3.118939365363086,0.19910250073698343,12831.077955590345,993795.0,0.0037416109476233732,113,0
113,22,756.9309866568584,226.9769063391585,401272.77127782116,3.332818581006989,0.258169950595639,8992.721302208618,868924.5,0.004279212205443116,113,22
114,0,37.64548935824464,700.7727923700593,499296.4036869934,3.2285244918682925,0.2263032475480587,12735.48707900114,1012890.0,0.00032191028504687446,114,0
114,22,757.2178096997037,224.4485967434693,447701.3534695016,3.2907565287461686,0.2629017308240201,11211.582642197583,968880.0,0.0003365345970955684,114,22
115,0,37.45266034356495,701.5729518922756,511850.29906683764,3.1822516771395906,0.21534909324746954,13289.333954754078,1107605.0,0.0,115,0
115,22,757.5128952796488,225.06130374765917,407855.9873256669,3.2622627756478804,0.2691129297038697,10336.148631475395,948531.5,0.0,115,22
116,0,38.06741110753083,700.8288789646854,468521.404632314,3.273820879973996,0.251668884138907,11968.005671416284,955803.5,0.003926751913969801,116,0
116,22,757.849671396651,222.93268654694583,429391.22956750944,3.4202003212557854,0.31950189040464116,9782.543766201135,937405.5,0.00400380068203721,116,22
117,0,39.0382774487334,702.1791364509211,475658.27187824977,3.215113030983109,0.20879851406134806,12805.389863852144,1009065.5,0.004547008376499721,117,0
117,22,757.3319852142599,219.94456777306664,439100.94920241385,3.259871757573163,0.2822589701041424,10843.27367503609,978141.0,0.004690724048772959,117,22
117,139,444.32828532068424,10.105102344518151,377552.4624374471,3.3552842154282505,0.3060239492556011,8984.426759315616,922235.0,0.004974991026306279,117,139
118,0,38.764060397638254,701.5645367231594,472407.38857748726,3.3391199309454174,0.26808917959553114,10930.004096119837,946691.5,0.004746979812591176,118,0
118,22,757.1113270364962,220.33463036777343,423747.85111110756,3.303549978480341,0.30617360285416984,10824.907902887917,923766.0,0.0048647270950517305,118,22
118,139,445.4925411530833,10.66657164420017,417967.5604833519,3.391554242680041,0.395917393219679,10089.234550264466,964528.0,0.004659239680365118,118,139
119,0,39.368042547323526,701.6785325730289,474183.69455832423,3.2553768772965874,0.2562033903266809,12062.754949367547,956289.5,0.002124892734737333,119,0
119,22,756.677670699598,218.5989977208987,433084.92769543483,3.35313729240991,0.3130874051898766,10141.254160972716,931447.5,0.0021815617742342976,119,22
119,139,444.60010413964505,11.552006791188354,395615.66232173564,3.389533427943635,0.3816362780433626,9714.253985773865,900010.0,0.002257760581135825,119,139
120,0,39.32192581484933,701.2994678534394,470023.21265273425,3.4349630976185077,0.3001811488547673,10108.026078553425,991191.5,0.0,120,0
120,22,757.4796112004348,218.36510468709847,453103.2559560252,3.1620476122036605,0.2629110289818522,11536.334111392494,1036560.0,0.0,120,22
120,139,443.637147979143,10.604496625997832,419702.82195732696,3.479558857517995,0.3907278207010685,9448.806986473854,923719.5,0.0,120,139
121,0,39.00587157306708,701.3261968680716,464291.2940343351,3.2903838851068854,0.238621662246428,10971.787715832439,961054.5,0.0,121,0
121,22,757.5909241705884,217.90984304569713,433005.4043099812,3.3799755652780346,0.3513037408768039,9994.10366194638,918404.0,0.0,121,22
121,139,443.13229665890674,11.456462665543206,401610.88302408444,3.3827595158561343,0.36189592127643366,10211.36678503217,920823.5,0.0,121,139
122,0,39.18168384948412,700.9912278937657,453584.5281708008,3.336524394960711,0.2628260726902726,10820.241607127882,864187.5,0.0,122,0
122,22,758.4991895691152,216.4035706676176,445685.75179759745,3.195613344376776,0.2483334621140028,11577.658519626833,890406.0,0.0,122,22
122,139,443.38197690263047,11.255950807523217,400457.1418798029,3.392101065008783,0.3431631265413122,9738.217446415094,894467.0,0.0,122,139
123,0,40.37322620376101,701.4109220288055,459601.6764265306,3.382801072379476,0.3075331332096853,10871.407079248864,928827.0,0.002595196166886156,123,0
123,22,759.2723754058945,213.82517537089936,454424.8159126025,3.1272838544366413,0.2184435324240386,12320.928023148714,930435.5,0.002590710138052066,123,22
123,139,443.6086321086981,11.865622186935237,427401.6040298982,3.411605250845546,0.38151331467669236,10560.795448413182,882113.0,0.0027326154727010297,123,139
124,0,41.07068184999672,701.8164643335591,456483.6815547745,3.406772098526887,0.3166834082066568,10488.956809464924,934951.5,0.0,124,0
124,22,759.6663839606233,212.5821658316668,440429.15582600166,3.14080269282958,0.27531988503819965,11773.318867766751,949130.5,0.0,124,22
124,139,442.79518429939685,13.41406841540078,399543.63030339347,3.4400066658711013,0.39240226963245634,9632.715437263705,872126.0,0.0,124,139
125,0,41.61926277965879,701.431148019548,478779.5464154317,3.3161117436221517,0.23271848534723807,11296.069153177155,915182.5,0.0012520973514750827,125,0
125,22,759.5667819175584,210.43665647359677,439460.53647841123,3.372418732419229,0.32395568782189293,9558.212360380669,898361.5,0.0012755428566288683,125,22
125,139,443.60606043980147,13.319000740302329,414696.0771810613,3.422072684245591,0.387191942948625,10535.756806328693,904989.0,0.001266201237494752,125,139
126,0,42.6777369936412,700.8891084068446,460163.03288040997,3.364315783284199,0.2746239897475898,10578.460525986437,858253.0,0.0,126,0
126,22,760.1774178994569,210.58089334872645,432341.68169706565,3.022669426589995,0.2008850550225542,12588.368025923859,864529.0,0.0,126,22
126,139,442.5550900802418,14.547461243172018,398384.8234086492,3.476802726063687,0.3958149388626455,9203.2606576082,816517.5,0.0,126,139
127,0,42.81922171022692,700.8223861311901,450790.1504412192,3.325050804777267,0.25662951513797055,11016.377088006335,893906.0,0.0,127,0
127,22,760.165640165016,210.28792457594915,422588.225095923,3.2902278922437658,0.2624494705886658,10465.558233606018,894002.5,0.0,127,22
127,139,442.8185496205907,14.079121139506803,433053.783329529,3.4514107365316935,0.3743670722661425,9694.411837445574,872676.0,0.0,127,139
128,0,43.66839493316972,700.1743028922423,449809.7476304816,3.335337020742397,0.3044033093832037,11078.07454781084,888922.0,0.0,128,0
128,139,441.9493133881153,14.361504317185023,438432.26566245966,3.371490385029176,0.3858427119939559,11676.889388233049,921293.5,0.0,128,139
129,0,44.241645890750256,699.9834583239899,446271.8006862173,3.245466999066779,0.2499657713283052,11723.427338517093,814838.0,0.0,129,0
129,139,441.59327332871766,15.018376951607497,441875.5154342734,3.468279555860998,0.40399841782787305,9867.218009918552,963399.0,0.0,129,139
130,0,44.000504028568045,700.0551948354416,455197.07000307215,3.1902817389885785,0.24754607359393532,12167.21727995633,820611.0,0.0,130,0
130,139,441.0094604660555,15.610413345677689,421353.80177058856,3.438120793914207,0.3883730627025648,10020.061289375803,829607.0,0.0,130,139
131,0,44.49490029730811,699.1634823593778,436601.81382483523,3.276759041689819,0.27572461239287777,11061.288340507397,854195.5,4.5350016921479894e-05,131,0
131,139,441.22711805979014,15.37611895595108,427880.4134025121,3.496491618974801,0.3676729935355188,9465.910214472677,873620.0,4.434154898304356e-05,131,139
132,0,44.81510805989235,699.3319250738434,462911.45936001826,3.315499031982656,0.29062222606157684,11124.563769034503,851172.5,0.0,132,0
132,139,441.5504901455311,17.141585482447834,430941.8392082298,3.4688011551015845,0.3989672602899933,9828.49808720524,916907.5,0.0,132,139
133,0,45.73893109337658,697.9869958551878,434522.7036064939,3.23254232528937,0.2472930107065598,11442.87392521216,753527.5,0.0,133,0
133,139,440.45047788951075,16.363835897108885,424305.85188755445,3.586635438452063,0.41294137369772244,8990.829512666696,873324.0,0.0,133,139
134,0,45.020234353284096,698.7258985978791,447344.08638478286,3.2996111821842313,0.2872223547529395,10584.985273979471,776699.5,0.0013332787268754815,134,0
134,139,440.0266734178168,15.434108509143197,442719.5782553744,3.488773612385483,0.382660496244035,10071.151037378526,834907.0,0.0012403205801350759,134,139
135,0,46.575858095303715,697.7347899378495,458073.1678125004,3.278710928885201,0.2537323465088313,11013.781084016404,856088.5,0.0037821527963234204,135,0
135,139,439.7478291094776,16.88917781454854,447660.1384239758,3.429417385064717,0.3707416628474706,11013.781084016404,891418.5,0.003632267739928114,135,139
136,0,45.21514779659391,697.9329447015559,453524.21800765494,3.3493847035848843,0.2793928991844855,11004.406997265049,768285.5,0.0,136,0
136,139,438.7307205706173,16.877338432021716,465038.08829183044,3.533767246905541,0.4219563611488415,10393.051052972547,955944.5,0.0,136,139
137,0,45.82556085872097,697.4067567162225,431042.8497944178,3.2299564813853547,0.2536460283146334,11362.795005667087,770380.5,0.0,137,0
137,139,438.7149740206312,17.68392696066138,421379.1643223084,3.439900188443207,0.3813802196437567,9345.102434567323,827323.5,0.0,137,139
138,0,46.38350381138178,697.1097710342304,449569.1181553293,3.360100810087693,0.27815757753290593,10062.633560949316,800069.5,0.000187739972402105,138,0
138,139,437.2391361489725,18.34590031277777,398836.6739522098,3.396411494225597,0.37642977457917914,9852.99536176287,772571.5,0.00019442322591269964,138,139
139,0,47.18546148111034,697.1881363871221,428889.7796353218,3.350210671154809,0.28814144756079924,10176.375789550368,778570.0,0.00022810296508171473,139,0
139,139,438.3790075417424,18.42894440637391,440548.1518990785,3.4738958613792033,0.36390785061781367,9879.976494709095,938998.5,0.00018912627874972213,139,139
140,0,46.12160218554723,697.0775609814347,433546.8174251375,3.3366164418040607,0.2655243525379386,10345.350482084588,724415.0,0.0003887419633946394,140,0
140,139,437.5632728871874,17.7074282196422,420231.96819356567,3.436154465507545,0.36668029760776244,9770.608788635445,855098.0,0.00032932221735587695,140,139
141,0,47.025719834449845,697.084236640524,429815.6762356065,3.2158937056343984,0.22294632320162533,11045.120606098388,757122.5,1.7691996716197435e-05,141,0
141,139,437.09186957860425,17.086944786965375,430570.898157391,3.5250225274936704,0.37763997171002717,9157.065801637125,814265.5,1.645024557150096e-05,141,139
142,0,47.566233637932825,696.0175280750759,419507.37113423063,3.426844286418959,0.30610605422210724,9103.060817211492,795709.5,0.006005843898497046,142,0
142,139,436.65036206656765,18.65181034188373,435413.7721411476,3.361737111740105,0.36020516927933305,10252.921130964522,884928.5,0.005400729106854462,142,139
143,0,46.94780220723368,696.6632272060134,437337.15028933797,3.2397486883986915,0.25700858018336287,11607.052329953993,790130.5,0.0,143,0
143,139,436.6089761044265,19.465448741152375,425730.097959384,3.4472305184484395,0.36359372004809565,10363.439580316064,903986.5,0.0,143,139
144,0,47.12709809766797,696.9602468435012,431597.48953186866,3.3051610107070433,0.25266330146474875,10650.4668392118,736911.5,0.0,144,0
144,139,436.85862013896394,19.655292806234034,443769.45163382497,3.4458090486850836,0.3796088144860457,10447.600804179194,888041.5,0.0,144,139
145,0,47.77020495163579,697.3683558911447,428375.9286782882,3.2575528369370916,0.2570059247188026,11288.686053935471,799464.5,0.0,145,0
145,139,435.7779447591214,20.745522704607474,408076.09849357966,3.4524889122770226,0.39222336626532117,10100.403311415948,821090.5,0.0,145,139
146,0,47.67909302959444,697.0844298958679,438802.93805644277,3.3925074323029425,0.2874554621270781,9894.94916692759,859917.0,0.0,146,0
146,139,437.24501954554086,20.0101877340425,435472.9070868037,3.5085961418503193,0.3804483590825729,9609.517940958525,961063.0,0.0,146,139
147,0,47.8735423952872,697.6817753743479,451977.87274226756,3.2211251406333665,0.2541895615664522,12220.30298306035,902039.5,0.0,147,0
147,139,435.75142628560695,21.534640308539345,397809.8630655816,3.487387795807089,0.38146450739767246,9100.225625683239,931546.5,0.0,147,139
148,0,47.95501462969983,697.6931190069081,436294.64643916773,3.267418643235656,0.272206863327996,10728.556879651665,833725.5,0.002260337096579059,148,0
148,139,436.26764275480247,20.082650528968614,446129.15691218176,3.554556194446637,0.3784457538458847,9208.677988367679,953742.5,0.0019759230673752673,148,139
149,0,48.99643136099745,697.1203064716964,455269.62085400394,3.2758390956946757,0.25959851032215725,11426.452727675785,928600.5,0.0,149,0
149,139,435.6931479581283,22.472133744486698,431323.75035513553,3.388701636185039,0.30980442372388084,10234.127225657443,923283.5,0.0,149,139
150,0,48.65863015486254,696.5393155440563,429006.80298946897,3.3659861332950824,0.30871185110170923,10644.386782193293,885085.5,0.0,150,0
150,139,434.90753311126605,22.111975336118682,423209.4137598816,3.460177352020152,0.34158695167589687,10169.19094370252,986777.0,0.0,150,139
151,0,48.84105216638918,696.9223498739493,441445.2544697505,3.245187712547837,0.2616592953756469,11754.178989531685,872228.5,0.0,151,0
151,139,432.9015673536838,21.4700180724394,412154.59876196587,3.424571636331222,0.31591043720787704,9573.968370505647,950481.0,0.0,151,139
152,0,48.8752384284901,696.6043482637909,434810.79757274885,3.3636714634883287,0.2959163796056512,9898.131977265828,904483.5,0.0,152,0
152,139,433.6561058565976,22.355851788080113,449051.98745840683,3.5019434229141893,0.3501319181100407,9696.129283852239,989176.5,0.0,152,139
153,0,49.644389284603896,696.7640731362565,452008.5119369463,3.2989516175861975,0.32010117779335895,10997.278506237937,953649.5,0.0,153,0
153,139,435.04912254532803,22.730175111522477,441011.23343070835,3.4752480978993945,0.35692694769519206,9877.185325047036,1031319.5,0.0,153,139
154,0,50.02782330519775,695.9628798450689,451485.82326146687,3.298120866959965,0.26510355267375163,11112.875488646534,977322.5,0.00019142197129076724,154,0
154,139,434.34585393108773,22.14491657579174,417338.98766908026,3.530617884771614,0.35060347191886837,8688.248109305472,1017912.0,0.00018378804069469967,154,139
155,0,49.70445031390862,696.2782225862456,464108.628862826,3.281795787019941,0.25842678952154097,11086.86837363088,956013.5,0.0,155,0
155,139,431.86161459748024,21.757278317036153,412164.5974085924,3.562010710101698,0.3635965214881879,8828.43222344681,975958.5,0.0,155,139
156,0,51.019433359150476,695.7668085920217,440789.4637323206,3.2995443048891158,0.2721648087487428,10470.782925375695,972577.5,0.0,156,0
156,139,432.48988466580903,21.548813294064985,435909.8755729222,3.507321765984589,0.32928220685934106,9555.8601454885,1016103.0,0.0,156,139
157,0,50.096780077333435,696.3700466398166,439038.1972203069,3.3559750529106567,0.31322856135979527,11136.48077958274,980975.5,0.0,157,0
157,139,431.53620190696563,23.49129497633124,436630.30948418094,3.4368649145953456,0.3128170672574757,9531.222288832074,1054973.0,0.0,157,139
158,0,50.29681281614114,695.8693274824243,443652.641537055,3.3283166096301695,0.3044656416873919,10241.925575994166,962293.0,5.236568235167902e-05,158,0
158,139,431.01412076816763,22.849462190936652,430554.7944062163,3.572251244943318,0.36328593812341603,8469.284610918254,1089136.0,4.6266419582906404e-05,158,139
159,0,51.284637190272434,695.9029836939862,463514.20034368505,3.307951208358084,0.2602830829073626,11155.697362998491,995100.5,0.0,159,0
159,139,430.62872175510796,22.91608473297173,416780.87355274544,3.5186985449459813,0.35967671748701247,9246.163580142893,995386.5,0.0,159,139
160,0,52.521032310619525,695.7323775849042,444998.20783456473,3.28573188107829,0.29955092113732223,11135.460347135,1026194.0,0.0,160,0
160,139,430.58899810633665,23.081678807661987,412012.03284399497,3.573123368543724,0.34035274655754183,8404.12101670566,1030637.5,0.0,160,139
161,0,52.62789161450216,696.0751603209504,472851.4131580833,3.3424098498252186,0.2695203371363049,11749.833637910733,1117372.5,0.0,161,0
161,139,428.98827355315666,23.697499557525358,418230.5648953631,3.567372321425958,0.39484598314279107,8997.620353355065,1072631.5,0.0,161,139
162,0,53.99578227824439,695.5981064311121,463681.2646414797,3.178082110729593,0.251321869770952,12305.428208284522,1052099.0,0.0,162,0
162,139,429.2611919953025,23.89682193589515,411807.519866901,3.5702272212183197,0.38242204220834985,8804.746045582891,1053638.5,0.0,162,139
163,0,54.52094253530506,695.8452119851277,455245.91232963966,3.2973756580420597,0.282395390577968,11612.367515406158,1033423.0,5.732733122776129e-05,163,0
163,139,427.85306855953434,23.851535729196858,398417.2465241564,3.4857386592393675,0.3386376724157991,8632.202400832897,997897.5,5.936844177530406e-05,163,139
164,0,54.9361388555169,695.574409392934,464573.1315819586,3.241242098864608,0.24283490768389082,11323.519715048848,1131115.0,0.008747126891393644,164,0
164,139,428.000581135297,24.48804671972879,428543.75067043956,3.529294718589733,0.35431775458011444,8955.874683720453,1078073.5,0.00917716026224337,164,139
165,0,55.0626152298771,694.5160072966972,455639.43819933536,3.3369367537912744,0.2979334851506035,10808.421928994027,1098160.0,7.040682345241867e-05,165,0
165,139,428.2880565591627,23.536881605381794,422817.5330755095,3.5603876509645285,0.3591099078370441,8825.22524477494,1107133.5,6.98361041096809e-05,165,139
166,0,56.23010934508537,694.4868274876027,481792.54669550795,3.178708567582639,0.200369189712802,13120.820335012802,1119763.0,0.0,166,0
166,139,428.32566763752567,22.841647134735638,427718.8628906067,3.5082983196555397,0.3575988197040768,9741.215097206474,1071259.5,0.0,166,139
167,0,56.51987415395153,694.8256535256602,463142.5088155282,3.2490022611738003,0.28727057904718833,11810.739653752571,1111248.0,0.000758092262343433,167,0
167,139,428.3085679158691,24.953314535450385,432151.9355360236,3.456878892804047,0.33661466297944037,9589.91681287602,1080487.5,0.0007796759692005543,167,139
168,0,56.88596950977987,694.885437117386,462156.8394271058,3.1814474101865784,0.21517235091590445,11776.52605128113,1138538.0,0.0,168,0
168,139,426.7609211713846,25.74772268952498,409210.3442534597,3.4134461197927415,0.3314066321487237,9765.899652281912,1039500.0,0.0,168,139
169,0,57.52274028190789,694.6804982810136,460670.61482321983,3.2755295354866205,0.2873172398964206,11198.721675010205,1090944.0,0.0,169,0
169,139,427.20905682916595,23.821199700431702,410858.7008127744,3.5671246885121546,0.37599620556160634,8958.977340008165,1055295.5,0.0,169,139
170,0,58.442026538449696,695.1521807978047,474907.5771404661,3.23768221773168,0.2450054401060076,11173.260892337754,1069032.0,0.0,170,0
170,139,426.3847855935386,24.611531541210578,407692.0549219933,3.4108347510174664,0.29325106112044613,9501.670680098247,1051885.5,0.0,170,139
171,0,59.30114731681131,694.8092639947758,468665.6917986473,3.322866700340704,0.2832415474728975,11012.12633828459,1134293.0,0.0,171,0
171,139,426.6459387249474,26.046538707493845,419501.316729298,3.508861986906628,0.33912105410779764,9624.771838973145,1072182.0,0.0,171,139
172,0,59.185393663014,695.2193165744101,490848.1809096477,3.191682047713482,0.2415691562986119,12427.62113356014,1179278.0,0.0,172,0
172,139,425.8954818436682,25.793671880565743,404026.24843863794,3.5116932977645843,0.3599347259168791,8913.604123381067,1058751.0,0.0,172,139
173,0,59.60673566321266,694.5895394298788,463917.0957407518,3.2902955629610036,0.2653736948579871,11400.43946576538,1101699.0,0.0014486558965397661,173,0
173,139,426.2473454451885,25.882427052507126,408620.4759697953,3.601375201112981,0.3874887261810057,8617.655029239972,1016949.0,0.0015693885863646304,173,139
174,0,59.86917088882313,695.4704817494313,470410.3288968099,3.281475173714959,0.28121498788451005,11613.940857289048,1063964.0,0.0,174,0
174,139,424.13876133093055,27.371203418882708,393593.7122029296,3.394178265302852,0.30668759067148915,9053.386967493037,936342.0,0.0,174,139
175,0,61.05935846568647,694.8406138884288,462822.6798272515,3.259990219599448,0.24780456578487772,11738.25637243029,1073687.0,0.0,175,0
175,139,424.01378827578657,27.575163169434965,409078.2345791957,3.4705152826512973,0.3416112076377151,8971.381656071722,966849.0,0.0,175,139
176,0,60.80360893708777,694.8796371992208,489215.9034297298,3.288821045116712,0.2733804459219882,11386.778588153751,1114363.5,0.0,176,0
176,139,424.5286137611139,27.925670820907094,425466.56637050404,3.526142148697754,0.36055620481211165,9308.899283746132,1025778.0,0.0,176,139
177,0,61.94198455602254,694.1908291115325,481946.0260890946,3.2786985459240343,0.23296095473267542,11697.295326197911,1035486.0,0.0,177,0
177,139,424.4349172626801,27.86839105712663,402858.3427642042,3.565149719770129,0.362595784301544,8903.911367702889,938080.0,0.0,177,139
178,0,61.81948171216417,694.7300044249072,471322.83332916244,3.24231351032327,0.25215721671444447,12696.487176890229,1020251.0,0.0,178,0
178,139,424.3123614368429,27.923707366622153,394413.1771928921,3.462998350122396,0.3536892748350814,8677.45526478109,898784.0,0.0,178,139
179,0,62.76898850052097,694.1746129378165,482652.8612746844,3.3736060015600366,0.25398650517839566,11353.47904955713,1045111.0,0.0,179,0
179,139,422.0412242354969,29.086658968241053,377524.84534252563,3.5159024798668526,0.34390529356014893,8580.110121421038,929190.0,0.0,179,139
180,0,62.91967105292078,694.6185227987148,470339.9841183273,3.3287527212435335,0.29172295045763585,10856.830619319762,1005032.0,0.0,180,0
180,139,421.9734226430075,28.410899689396302,408051.2186159589,3.509882970519363,0.33670656037513647,8556.654640650322,928969.5,0.0,180,139
181,0,64.13589075098717,694.1086637232045,463626.5809283723,3.3548621402081578,0.2864836773214565,11611.734202205243,953039.0,0.0,181,0
181,139,421.9522799242068,29.571755744409582,397795.5394432893,3.537796988657869,0.3660199671577989,8802.443669413653,912713.0,0.0,181,139
182,0,64.70916609829807,694.138582257799,482422.72719954385,3.3493422317246124,0.28100796973193093,11356.643967148795,999595.0,0.0,182,0
182,139,420.90208175181374,29.31989989107835,397857.9650970557,3.481152705159703,0.31356181210655354,8916.373362637483,905629.0,0.0,182,139
183,0,65.5657304929342,693.8231033811041,455806.4013507467,3.275139120351468,0.24942961899698482,11528.002247163718,1005176.5,0.0,183,0
183,139,421.5091642573954,28.908902273384893,408883.82970408816,3.561325546419071,0.349870437901136,8285.751615148924,971057.5,0.0,183,139
184,0,66.41840780557827,692.5262463216022,447181.815517886,3.3923253972606475,0.28729811915312015,10697.254634142846,922762.5,0.0,184,0
184,139,420.8438997054664,30.426792413251416,422770.1318656113,3.589621236681855,0.3666620436528939,8685.805044816841,904810.0,0.0,184,139
185,0,66.25045458753537,692.4813327922117,465530.7229096606,3.2469197225569135,0.2262613568957402,11466.273963292133,958440.5,0.0024705064758058747,185,0
185,139,419.8637206054993,30.614280501994344,406192.75514962384,3.4380972674595496,0.35957986394738295,9459.676019716011,884012.5,0.002678499377920077,185,139
186,0,66.66180495118893,691.8573508559973,461510.3177683627,3.294939460327019,0.27806714982102226,10984.156458691039,988478.5,0.0003109991951396999,186,0
186,139,421.1378439627266,30.3663081953701,399911.1683480234,3.426569059841539,0.3516628917127146,9314.564676970002,891341.0,0.0003448951666707528,186,139
187,0,67.36455050392776,691.8077973235035,456771.6049253723,3.4205437744150484,0.2982685496215227,10298.322297798697,1009762.5,0.0,187,0
187,139,420.8421288483544,31.619553750542796,414211.2818008414,3.4887214158931883,0.3693580480139808,9569.237533352773,925351.0,0.0,187,139
188,0,67.06260412569084,691.8393867979859,463476.7671933812,3.2589011196930335,0.22913269636411449,11311.040151743231,922402.5,0.0,188,0
188,139,420.5018153553641,31.00679626660267,428440.1306257863,3.5387651776593336,0.35509453197183394,9195.967603043278,927548.0,0.0,188,139
189,0,67.50360874226797,691.8120378482782,455111.71719485085,3.3533887366272714,0.27970377706005645,10325.083345316207,935601.5,0.002699359789368848,189,0
189,139,419.396872275501,31.19488936738999,428446.0671639038,3.4985028530656703,0.35775676534424494,8978.333343753222,928769.5,0.002719213220649566,189,139
190,0,67.98980547621964,691.9224804221691,469846.6946165254,3.142495857108188,0.25074495926548,12639.03886068501,943421.5,0.0039806395386259765,190,0
190,139,418.7630242744056,32.320411998309176,431450.82656247466,3.572780164005434,0.337217657045501,8617.526495921598,975857.0,0.0038483474148500252,190,139
191,0,69.46178655290518,691.4163502696301,454508.08495326346,3.3908355443387,0.25743855004446,9978.514396681323,970523.5,0.0,191,0
191,139,417.67429887191696,32.37049643115263,409384.0065753506,3.4644129418884337,0.35233985086509656,9448.681773848686,869475.0,0.0,191,139
192,0,70.43861667957597,691.8710508139329,459710.40152950084,3.228900709777501,0.25459929770483103,11860.433475993314,893023.0,0.002566543922590607,192,0
192,139,416.8973777753235,32.63844501641636,399933.8168104945,3.5351815931854413,0.39454193414290784,8824.162506139024,829523.0,0.0027630061791028065,192,139
193,0,72.31535033657494,691.3378475687149,449663.8135223716,3.321590694267762,0.2879424317556461,10882.746164947863,895042.0,0.0,193,0
193,139,417.69340722262126,33.469618848150844,422363.1313327179,3.4829661016715563,0.3206732212005316,9756.944837539462,935641.5,0.0,193,139
194,0,71.78844179381807,691.813296790722,429259.4456719741,3.2854263247950795,0.259488097795121,10862.819409247219,904705.5,0.0,194,0
194,139,416.0102333553235,33.06250692924294,409670.75493398734,3.396592383173317,0.33304929336995476,9705.30586563891,928698.5,0.0,194,139
195,0,72.70114825419486,691.684059569482,461602.4179205311,3.2436936174858,0.2344166652088961,11420.331169622079,950280.0,0.0030168139610514937,195,0
195,139,415.18753522567084,33.17950609845812,399435.2926020238,3.484343585102569,0.33071089010109805,8565.24837721656,884226.5,0.0032421425252341434,195,139
196,0,74.21769223348727,691.0717611907783,448532.3425692087,3.3204766808994832,0.2711895703455576,11290.489645793257,902559.5,0.0,196,0
196,139,416.5920941568227,33.49667569331731,427715.5022847774,3.4703172290797153,0.3390524801560872,9614.55758899582,921852.5,0.0,196,139
197,0,74.1885918533649,691.2562663821781,459485.22865142924,3.369941372541803,0.2840158194720205,11152.554093481293,922652.5,0.0,197,0
197,139,414.72873268520397,33.233501127778055,424153.9372832805,3.4778885658881284,0.3417278647658521,9725.027169515686,967411.0,0.0,197,139
198,0,74.50849341579736,690.4859392459201,454443.3194141644,3.3693054291053337,0.2796603585579899,10470.648719268756,958870.5,0.0,198,0
198,139,415.0001654566842,33.72691545191206,432042.99715408945,3.5119694305175764,0.3313584388977806,9269.098866237915,989141.0,0.0,198,139
199,0,74.93175628227543,691.1575263191056,456654.7755957179,3.2770796964520708,0.24163736026068316,10940.178581116665,909981.5,0.0,199,0
199,139,414.84960230661454,34.093677511487606,429402.00930882903,3.507271790724628,0.34680673538474593,9865.696756185564,897572.0,0.0,199,139
200,0,75.7214408140661,690.9722347913948,461920.96420025156,3.398345748444806,0.28838654372314837,9795.875279279493,910130.5,0.0021529077687257015,200,0
200,139,413.42527715116717,33.817680387961936,397086.4082281131,3.4607595353543834,0.32277770225704877,9795.875279279493,867175.0,0.0022595491506373624,200,139
201,0,75.89932335690858,691.3685450324682,455527.58784478717,3.3286840902487405,0.26436804379558504,11401.264540776532,929913.0,0.0,201,0
201,139,413.14415390340355,33.75899805057611,439523.9779847981,3.5151470700842307,0.36851833983979737,10146.079453718567,962663.0,0.0,201,139
202,0,76.18391112719027,691.438941361519,432387.39984304836,3.251643453725162,0.26473242009208137,10428.82827713193,883817.0,0.0,202,0
202,139,413.02563367107825,34.32916310680936,422367.5452238432,3.417279910249017,0.30362291131079844,9508.637546796761,945388.0,0.0,202,139
203,0,75.9649006441303,691.944669126614,452371.1111850723,3.371514384903673,0.26136190958308436,10221.289956895414,879774.0,0.0,203,0
203,139,412.90991125730227,34.25606340751829,430980.1641618788,3.4147672976092407,0.3220863826609256,10642.786449963265,911048.0,0.0,203,139
204,0,76.60027715344624,691.5595625273019,457668.93657077034,3.375178449049108,0.31164447596258266,10956.712955461007,892097.0,0.0,204,0
204,139,412.85953709772826,34.3960221490666,458372.5786871761,3.3777847510700565,0.2903955339817339,10052.030234367898,990743.0,0.0,204,139
205,0,77.50465545226194,691.7337475330087,450992.1701654101,3.3254118647616036,0.29926250859440146,11057.087270273669,913669.5,0.0,205,0
205,139,411.847257552809,34.023334434264925,435042.5664038649,3.5282103262366378,0.3295703605466752,9100.080673765055,957658.0,0.0,205,139
206,0,78.80444076440399,691.0970673045291,463898.6561813962,3.3778778562286824,0.29090059670240376,10630.814874974198,918398.0,0.0,206,0
206,139,411.7497660140181,35.43952507266617,456936.88360840426,3.4579744053206327,0.3321233871671786,9690.034797542852,991982.5,0.0,206,139
207,0,78.70226471810344,691.1736770518365,455113.73588719463,3.345737030830202,0.2950841057794405,11021.828580208528,857103.0,0.0,207,0
207,139,409.77445215987916,36.54082156694432,451699.89517651056,3.5067876927842394,0.3378897828699282,10143.983826032629,953439.0,0.0,207,139
208,0,79.44982158276113,691.4441759835446,459186.606504364,3.3626936322847305,0.28316083989782964,10705.673875653098,883583.0,0.0,208,0
208,139,406.22732700109833,37.265846803797636,386175.8396226577,3.3507495396586235,0.3026889538537352,9837.646264113659,876014.0,0.0,208,139
209,0,81.40801787095357,690.5103917534506,427952.12086989405,3.398567843803867,0.3198748445213154,10050.675358445711,796125.0,0.0,209,0
209,139,399.8143851301038,41.88946890083173,451716.8018576208,3.5100781734216233,0.3467796724273118,9581.017631415538,937458.0,0.0,209,139
210,0,82.53466330001956,689.7815475405248,442874.1661498291,3.3118690126978074,0.2780326081045845,10761.609553991031,816503.0,0.0,210,0
210,139,397.0931159848722,44.09913228628756,457610.7846381772,3.317008045344683,0.2711544783794724,11052.46386626106,1012384.5,0.0,210,139
211,0,82.26618007450926,689.5895106923087,431279.0852151562,3.232653096222305,0.26980480577028887,11020.252868066837,889727.0,0.0,211,0
211,139,396.0854683471034,43.40029524187478,448057.6684106814,3.498567336803518,0.3487712368715336,9928.15573699715,1017048.5,0.0,211,139
212,0,83.47824165422033,688.8025690601856,458528.1071632704,3.3957269901791807,0.32359303073770074,11075.55814404035,940650.0,0.0012028398555312908,212,0
212,139,395.29379978839665,43.89889797279253,459232.9154088003,3.4669169682348824,0.31758544573338976,10773.497467384703,987425.5,0.0011458573921599097,212,139
213,0,83.38697471228934,688.7487739634449,444341.6550201497,3.389554687965892,0.30369339635283127,10815.413350126482,857870.0,0.0,213,0
213,139,394.35658751076545,44.50478653892581,436861.83644155756,3.4583192789383044,0.3333531880443161,10107.862944043442,983893.5,0.0,213,139
214,0,84.16836271474875,688.368234826768,449599.9240634129,3.347609444348125,0.27517582664860224,10211.075911521311,922126.0,0.0,214,0
214,139,391.85992948891993,44.96188120245412,457727.10693176655,3.466729119774577,0.3441291585072363,10627.854520154835,1069242.5,0.0,214,139
215,0,84.03888501319756,687.8981511353599,449777.78979879344,3.2991736949229815,0.29252372390468545,11084.665778789093,925469.5,0.0,215,0
215,139,390.4284919547054,45.68482308123972,440590.49924340064,3.4705730948256446,0.32751190224534327,10285.770947885374,984019.5,0.0,215,139
216,0,84.55233216399644,687.7122928833596,462298.37614534376,3.326053758450744,0.28052195694568044,10672.98516966591,906041.5,0.0,216,0
216,139,388.03253137475684,46.813806023267226,459432.48197941494,3.422874226670737,0.3141245057264893,9882.393675616582,998215.5,0.0,216,139
217,0,85.23542781801358,687.7101206022328,443055.57400932105,3.3283530545600084,0.26276542454442614,10420.029640062427,883908.0,0.0,217,0
217,139,385.90166671302154,47.161958371949105,461546.01876276516,3.4379016526583537,0.33343006530650565,10420.029640062427,1051470.0,0.0,217,139
218,0,86.2454826059728,687.9386967920531,454315.03921139316,3.3307741100885715,0.30352740149815904,10484.954094580378,948857.5,0.0,218,0
218,139,383.3360028498127,47.48952063510975,456491.16175932495,3.4955163976500696,0.3670733971385944,10287.124772041127,1075011.5,0.0,218,139
219,0,86.66107884547128,687.7662262899789,467246.71047567594,3.3458495176425664,0.2774407170694994,11471.030352418711,1039279.0,0.0,219,0
219,139,380.2331138017759,47.371803841848674,440052.45748502814,3.4458573075897476,0.34161257177979043,10086.595654713004,968602.0,0.0,219,139
220,0,86.8946218856665,686.7877725915063,434360.7146852849,3.3166247903554,0.27269905170908026,9744.94709272899,913485.0,0.00046019831197597965,220,0
220,139,378.5429398144589,47.498086289922256,398933.771608593,3.435557223379419,0.32514547714343706,9846.45695827825,969832.5,0.00043345824017510085,220,139
221,0,87.33306695119057,687.2262138769387,454524.0868710459,3.2573260544205844,0.2488841434332537,11464.960290055566,934917.0,0.0,221,0
221,139,378.88278359081596,47.53696741259866,428846.3658908388,3.5402177683167477,0.36827806046034056,9001.415103762634,1079426.5,0.0,221,139
222,0,88.11920089598712,686.5317550294224,450129.6176756272,3.280237185875369,0.30617587695190607,10894.226170367214,999994.0,0.0,222,0
222,139,376.43370188268756,48.55578559903403,442404.62093663955,3.4897913096375874,0.35397429297055505,9606.726713869271,1043985.0,0.0,222,139
223,0,87.39783230299946,686.5301041681818,474392.92291449785,3.272191233154334,0.2714276894974651,11805.260942456136,1055522.0,0.0,223,0
223,139,375.87557069771793,48.69895656500063,419929.996381654,3.5305022333050013,0.3461018244473638,8630.736991543561,952283.0,0.0,223,139
224,0,87.67593660538323,686.1554311532612,461750.7474795166,3.2960546238961252,0.25708099908776494,11339.170608615079,996147.0,0.004063554767734215,224,0
224,139,373.3868365294075,49.814198087213825,426254.21340037376,3.565422397492647,0.36462672625819936,8676.930552679365,1032438.5,0.003920745591071874,224,139
225,0,87.67258713216692,686.3017453464563,465989.0917508358,3.2848503570518277,0.2603629624960422,11562.28146754576,1006704.0,0.0,225,0
225,139,371.89256824101597,50.613666697932494,416436.45688992547,3.4678040538170007,0.3173956566324314,9230.3927682088,1050085.5,0.0,225,139
226,0,88.62853655901205,685.5764582324543,457067.58878032054,3.3301910862700153,0.29304448398815003,10620.415087839467,1037241.5,0.0,226,0
226,139,369.63021262652927,51.738559675361174,452585.57874325063,3.5357013545958997,0.3499948157376493,9256.325076557334,1055580.5,0.0,226,139
227,0,88.68521253045104,685.8789983973302,460248.50490488263,3.4084044083996043,0.2954410909409899,10163.863927187906,1037714.5,0.0,227,0
227,139,366.8851307142931,53.01548665317179,415999.7639693474,3.4364201166568487,0.3366031870714129,9650.537466218819,1030193.0,0.0,227,139
228,0,89.30568346304715,686.0472775073046,464776.42389158433,3.3482403575441064,0.2547844153348059,10950.500318405855,1053422.5,0.0,228,0
228,139,365.53998745705286,53.30982373270371,451346.5650105206,3.5001226149924647,0.37318369312359606,9607.514430299476,1095432.0,0.0,228,139
229,0,89.50913955626834,685.8856052814955,459945.61285711674,3.407052573439601,0.2541849127295994,9779.436238083912,1069483.5,0.0,229,0
229,139,364.1979487627955,53.798541708299034,429983.0848085192,3.4529431440667766,0.3371900882364513,9363.290015186723,1048830.0,0.0,229,139
230,0,90.42248307359978,686.1754883385764,451710.6032194473,3.267567152462787,0.25264084056776115,11680.43467977171,1052223.0,0.0,230,0
230,139,361.1127392799676,55.050510987838855,429860.1348960813,3.4222618715754045,0.33051287944736885,10371.420448417983,1033646.0,0.0,230,139
231,0,91.31995187451308,685.7101706349505,461823.77468398644,3.380817032187018,0.27524731587738094,10663.213453797887,1041327.5,0.0,231,0
231,139,359.71586659416937,55.28761990280948,448921.286404891,3.4733460836241297,0.32451915351906474,9490.259973880118,1109331.5,0.0,231,139
232,0,91.81412547111415,685.8677922016785,462902.6865260867,3.3844686058277222,0.28121466876116724,10580.03424737152,1019344.5,0.0,232,0
232,139,357.22788850416595,55.96346235656649,429172.2803116943,3.495420484601088,0.34016783300652664,9427.753289737,1101303.5,0.0,232,139
233,0,91.90001067827056,685.0468252573601,449539.26365953137,3.3522456102444798,0.29193699470176676,10818.076156686364,1046370.5,0.0,233,0
233,139,356.8625914781001,55.97900371798903,433901.2525815491,3.455396932123538,0.35068756550041663,9746.979507509495,1051605.5,0.0,233,139
234,0,92.89552485086077,685.3902553792042,452819.030963599,3.3778942392451285,0.3029046244835157,10744.858361848112,1062584.0,0.0,234,0
234,139,354.96270769443095,55.696793324255566,430101.3304271201,3.4258398644805337,0.3316580076810457,10028.534471058238,1055274.0,0.0,234,139
235,0,93.0408699828072,683.8417273818499,451858.0897452038,3.3396100658168266,0.2879273868870607,10723.82102390691,1007881.0,0.0,235,0
235,139,355.0976325654052,56.52333039347995,452066.3192796486,3.454147901371755,0.34007867282910453,9995.017653350129,1143011.5,0.0,235,139
236,0,93.09195902034458,684.2738730340544,440805.6229453254,3.4005402984677495,0.30459219648708025,10531.890318573072,990037.0,0.0,236,0
236,139,354.1484047101292,56.96615638624473,447656.4642205137,3.5015169981394463,0.33884854627606625,10020.633506991855,1111249.0,0.0,236,139
237,0,93.80051331881579,683.9639812729444,465875.45718032675,3.4429666412273736,0.3098087424988946,10086.478279788425,1107021.0,0.0,237,0
237,139,351.163151558122,56.757344872768954,421834.4975626367,3.4803969427046506,0.34977632207174647,9587.147671878107,1026119.0,0.0,237,139
238,0,93.71905679473635,683.2126585506287,446564.83487695735,3.349734574254264,0.28868805876042586,11270.398754919888,1036013.0,0.0,238,0
238,139,349.12034075978454,57.597197731025204,419575.1957533334,3.477949930780762,0.34761214109855876,9688.588403352185,1100796.0,0.0,238,139
239,0,96.17229644285281,682.3682281999552,450082.53997659683,3.3294163371922774,0.28514787375983375,10157.428049428017,1090613.0,0.0027903266397603732,239,0
239,139,343.52819487643865,59.58122503438438,428682.91000838444,3.4562233204947588,0.34708778491668213,10058.812243122891,1067959.0,0.0028495112361836133,239,139
240,0,96.73313152924358,681.3739242605615,449240.52429561026,3.2889995816623605,0.2821281900801175,10862.111217001526,1009181.0,0.002236813869421173,240,0
240,139,342.1692831551403,59.06505572177027,452724.5977048372,3.4884209941091173,0.3504258866408419,10042.329238359902,1157563.0,0.001950122696371701,240,139
241,0,97.15697153933618,681.6394525649199,458193.0018627014,3.35437410333706,0.33639886935830576,10950.397035001493,1034300.0,0.0,241,0
241,139,341.264385883976,58.92760826188311,456165.1505599233,3.428370319782647,0.3037302793101862,11051.789600140395,1121286.0,0.0,241,139
242,0,97.37187530925556,681.3700386365008,457792.0424203591,3.3412113969577777,0.30144169193073284,11048.496301855466,1077772.0,0.006433183361575998,242,0
242,139,339.43815333107716,59.09331533134591,435695.0498166482,3.413023891476988,0.3191526054174627,10375.979135655569,1034398.0,0.006702734233558563,242,139
243,0,97.97549055352533,680.8762873912913,462349.38671147526,3.4412248372686127,0.3273482248194253,10613.195437867755,1107235.5,0.0,243,0
243,139,339.3159058784146,58.61588789264184,468427.8531895268,3.4415226673414376,0.32090043038693605,10613.195437867755,1191383.5,0.0,243,139
244,0,97.99780363781302,680.8579891697347,449295.7662553872,3.3507773600216155,0.3031451935850173,10868.610099340634,1051491.5,0.0,244,0
244,139,337.2393951293446,58.88637565297917,448667.0036876568,3.454407754294929,0.3156951048322727,10868.610099340634,1181466.0,0.0,244,139
245,0,98.64097717335994,680.7586088722771,449986.3354201614,3.349252323907619,0.2909234002679066,11364.71437817565,1072194.5,0.0,245,0
245,139,334.74826577117483,59.89998447064982,429698.9114062281,3.4003857061838842,0.2993321379648447,10519.405044261757,1100616.5,0.0,245,139
246,0,98.34850274530278,680.527310807891,474430.83241224784,3.351412054915193,0.31395779122992507,10765.788865832621,1180366.5,0.0,246,0
246,139,335.8651231582525,59.8435157652429,448390.5054974561,3.4924209223739773,0.37280835985501354,10213.697129123257,1164961.0,0.0,246,139
247,0,98.43373392747986,680.3109103009201,460046.79738766863,3.366721253431905,0.32623761343624863,10884.081391512227,1139520.5,0.00029038629612891003,247,0
247,139,334.0272188338944,59.259674516142084,450037.32967940293,3.481790865514638,0.3475520063521845,9815.109111988706,1198272.5,0.0002761468388439206,247,139
248,0,99.1720542946537,679.6942105732877,458691.99102473835,3.37943540386846,0.3127310340233369,10422.495674877102,1081134.5,0.0,248,0
248,139,331.9767837330136,58.947563881429346,412097.30447822897,3.3316550862427343,0.29839770693760653,10320.314344731249,1110274.0,0.0,248,139
249,0,99.43248812447261,679.1335504541735,455720.8745016866,3.434925862022467,0.32691181853610346,10393.988058829433,1105803.5,0.0,249,0
249,139,329.0944445141148,59.283814916965326,408191.0844462627,3.5431648713142327,0.3738548450086169,8779.387972020977,1052307.0,0.0,249,139
250,0,100.26500852360954,677.9628295297998,466553.688043789,3.426147211962297,0.33281583176781837,10443.733008298334,1160740.5,0.0,250,0
250,139,327.16458832427816,58.72097235006854,411322.40771144204,3.5787049202539736,0.37353946323396253,8937.42536287069,1051228.0,0.0,250,139
251,0,101.41541592937959,676.9404984840485,460490.55574059807,3.3378657825401357,0.29380358193603634,11091.46912200046,1079049.5,0.0011508262472134157,251,0
251,139,325.16681462044545,59.01566657671084,404157.5678314905,3.50870710056759,0.3278063897588692,8756.422991052996,1091994.5,0.0011371830281784979,251,139
252,0,102.07840377414772,676.5173582015386,468917.995098989,3.412905618349683,0.30496072165744176,10450.227247145738,1110643.0,0.0,252,0
252,139,320.78670098511674,59.43272206993487,388384.13374483836,3.518403848070037,0.34332412535269546,8149.259779884291,997379.0,0.0,252,139
253,0,102.4926207642172,675.9573097613554,472764.6994832853,3.4426584112424337,0.28895713847381005,9879.237988796589,1113631.5,0.0,253,0
253,139,320.4840113404131,59.89327052931836,414160.6760740162,3.4692455461619627,0.33515993015335804,9016.003601426013,1041115.0,0.0,253,139
254,0,102.73163658197637,675.79431283575,454756.6552261208,3.2797093631133696,0.26632117135763544,11418.132468880955,1100766.5,0.0,254,0
254,139,319.91546568179814,59.95072159243445,428376.8319359475,3.4857904833936373,0.31274720214923024,9744.785469131159,1104364.0,0.0,254,139
255,0,103.24402441729356,675.9082273817564,472369.4480791472,3.338217786583687,0.28652325187831695,11600.711024472663,1123504.5,0.0,255,0
255,139,317.4276117575214,59.930668935729216,419830.690712114,3.4775566594532568,0.34245275032594763,9203.869903713849,1099852.0,0.0,255,139
256,0,103.53694857393758,675.6158741886945,466291.13947922556,3.351457707945305,0.2926206679924116,10540.384529911984,1105433.5,0.0,256,0
256,139,314.8369553169114,59.825403999672936,413395.81527865806,3.5914127601871506,0.3619432115503163,8219.565917821272,1040543.0,0.0,256,139
257,0,103.60548068502145,675.4822308332348,482369.0236274877,3.323148337558485,0.2857541668967716,10876.20029539826,1188923.5,0.0,257,0
257,139,313.36924217916743,59.894426853677444,421977.49040830263,3.4837564347520713,0.34220992401420486,9254.310777663432,1108131.0,0.0,257,139
258,0,104.59745503796046,674.9369628926646,470615.776165909,3.3394406118865487,0.30178883625389635,11476.15790412506,1180312.5,0.0003479882549737534,258,0
258,139,309.7107392635359,59.92962185994975,430589.17664664355,3.5192705833434528,0.3196760344128224,9050.303387805943,1155890.0,0.0003553416560008178,258,139
259,0,104.62960314300527,675.3291524754987,471500.2049984977,3.3501455094619623,0.3154424219012069,10631.774302361937,1135669.5,0.0,259,0
259,139,307.7528451651471,60.03487275561414,406570.44050907297,3.4878127430472365,0.28534011999525377,9302.802514566694,1083813.5,0.0,259,139
260,0,104.81311507893282,675.0614659444492,457373.16997854545,3.3083027249863473,0.30142715008837145,11593.74321872105,1158406.5,0.0006116456272458872,260,0
260,139,304.7944366039034,60.609820503971804,428485.4264585655,3.4270296366938386,0.33814739898322166,9564.838155444868,1096740.0,0.0006460393691827456,260,139
261,0,105.16685062267368,674.4473465176941,456379.32616430934,3.3498198587186443,0.28410634908861565,10704.389661206522,1178553.5,8.336697975034964e-05,261,0
261,139,303.6422897098267,60.75959459227424,435249.7917895799,3.419707139572748,0.3016892257140629,10332.063064294989,1161364.5,8.46009939497291e-05,261,139
262,0,105.76803571116119,674.1554876323399,474095.62998686725,3.3606805334833667,0.33178083922059587,11283.69264058614,1184213.5,0.0,262,0
262,139,301.89518886483626,60.52493397899838,429592.7462123955,3.5117549427450823,0.38628434640811515,9568.571359217047,1150310.5,0.0,262,139
263,0,105.95793439672484,673.5800340592228,461532.19359075173,3.320074499834533,0.2832285511324467,11761.122990168471,1119662.0,0.0,263,0
263,139,302.05160765069996,60.610370408243774,389587.19904933055,3.410479134158176,0.25858925074595085,8361.423375822897,1037658.5,0.0,263,139
264,0,106.63842938221202,673.3476662083037,459980.6593721026,3.4153354343361735,0.36707671057036106,10850.350231156452,1184499.0,0.0,264,0
264,139,297.82306702789884,60.31220474376891,415559.14004967577,3.5742826610315364,0.34936026434601564,8346.423254735733,1110870.5,0.0,264,139
265,0,106.77937892389794,673.2343349907803,473828.4364232546,3.280126639206293,0.2874055265396184,11936.831763739683,1252552.0,8.217102722725666e-05,265,0
265,139,297.2423956606446,59.71379413827806,425078.7799835544,3.5493157108103754,0.3606535850848563,9203.206168990137,1179358.5,8.727124585255427e-05,265,139
266,0,107.7830556016913,672.058612602127,469127.24888571055,3.4076305516873227,0.317379216110839,10976.346131432832,1221705.5,0.00015866446509912803,266,0
266,139,294.92456504326833,59.56526299270214,441641.76426391123,3.522378878001908,0.3396159747509737,8834.620057006914,1169349.0,0.00016576925872914514,266,139
267,0,108.39176007461032,672.1011154441301,469937.1465935342,3.3362282003261052,0.319805685340991,10753.910517396225,1199802.5,0.0,267,0
267,139,295.48587025915714,59.8856427436676,404014.8008202273,3.5746892093000073,0.34456080228207087,9267.597681658535,1068883.5,0.0,267,139
268,0,109.40046391102969,670.8276133664581,456196.4615306581,3.4347982427329895,0.35271184719849114,11051.116792046267,1185340.0,0.0001098857603275232,268,0
268,139,292.7907917170665,58.74854383856698,451426.1952894871,3.4496325567123365,0.2734939959765744,9699.541357047803,1215312.5,0.0001071754499659146,268,139
269,0,109.75679585481882,670.8099762488948,467379.9507017394,3.315831624066321,0.28727784535687473,11250.49777713417,1208801.0,0.0,269,0
269,139,291.0563830595095,58.71981476131579,405241.4398002169,3.4428061430508143,0.3034757258896667,9760.36562122236,1109500.0,0.0,269,139
270,0,109.96861724497649,671.6062818220591,499471.0389799669,3.2978354862933403,0.3110302322041424,12260.826458338364,1196813.5,0.0006853834069717768,270,0
270,139,290.49209182418394,58.45935464672521,432842.2049120824,3.5320985685327377,0.32048351493108895,9318.228108337156,1100240.0,0.0007455475845982003,270,139
271,0,110.54936462795497,670.6727468624835,475979.425859347,3.281622595615983,0.3040159429786976,11910.865454242507,1128095.0,0.001081553561118865,271,0
271,139,288.58863458182117,59.097633469706054,426591.060186023,3.4768613465377354,0.32958636389009005,9634.903902476422,1099647.5,0.0011095373764800052,271,139
272,0,110.29639886798762,670.4067853145442,482097.08323948405,3.3839057933451198,0.3217069547861564,10767.351101876193,1212074.0,0.0,272,0
272,139,287.66617959386747,59.8555785459691,427080.3440477057,3.4676639816882657,0.31579514040502743,9661.11639962864,1158823.5,0.0,272,139
273,0,110.59702237007136,670.1235024605027,480285.2319470712,3.240261495662951,0.2957684788501055,11896.075661959123,1194011.0,0.00014840991213257545,273,0
273,139,286.540444281109,59.41663864422871,442187.6731815565,3.488542702762933,0.35857487565275026,10013.78520911749,1181301.0,0.00015000686727919283,273,139
274,0,110.81097848595421,669.4207016969998,498293.8433233712,3.389464303965201,0.3140385343107034,11571.640070814728,1176585.5,0.0,274,0
274,139,285.3229276377655,59.91038936413918,435442.4010209323,3.4601322910292565,0.3165924626585802,9827.968279322098,1131508.5,0.0,274,139
275,0,111.2488697732237,668.7716741068493,469125.07805976825,3.308725134858981,0.31249212142800636,11391.388277743346,1159231.0,0.0,275,0
275,139,284.4755702447245,59.7716758574534,440030.856647694,3.500743317954824,0.34208362947222204,9159.291926023367,1190837.0,0.0,275,139
276,0,111.42539851482822,668.6158554558436,481507.8820879456,3.3047896923826965,0.33485126871739135,11467.99657707922,1209088.0,3.6054147513286297e-07,276,0
276,139,285.7368111878929,60.32378395125565,394055.1598033802,3.461010772723374,0.2870742015790277,8804.461888209207,1120299.5,3.891188034328148e-07,276,139
277,0,111.80531382188104,668.5558312496677,471961.5961728578,3.2738546341513195,0.23637707663773005,11736.027675192892,1202375.0,0.0,277,0
277,139,288.7023284230785,60.662522820435726,396898.27822346974,3.3547601342931492,0.280329001989458,9688.13022851494,1066918.5,0.0,277,139
278,0,111.3037558961097,669.0478346294956,474915.058808186,3.3771106630647303,0.34836196893750576,11028.04913470659,1181466.0,0.0,278,0
278,139,291.702932067888,61.24243114638401,393149.95165228995,3.435964279639083,0.3069360524689594,8979.98286683251,1082429.0,0.0,278,139
279,0,111.39318637955162,669.597112767703,478754.3815853778,3.2990060526262077,0.27929150061216634,11528.198335156541,1229163.5,0.0,279,0
279,139,294.35664699029684,62.13923740382109,406160.1471415297,3.4892147394720365,0.33041200083067374,9022.068262296423,1128182.5,0.0,279,139
280,0,111.59563114577692,669.2936665284816,460871.8469400253,3.2903232790181036,0.28712543109119415,11586.38242689379,1247297.5,0.00014998826512164403,280,0
280,139,295.56744141566367,62.41510159477927,385951.7930039621,3.351091977881101,0.24928045302273902,9081.218658916754,1075134.5,0.00017400884460638797,280,139
281,0,112.20372066858432,668.8459284813965,495454.50359671004,3.246288838791596,0.28816186537427035,12831.697990774026,1241576.0,0.0,281,0
281,139,298.1158360678618,62.576966983580874,412048.4666566789,3.5333700850987495,0.3605543345569652,8906.7080171255,1108114.0,0.0,281,139
282,0,112.83350274796742,668.0402214079091,471052.47964219324,3.274484635785465,0.27887833768218706,11696.912419991972,1190570.0,0.0,282,0
282,139,300.84172135708116,63.11734020437507,414039.7144692522,3.5235144883850955,0.3416660206161071,9295.559539066468,1088471.5,0.0,282,139
283,0,112.96681001399735,668.1239017113849,477266.9209235335,3.2687770292159875,0.3025671094397454,11579.739755994391,1233110.0,0.0,283,0
283,139,302.82511710983636,63.42018855652658,455469.7637357794,3.502716981797077,0.3180354461553006,9838.994563916802,1234848.0,0.0,283,139
284,0,113.52836750805363,667.8210645214722,486526.80687800364,3.268388585867684,0.26609569637036107,11986.782393064803,1273434.0,0.0,284,0
284,139,303.756177060611,64.73664704664685,463084.3020713136,3.318007581655986,0.24813470917822913,10545.333877443085,1275461.0,0.0,284,139
285,0,113.44249495357346,667.3488134061279,461805.1575955161,3.31612571921274,0.3294242329505245,11574.246541249537,1131309.0,4.378733945190554e-05,285,0
285,139,304.3061352582722,65.77431346030532,472724.2581061289,3.36275639648128,0.2828722522150912,10846.306507208687,1226983.0,4.037270068481795e-05,285,139
286,0,113.1646369289406,667.8098090757367,469631.52091029775,3.270777994049853,0.27820169580073334,11954.79358696861,1169065.0,0.00020298556889008492,286,0
286,139,301.9559164003009,64.88438631810286,407127.1371562088,3.44176546288975,0.3184477109379767,9298.172789864475,1104279.5,0.00021489563907144265,286,139
287,0,113.78115904970115,666.908210012409,477958.094157264,3.4251126865704644,0.30231709477821267,10734.19885066471,1255552.0,0.0,287,0
287,139,303.1090536788145,64.85887917003704,452267.57824133977,3.492260883145669,0.2932780812830412,9517.656314256043,1205605.0,0.0,287,139
288,0,114.61329368146957,666.8454035791251,460889.58822270413,3.409414741390011,0.3434189273260706,11126.466079906499,1147080.0,0.0015918898791298635,288,0
288,139,301.0985312990548,65.21880144522626,416085.0268271075,3.579248438237757,0.32907631864651826,9259.609355089973,1096986.0,0.0016645939627945353,288,139
289,0,114.93350307687719,666.7645314038109,461153.5295417938,3.2576087017132473,0.2918165573148577,11317.076982130742,1074275.0,0.0,289,0
289,139,300.0488053646332,65.2295659370958,440879.9928621485,3.555477087935548,0.33778753547366247,9234.179378057599,1080004.0,0.0,289,139
290,0,115.29075531755782,665.8172399400502,463634.2944972163,3.4212883549595907,0.3229363480888082,10968.46891261897,1132551.5,0.0,290,0
290,139,300.23986346855474,64.56008055242174,366794.25975554093,3.490269208266537,0.32385509580448835,7937.707765711096,974650.0,0.0,290,139
291,0,114.77723767105677,666.8360881573883,461328.4595450616,3.297316186718679,0.31628400754087743,11351.798256987966,1113320.0,0.0,291,0
291,139,303.9858011161834,67.03406132541,424399.19179764506,3.607640069327243,0.38703157032720914,8477.925280535317,1088742.0,0.0,291,139
292,0,115.69521059792663,666.2194115032588,480267.9904634565,3.3726731801221574,0.3444733879443314,10895.371834470428,1087866.0,0.0,292,0
292,139,306.0143967022628,68.22350304789164,433417.89157523366,3.5467620017655195,0.33685701476957,9006.840716495555,1032507.5,0.0,292,139
293,0,115.60130946360643,667.0593383842519,480794.29448554746,3.3440855021334426,0.3353863469618744,11001.98650208211,1078427.0,0.0,293,0
293,139,307.03536874307986,68.8666266809074,422491.2503690715,3.5167069305069036,0.354658881561375,8906.370025495042,956493.0,0.0,293,139
294,0,116.06706163486503,666.7209554133889,466650.9537755979,3.2644749291981086,0.24810562954657392,10739.129037486911,1075769.0,0.0,294,0
294,139,308.7360915143396,69.24871188691377,429708.34988664294,3.5300396041401196,0.3522687517916712,9092.462585072251,1019545.0,0.0,294,139
295,0,115.92846515643654,665.5307973001878,458288.53939069505,3.383145265560036,0.33037716269609824,10805.484110943016,982497.0,0.0,295,0
295,139,308.88284779776177,69.77551915023912,433655.05813078297,3.498512366497058,0.30689835827587114,8765.287810275453,968549.0,0.0,295,139
296,0,115.86553739034707,666.1910797536608,481351.27847092255,3.308187602557533,0.30586359600427454,11304.633125197806,951203.0,0.0,296,0
296,139,309.6271987774007,70.72678107885679,420683.0806990277,3.500294300980853,0.2806076158236812,9043.706500158245,913914.5,0.0,296,139
297,0,116.10375678367892,664.9343846408644,439384.94430674386,3.422112714057481,0.36760846741250774,10403.979004761986,858712.0,0.00486105613206514,297,0
297,139,309.79887187107954,69.67609607243459,413081.92696371884,3.5361860194826478,0.33809061589675016,8792.094933601678,849208.0,0.0049154495552027,297,139
298,0,116.54334496624703,665.0272789940066,465997.97012340085,3.329836617642364,0.2945711125633855,10882.230268396757,914030.5,0.0,298,0
298,139,310.8895489904341,70.37423762738808,434245.7092032843,3.5713030236380208,0.34048595310810115,8720.691379468633,928178.0,0.0,298,139
299,0,116.45255712543667,663.7152268306179,430752.19229135057,3.3757298936650124,0.35667121311295547,10285.916367146723,791670.0,0.0,299,0
299,139,312.66954642267905,72.11375360480884,430281.08161804616,3.611821628271883,0.36182273336229004,8322.955228378265,899410.5,0.0,299,139
300,0,116.24331935483931,664.1043565567052,432559.24137812573,3.312590402530996,0.3194297532257331,10538.62962141248,736121.5,0.0,300,0
300,139,312.4324358617821,72.28700662565271,389216.1556419406,3.476391995004533,0.3134406386507567,8557.684203853743,732369.5,0.0,300,139
301,0,116.2704735265571,662.6774200385371,435957.2638691805,3.3657178218364283,0.3226664775837859,10310.642899061297,770442.5,0.005065627426332593,301,0
301,139,314.7236558582441,72.92336741559265,416167.4815306596,3.559147716452981,0.29473776823201603,8481.335287937518,771033.5,0.005061745291481881,301,139
302,0,116.13399565651937,661.8919070989265,450551.6424127411,3.357934022150586,0.33676287039241454,10666.316917211563,764307.5,0.0,302,0
302,139,315.8234376892332,72.89441656942905,397701.24505603116,3.5418165691916292,0.36336789915580314,8741.567999820003,784812.5,0.0,302,139
303,0,116.542874555669,661.5497369847662,448038.63861492195,3.244792146882376,0.3151395494253749,10806.720781314001,725626.5,0.006695472231922644,303,0
303,139,316.23126937173413,73.62255501669996,404571.6061389701,3.4899652632344784,0.3503679929057134,8885.525975747069,735489.0,0.006605728784668372,303,139
304,0,116.19238264014086,660.9831343337253,444408.75536612584,3.4825926535202223,0.3250788199817283,9941.335317522564,686861.0,0.0,304,0
304,139,317.6252622488082,74.41298614446286,422429.08431254077,3.519441447268844,0.3496707911223417,9320.001860177403,739784.0,0.0,304,139
305,0,116.04747725677514,661.2765601364421,456825.40453746653,3.3139046346954086,0.33987414823389056,10833.200976005384,691410.5,0.0,305,0
305,139,316.2249891124984,74.67104986579321,413721.4710766,3.50700676376369,0.33179491691303936,8697.076839891646,743780.5,0.0,305,139
306,0,115.86538202322922,661.3197955036123,419285.51302731765,3.3279058596303743,0.32616623266921585,9920.630158700493,646690.5,0.004750512776197295,306,0
306,139,316.31513204404183,73.57431778666633,405475.99584640656,3.5074229927551728,0.3402218115902207,8650.78949838683,699532.0,0.004391710809293702,306,139
307,0,115.9759137997678,661.2798023056172,423916.0180714684,3.3566137788858077,0.33842135730876394,9795.029205439232,610866.5,0.0,307,0
307,139,318.15574565490454,74.05971268994834,395012.65320295916,3.5224887266346636,0.333879704040357,8992.157959091754,644685.5,0.0,307,139
308,0,115.62008946221214,660.023013188299,444580.7361487857,3.309273316694962,0.34259096438351655,11167.336889005479,605361.5,0.0,308,0
308,139,317.8184214082007,73.99759331988605,407079.6115958416,3.5398957483484117,0.37771325164925823,8903.687519612477,626181.5,0.0,308,139
309,0,116.01995020381729,660.6939761228106,438065.94062897074,3.3686825624865326,0.3107912941978691,9652.042758480098,626098.5,0.0,309,0
309,139,318.924976133245,74.08226746832533,413061.8298609396,3.4541017308772637,0.30862474204899515,9044.040065032532,673666.0,0.0,309,139
310,0,115.90496908054205,659.9413814804713,428726.38695325394,3.408422940125757,0.3676643753157044,10702.535534365123,546804.5,0.005146626490080448,310,0
310,139,320.52153281817226,74.46309349861184,435913.49110771815,3.4005850224077117,0.30976771976020223,9530.725074398139,668938.0,0.004207066653785989,310,139
311,0,115.36183320215662,659.4602529262918,417838.1720336987,3.4704239072033487,0.34535378822822527,8817.39639001438,480229.5,0.020704229172748063,311,0
311,139,320.63420604948124,74.84219839616357,413353.46180084656,3.5601798368567437,0.33308382541718135,8665.372314324477,588007.5,0.01691852277098358,311,139
312,0,115.69304929356734,659.909364149737,433641.5519623126,3.3736473875967747,0.36981540498194515,10145.926648877112,522142.5,0.0,312,0
312,139,319.21550096765657,74.60787783921019,400493.0282545309,3.3878701118546313,0.2909955826599016,9293.978609658423,536276.0,0.0,312,139
313,0,115.59249407174879,659.8111227863066,431703.44699436874,3.3319058767263217,0.3472166448559791,10453.601629272309,522213.5,0.0,313,0
313,139,319.7081644946025,74.93445948144053,406478.451758516,3.5691089852983975,0.35249440512553715,9090.088373280269,590516.5,0.0,313,139
314,0,115.02185573246254,659.7678269185924,421179.9617148029,3.3689178537425297,0.3592483008897072,9999.294515151361,431347.5,0.01571295807431122,314,0
314,139,319.31175634915303,73.23540138042303,407148.69360483246,3.3179979980393397,0.23138939151478377,9757.376099462215,530557.0,0.012777615699458839,314,139
315,0,114.81047981111548,659.5909015823374,425140.5520480566,3.31612083338584,0.30190101277652054,9947.57837661191,466767.5,0.007887854331089936,315,0
315,139,319.6236124383593,72.7922759827332,413298.19683780434,3.4151468886786107,0.31613900340838746,9789.680307141878,524714.0,0.007016979907364594,315,139
316,0,114.80144322415076,659.4049307076643,416260.64070701017,3.3680509290930436,0.3330914852375407,9696.335215741092,470808.5,0.016529862820794966,316,0
316,139,320.17714029554355,73.69558810432726,431486.9171004786,3.5573896423382876,0.32704869786685065,8484.293313773454,555740.0,0.01400549390041878,316,139
317,0,115.12553851934268,659.6446301433155,418794.53412208287,3.3224335271072114,0.30184889821827243,9944.59436497715,461868.5,0.0,317,0
317,139,320.03437949446845,73.98714418134105,476368.5014982664,3.2792398367251256,0.24978508163556729,12187.735951062223,698133.0,0.0,317,139
318,0,115.13634786814119,658.829694828969,409303.5477418356,3.3420435310798675,0.2986635337350476,10218.508072186576,384479.0,0.0,318,0
318,139,318.61553582192124,72.12406347388804,468603.07883791043,3.413622113542437,0.26863250171039244,10218.508072186576,642869.0,0.0,318,139
319,0,115.29296329734697,658.6786259285698,440887.846405132,3.2987452811800315,0.3335778136899753,11008.13467423056,477234.0,0.0,319,0
319,139,316.70843940292457,72.99021418856779,436147.116873894,3.472414716681729,0.31685202701148807,9240.405018514704,580136.5,0.0,319,139
320,0,114.99455005909759,658.8619065234551,430912.2552607087,3.390310567009128,0.3299080637227599,9987.269242983086,553080.0,0.0038615822357674946,320,0
320,139,317.8519966203569,74.18609906405833,479235.27336714225,3.386789491343188,0.27194625876063855,11062.821315304342,684756.5,0.003119042499114478,320,139
321,0,115.11219596904174,659.2557001412988,407575.2738008656,3.3922815780665587,0.31631801842926976,9144.066545484424,474981.5,0.002102085035519814,321,0
321,139,317.7564280361057,73.55094867881857,489871.87271022535,3.176096306362232,0.17074705576457838,13286.25053617395,736357.5,0.0013558852230052927,321,139
322,0,115.23151400378588,659.2440839357238,421953.78241289133,3.2779032904990264,0.3460031715324354,10713.371334386069,473753.5,0.0,322,0
322,139,317.03728350591854,73.18112472542968,457920.10046404455,3.3562685783550568,0.24705602226891327,10024.654605746964,647154.5,0.0,322,139
323,0,115.29026338652369,658.5667738541231,427804.2970353027,3.333397435281077,0.3146226507991677,10107.464160724185,525572.0,0.0,323,0
323,139,317.66300446190616,73.88099177865251,462749.4832033879,3.3563854665297717,0.2705191866476723,10655.931208205342,669550.5,0.0,323,139
324,0,115.00039442016185,658.2629508921234,440527.36045037827,3.3348782885475914,0.32271915621519714,10665.565577618556,579754.5,0.0,324,0
324,139,318.78177321674747,74.33045586525833,416984.1119901536,3.428117470262713,0.3172201898811366,9322.494356733256,656651.0,0.0,324,139
325,0,114.92800351886103,657.8312545367772,424405.6154878997,3.3171094024805563,0.3022685674247432,10403.352439124727,556919.5,0.0,325,0
325,139,322.28746380774936,74.70020866662296,428157.64423643646,3.5488734954960646,0.34461148601126185,8612.611445504897,682372.5,0.0,325,139
326,0,114.77850243943328,657.2668432286165,424614.606348273,3.3265489273569613,0.3055939194907903,10710.706676470865,532170.5,0.008589042296386648,326,0
326,139,325.21163750305226,75.08056696854676,439220.11545255146,3.4670601651550164,0.3419922607990301,9331.29748328901,651503.5,0.00701627440922205,326,139
327,0,114.47017644931417,657.3562617011205,425131.89997644926,3.2378699352210356,0.30553069217996925,10868.906888547006,611825.5,0.0,327,0
327,139,326.5225797325064,75.73703674915986,414180.0243330279,3.4872133647487145,0.33332128680475637,9624.375565430937,642809.0,0.0,327,139
328,0,115.01154445544044,656.9324200678011,439588.8635273619,3.290487455120851,0.3363492370813463,11327.86686782048,626692.5,0.0,328,0
328,139,328.82704851977667,76.12411342308388,412790.85011617467,3.4032666722719163,0.3223237162819276,9637.140469638318,734393.5,0.0,328,139
329,0,114.8119313263934,656.9075143896608,439654.5176491994,3.3720328933681265,0.3038063855946994,10111.725069343966,629077.5,0.0,329,0
329,139,331.2909113123248,76.69415862584215,419924.3223919429,3.560886667757176,0.36353820451161944,8960.797012670668,700620.5,0.0,329,139
330,0,114.84968243586607,656.7598403765821,412709.3306685269,3.355616080720881,0.303597729743396,10534.749098134747,612287.5,0.0,330,0
330,139,333.0240490015922,76.72202104529303,426278.0875069244,3.4727089417667827,0.3234286409567337,9691.969170283968,670685.0,0.0,330,139
331,0,114.8700726838026,656.1933255923736,440870.5582064627,3.3916927856554615,0.35117467847966477,10697.336535638116,715669.0,0.004120894696826679,331,0
331,139,334.54441697367247,76.51469353541124,408690.8655131906,3.614436238776299,0.34892279900202533,8855.991722126637,682712.5,0.004319779774311875,331,139
332,0,115.31236852808622,656.6547113673042,411806.73399915296,3.314757615311959,0.3626254785821434,11062.174596409566,653089.5,0.0,332,0
332,139,333.3682245776437,76.59488618948805,433585.3902358343,3.496175193073959,0.3327642278319504,9160.863337651672,787550.0,0.0,332,139
333,0,115.3976986777386,655.9613200426627,436226.79570168915,3.3264121737603003,0.3158306150764261,10092.203490505772,670773.0,0.004527545069959586,333,0
333,139,334.30989193843334,76.3043691046544,438662.8448200871,3.5235930599829737,0.34535402332087956,9570.192965134784,787224.5,0.0038578691845826416,333,139
334,0,115.25267558207429,655.7685873877377,426561.3962381924,3.3318915800940316,0.3448276750511792,10076.925877098438,714433.0,0.0,334,0
334,139,334.4829617962315,76.26868820074188,407688.50963786396,3.482375278247662,0.32742847010283704,8881.358400154557,719995.5,0.0,334,139
335,0,114.74320903367142,655.4596887026323,437108.88599532103,3.3175871769669802,0.27262952144356956,10203.858671478964,772926.0,0.0,335,0
335,139,335.78158638293905,77.00438895423846,439986.89741548174,3.5325191824013777,0.32161296806437134,9418.946465980582,846622.0,0.0,335,139
336,0,115.32953139009764,655.2748196240088,429702.6998832046,3.3446663831932,0.3243009298983763,9805.412981987503,713583.0,0.0,336,0
336,139,334.4339807017732,77.25706530141495,414517.3257960558,3.565118382468272,0.35348319862685856,8677.356621227878,804521.0,0.0,336,139
337,0,115.55132437237481,654.7698976263267,428073.6674820221,3.3299123541601916,0.2661032319074456,10019.820304948982,691670.5,0.0,337,0
337,139,333.5821231312047,76.10188279346023,410644.23216164863,3.462828772025472,0.3494456519091719,9177.818598650749,746444.0,0.0,337,139
338,0,115.51070221807987,654.4428954504085,435501.0966733667,3.383586683277422,0.33817703418582,10495.10186870016,781699.5,0.009100003261087715,338,0
338,139,334.3579898032386,75.13699611501596,434314.6938534266,3.5249240140002636,0.33298368508293463,8943.652027240136,803826.0,0.008849671408811653,338,139
339,0,115.9119373539326,653.5100215981495,442995.165050025,3.3600658408207886,0.3547523108220191,10771.399227383858,731369.5,0.005100145659851444,339,0
339,139,332.4941526464459,74.90214675326992,424786.3711180189,3.5123047941194003,0.355574860757419,9489.089795552445,830794.0,0.0044899240897326815,339,139
340,0,116.71088534434018,652.0203067970053,437463.7755509476,3.3542451559521576,0.3132651133060309,10173.576175603432,736416.0,0.0,340,0
340,139,332.57355928418974,75.91127255339758,428794.1193317377,3.549874539026783,0.3531161048076735,8669.65621920988,849428.0,0.0,340,139
341,0,116.50476348250204,651.9021675211883,428284.69299978897,3.3812509138396676,0.33479763429007264,9795.01291166114,749548.5,0.0,341,0
341,139,332.7631210306934,75.87093046435237,428374.55550356564,3.5425727502467543,0.3588073119300456,8626.80036256394,820503.0,0.0,341,139
342,0,117.00634764891383,652.0882840767025,447197.2891567281,3.294860160333361,0.284079466813614,11297.425453636017,837740.0,0.009632054262513944,342,0
342,139,331.47610317810194,74.46124567300299,403453.6578002494,3.557798491697764,0.3479782384041686,8314.905133876107,795512.5,0.010142862754952365,342,139
343,0,116.85522044754184,651.6880996347167,430973.2035318266,3.352731775616924,0.3477512507273235,10441.288974455281,787629.0,0.0014326138392145387,343,0
343,139,336.4789956485104,76.99872797009284,419991.8478862788,3.5233590721507975,0.33408102829725145,9091.122296723994,894130.0,0.0012619651202145797,343,139
344,0,116.93190654451391,651.6617561295022,444768.43267367757,3.236204028222499,0.2695962569352532,11732.715400775627,745886.0,0.0,344,0
344,139,339.20909521535435,78.72281823735757,425602.0120953113,3.522056523521756,0.3674741390452399,9314.522150234085,785278.5,0.0,344,139
345,0,117.57447237205457,650.2803953383101,417372.8370869124,3.3191670859244384,0.3183939835294119,10283.770236769651,694391.0,0.008805304959798577,345,0
345,139,341.97621418532344,80.14094044334077,418669.88918884733,3.5731226026935006,0.33765730397104954,8338.192083867285,784248.0,0.007796771576212942,345,139
346,0,117.66478568519027,651.1080634385693,447579.13710209675,3.2611033356042616,0.30275821102616346,11357.570470516055,739908.5,0.0,346,0
346,139,340.9093774624519,81.12179207065896,425590.88067117764,3.5574160879613763,0.39513812644313484,8995.195812648717,758053.0,0.0,346,139
347,0,117.52793557166116,650.2455438441051,412193.2415576631,3.288438633310718,0.3175935484751966,10178.703624464517,624103.0,0.0,347,0
347,139,339.5857836060309,79.55703892416939,415556.6392770513,3.575356428235427,0.36510841359218466,8851.046629969145,728352.5,0.0,347,139
348,0,117.83694072713999,650.7388129994964,436348.16910289315,3.3203033970993183,0.2982090261472393,10915.25337960009,626881.5,0.0,348,0
348,139,338.4075596747089,77.36770661959328,418272.5095062754,3.503204617022322,0.3451342491733156,8994.168784790474,676917.5,0.0,348,139
349,0,118.19796072649517,650.011760486047,431434.55358972406,3.327687580517424,0.29441839309112283,10358.790882314352,652628.5,0.0,349,0
349,139,338.39174587548786,75.61868717389599,439067.34687142936,3.5147513171193285,0.3358135531941491,9722.724775505576,727885.0,0.0,349,139
350,0,118.3002282628926,649.8069898097567,436629.1684079222,3.3588809370520116,0.3006501402188414,10171.908407872388,667986.5,0.011736954875367677,350,0
350,139,337.19469646319624,75.93247906845157,466975.3618247415,3.424363606570105,0.2957914991650355,10256.674311271325,815798.0,0.00961194474781592,350,139
351,0,118.36001849923409,649.6921218993504,434623.4288747474,3.2898263785232347,0.2789111461862068,10607.148832930754,615235.5,0.006207673957744123,351,0
351,139,335.66065941514313,74.371561470192,475703.65782940295,3.4320143647938264,0.3250598371941086,10966.713200148744,803676.0,0.004752527992016115,351,139
352,0,117.95735248451345,649.2772340074902,430439.07673626655,3.2952390331592016,0.30877257145912407,10451.387498799371,620171.5,0.0072467398366392885,352,0
352,139,335.3470614222098,74.67521624558546,469258.5160175213,3.512497406556863,0.3242990750712613,10187.907141686783,754902.0,0.005953687476265124,352,139
353,0,117.88572010282441,649.7547102492298,417475.042257824,3.2202304795832566,0.30162788724489104,10678.298456327793,608770.0,0.0,353,0
353,139,335.4668472296698,74.09607481356632,428524.7597908936,3.5617749114792945,0.39490016139170503,9471.186456916825,689308.0,0.0,353,139
354,0,118.10046387858938,648.9356156523133,427623.5964726766,3.295800364590352,0.3211252566904542,10722.943621018265,595700.5,0.004480673655897198,354,0
354,139,334.7699913698554,73.68181157931194,446850.94365519215,3.492885374818625,0.31523554568910095,9613.673591257753,768799.5,0.003471962053576144,354,139
355,0,117.9871555583367,648.9997714218675,432511.11260316044,3.2986005947032826,0.31901945299276097,10351.658482669201,560545.5,0.0,355,0
355,139,333.08427973916355,72.45427529519334,427335.2833618258,3.561057076902146,0.380206211987169,8940.068689577945,676764.0,0.0,355,139
356,0,118.03317214946469,648.4944233879983,440552.573040172,3.348315843222719,0.29447302377971446,9980.155376314577,632924.0,0.0,356,0
356,139,333.52297797470743,73.002158575111,432663.4978379424,3.566805317892599,0.3681970748773541,9314.81168456027,671896.0,0.0,356,139
357,0,117.40897650200377,648.920929238282,435910.35523139226,3.266837496990064,0.31352272946430626,11104.11860711166,611567.5,0.002504870986622645,357,0
357,139,332.59165979630615,71.65392906475088,437089.5536675457,3.4782533551881607,0.35692860773878354,9531.854025573726,682143.5,0.002245706033671441,357,139
358,0,117.94177863429114,648.2118879162748,446809.7620727318,3.361844157082535,0.3504194643257209,10549.275344065356,622440.0,0.0002689251193930386,358,0
358,139,333.71902021190107,72.08815177926485,442206.44192259415,3.495977798517797,0.34384579760437506,9014.835294019487,732248.5,0.00022859128685458194,358,139
359,0,117.7817975067512,648.2439337813427,447108.4908511975,3.2454118151169555,0.2855645074510525,11200.013182484,577378.0,0.014412911466615878,359,0
359,139,333.7348410796576,70.49137283733138,434421.75025510945,3.5549851242166652,0.3855746035637035,9415.940286159115,662633.5,0.012559702452616816,359,139
360,0,117.79120534929899,647.697399505586,436592.75161726883,3.2606979932353397,0.29199618240891373,11206.862016714753,609262.0,0.0,360,0
360,139,332.7042398671642,71.21601803250772,431464.18764351803,3.5036536384125783,0.37310315040135306,9497.340692131147,685648.5,0.0,360,139
361,0,117.81519894596308,647.5760865021988,433010.4673429192,3.313142455246966,0.31862047725689074,10282.570464607581,647051.0,0.011061968671883445,361,0
361,139,332.43815160283384,68.93586153519739,427393.1371816984,3.5087961898228435,0.3353928587851102,9520.898578340353,742411.5,0.009641748542003009,361,139
362,0,118.13452550093834,647.6975495163905,450108.77989126416,3.369967576924084,0.2811389001413359,10721.202266283644,670596.0,0.0,362,0
362,139,332.57839195958917,70.85473746207697,414129.15194678685,3.489060192482515,0.3451317469768856,8358.903461848266,716365.5,0.0,362,139
363,0,118.71902761947402,647.8688221736395,430999.1586094762,3.3092417940235492,0.32666708651573373,10225.258224411255,666370.5,0.0,363,0
363,139,331.65861173828455,67.9964444815613,429822.8014686147,3.548313164841778,0.36668288932991705,8867.923061878788,757203.0,0.0,363,139
364,0,118.75527471610937,648.295931684925,445159.041424373,3.155091318328816,0.25146733699350604,11834.493943797237,748979.0,0.003802125728862895,364,0
364,139,332.01898191641516,68.08296321921596,427589.369646274,3.631937907159863,0.3873102008364345,8284.145760658066,815533.0,0.003491867454260274,364,139
365,0,118.79132553048927,648.7573506157377,458826.7363310211,3.3320337002833122,0.2795907899949512,10246.08186909626,782167.0,0.0,365,0
365,139,331.2604407389375,66.0700021783208,385666.11666922853,3.4242136136721664,0.3351458262656586,8897.91320210991,799680.5,0.0,365,139
366,0,119.40904175568132,648.9859316277484,439031.5381782753,3.2136156367787403,0.21663409333918274,11187.254857246295,781552.5,0.0,366,0
366,139,331.1502209782705,65.23935918828508,440213.9309680656,3.544988314333396,0.411147855561201,9550.095609844397,880899.5,0.0,366,139
367,0,119.43762226841068,648.3117452161391,463633.6087319872,3.28956431938902,0.3318483640657295,11400.826444229193,745123.0,0.008341381237324225,367,0
367,139,330.9243118285132,62.88041651056456,423187.81967984076,3.5306774321950845,0.3901042619193704,8957.79220618008,842363.5,0.007378953691882929,367,139
368,0,119.44821844562422,648.0555361196375,451419.85290035396,3.355775409678277,0.30745072322189254,10819.529203452592,755980.0,0.007028151481154729,368,0
368,139,330.5935591478475,63.36124930907898,453874.7040641625,3.6186671030317368,0.37900751630081664,8728.359693541586,902207.0,0.005889329226193598,368,139
369,0,119.72509327078575,648.3626862986238,457449.47144191817,3.3753058234291147,0.3269580137492453,11022.87882992574,854054.0,0.0,369,0
369,139,330.64297389984273,63.354686545429544,425408.3914532357,3.499576484822489,0.36678719312013314,9434.836964597454,858756.0,0.0,369,139
370,0,119.34721939221454,648.5298824332177,452251.7019653255,3.264288961847733,0.29716750742689885,11848.593562170963,851648.0,0.0,370,0
370,139,330.1342217025302,61.65446995915184,430377.3753890099,3.47176546480448,0.3300905148939068,9387.731822335454,967476.0,0.0,370,139
371,0,119.55494819566356,648.0564455866976,442056.7293751001,3.405941443278309,0.31046129092951874,10276.303861888875,812827.5,0.0,371,0
371,139,330.40249547575075,63.39871509204409,416585.54886272596,3.460143232152744,0.3071111404743619,9134.492321679001,902312.0,0.0,371,139
372,0,119.95279704872736,648.2824724575588,473978.2734151712,3.1990946763148234,0.28707173156532517,11738.873246822259,909758.0,0.0,372,0
372,139,329.959990084568,62.22087393007199,403970.3554286877,3.5596472648623707,0.3802142358419724,8591.494187891652,858076.0,0.0,372,139
373,0,120.59017207799376,647.639588360883,463024.6496267796,3.3756301918620473,0.33352154009361296,11187.396871617106,910939.5,0.0,373,0
373,139,328.679174445146,62.34733518152258,407588.59348682617,3.495534694739887,0.3639007737666593,8766.243817311912,924588.0,0.0,373,139
374,0,121.14312214165027,646.5661098513508,458375.06485666346,3.3291728114340366,0.33166837075012146,10818.29261462405,911291.5,0.0,374,0
374,139,327.5645124407874,60.81468295902049,416464.1979126014,3.439070805409224,0.32388094060560824,9776.531103586178,960734.0,0.0,374,139
375,0,121.37027105158236,646.2898849873794,426049.9627973362,3.327319821173545,0.35263611188523175,10173.347850350412,794157.5,0.0,375,0
375,139,326.6485486580416,59.8730643424459,409313.16472095327,3.5102861192509383,0.34003229853622957,8778.614677318501,890084.0,0.0,375,139
376,0,121.16296978858067,645.1849286870691,442627.9241053748,3.348323484616929,0.3376802817282163,10586.4986377803,913919.5,0.008551671467009006,376,0
376,139,327.2281410711359,60.99551684110853,405655.3796203997,3.5227891642067863,0.3275342694825462,9062.684439917983,889211.0,0.008789105210533717,376,139
377,0,121.529306437004,644.5647447444153,433235.871389228,3.354314160531849,0.3398587387979116,10561.087968029224,889977.5,0.0,377,0
377,139,325.31590480636714,59.57846506629335,413192.93071997544,3.4990403801741916,0.3380134493093022,8710.970367790527,979587.5,0.0,377,139
378,0,121.79648094691606,644.4125165724333,429939.17651089095,3.3344611741144936,0.32356275995641,10103.853555905502,897834.0,0.0133615735808166,378,0
378,139,326.91578361952736,61.11632997400218,405204.94300603424,3.432719437542792,0.30721510961333387,9053.05278609133,953762.0,0.012579834710810534,378,139
379,0,121.8808806668905,643.679182592722,437354.2879177967,3.3188982243332457,0.31196769032096017,10413.197331376112,871671.0,0.0,379,0
379,139,325.8157395726548,59.03227258378996,393634.75713721,3.6024695353086806,0.36296970549124813,7790.025484540908,901629.5,0.0,379,139
380,0,122.01913625546116,643.02484536903,456377.7609917142,3.374738476826609,0.3467343575723956,10917.36568113582,944943.5,0.005734340082786596,380,0
380,139,323.28389872245583,59.227440355939564,379717.1348219867,3.4799380052612574,0.34327419296461603,8287.635261592155,865303.5,0.006261762916033133,380,139
381,0,122.54862556630097,642.6480590397624,462013.9191883596,3.3882300240337577,0.3374919434672781,10590.819713652108,966729.5,0.0,381,0
381,139,325.8508053027248,59.58077569618876,420667.3590262618,3.467617423269054,0.2736996328656181,8642.10888634012,1008036.0,0.0,381,139
382,0,122.48964859043154,642.6896176795283,456781.9617796401,3.3336742775242616,0.32371013125766424,10770.171082182915,894601.5,0.010598804352186249,382,0
382,139,324.2114158018825,57.0038749202215,384400.0767126167,3.5893159685897396,0.35236582398975497,8156.820746065002,882142.5,0.010748251864161899,382,139
383,0,122.59839852562556,642.4750817747264,457167.2919545165,3.3162017379871678,0.30209501617229145,10984.201858605535,884493.5,0.0,383,0
383,139,322.5466595892687,57.85370964870294,364082.19445202727,3.616528403336312,0.337095879066807,7376.252343005177,845387.5,0.0,383,139
384,0,122.54969082756224,641.7358479356591,445817.2646711183,3.3535659531473807,0.2953151507380377,10685.936353574263,969534.5,0.0,384,0
384,139,323.6835780246372,57.41485756984709,407518.8687799081,3.460769378415886,0.31268007453737107,8976.186537002382,970680.0,0.0,384,139
385,0,122.288751572671,641.9095417360286,464135.396034317,3.2885431621057153,0.30702890473813843,10803.738140828125,965453.5,0.0,385,0
385,139,323.4963168165528,57.5336688942848,405352.85229170095,3.5309454931435704,0.3287893276656796,8677.018034365896,1009974.0,0.0,385,139
386,0,122.80105297058111,641.7585820885367,463523.214523856,3.2792361890733153,0.33577888487063745,11732.643289340054,930586.5,0.008246343839133679,386,0
386,139,322.46481148144704,55.255450407440755,387428.6423329934,3.4381529230661134,0.302827386182237,8548.068682233468,896538.5,0.008559223898188433,386,139
387,0,122.70327834585551,640.8045781963276,463288.7248580288,3.366801842851179,0.3383153870233466,11407.697377981598,955430.5,0.0,387,0
387,139,321.22519332849635,56.05746837630544,413060.8035669158,3.458981165132583,0.2698127475203932,8683.471138463605,952310.0,0.0,387,139
388,0,123.05387590439517,640.0672652052556,468234.3700212934,3.3016660602544485,0.3210997554484873,11896.6153238282,1043714.0,0.0014570524447487638,388,0
388,139,323.00078060001516,57.05465540483509,473485.2898883624,3.314769540438786,0.23521587073300104,10994.113471675717,1142619.0,0.0013309076337933217,388,139
389,0,123.2822699785063,639.6636425914027,453066.16036998,3.3113186589486134,0.3414120352134972,11105.351710667359,960094.0,0.0,389,0
389,139,322.4822795746258,56.043423995467705,467712.34885796154,3.397577170027258,0.2646532537782254,10381.089642580358,1134146.5,0.0,389,139
390,0,123.1165616633784,638.8868994309277,463369.6323711381,3.3561630669877895,0.37942498250350826,11275.976698107177,951572.5,0.0,390,0
390,139,323.167435380741,56.64908630049415,501010.3027878412,3.2024217681853133,0.21913114496275685,12979.541523001068,1154896.0,0.0,390,139
391,0,123.42766174074639,637.8954041595516,469142.7476223796,3.3905848866739783,0.3457036681832361,10988.155845501298,1036815.5,0.0,391,0
391,139,323.5520105326695,58.382204491341106,441243.1331709115,3.5029726120286138,0.32198697478789545,8842.031656926825,1092682.0,0.0,391,139
392,0,123.56603589928082,637.1718368059004,468437.9129101991,3.352694697743259,0.34751922433073124,11362.80182692987,1022361.5,0.0,392,0
392,139,325.22518927921806,61.51406725545291,460663.3642917734,3.504236520342834,0.3165503219177835,9739.544423082747,1143197.5,0.0,392,139
393,0,123.58228450557218,637.1314230199552,448399.0565656955,3.3913377707034726,0.34885665665981186,10596.930828993976,959448.5,0.0,393,0
393,139,327.0271722861208,63.80292822629029,456543.8050540958,3.4799858002801596,0.33144353543400096,9633.573480903615,1088534.5,0.0,393,139
394,0,123.99811195298876,636.6306060913472,442036.6840155971,3.30532150950119,0.3290933192088204,10628.766495624208,909776.5,0.0,394,0
394,139,327.06651271281936,64.00284591618706,476751.60684404714,3.4603367236326195,0.30648505021422173,10028.755483774454,1101487.5,0.0,394,139
395,0,123.94057479832878,635.8019607521753,449715.8323122549,3.349595654800794,0.3538594375202569,11258.409364016632,990155.0,0.0,395,0
395,139,328.79554359990453,66.43828185694461,454414.2236216477,3.4594242403776114,0.32640556433522105,9840.027081935796,1076719.5,0.0,395,139
396,0,124.11352834943196,635.3989853994583,455738.56798771035,3.3518970759529747,0.3557140852181034,10639.810925783122,991637.0,0.002205005540994406,396,0
396,139,329.9904795904119,68.54960075811495,472318.9400137224,3.516914530775866,0.32318188845819473,9753.160015301195,1146034.5,0.0019079438132961091,396,139
397,0,124.53916404319007,634.2057408895928,436678.4276110482,3.3070481043037616,0.3348747525202955,10891.23336736118,900421.5,0.0,397,0
397,139,331.1930993067543,70.06569714845281,477499.1133028901,3.4619753015447334,0.31955364998666624,10891.23336736118,1081321.5,0.0,397,139
398,0,124.60874384039765,634.295533600088,433227.5426981493,3.249486767661388,0.31724674029199473,11471.478168258815,912128.5,0.0,398,0
398,139,332.67245524572604,72.68535776715593,493542.4240046976,3.5099536794709927,0.3539669190156525,10396.027089984551,1080169.0,0.0,398,139
399,0,124.64447470856337,633.3359873485796,435009.08215255843,3.311972539416083,0.3177107637748212,10678.859594331421,962484.5,0.0029185576785406443,399,0
399,139,333.76676636279603,74.3067456880541,504907.07222454593,3.4454319864353073,0.33272047488299306,11208.389822149507,1131051.5,0.0024836337106445305,399,139
400,0,124.35531360778728,632.5932315421674,460151.11509170895,3.352142116813831,0.32310075089377704,11112.69644471896,958145.0,0.00514776604949802,400,0
400,139,335.11007031854945,75.68169883410532,497079.4602003135,3.466930122052532,0.3447935387859301,11369.143285750935,1141317.0,0.004321854031315826,400,139
401,0,123.8926915108938,632.4659803304417,447846.7517959339,3.3393142497040746,0.32369231356406564,10120.365693716676,854485.0,0.0,401,0
401,139,336.7681657074097,78.5980144537684,500341.0063698464,3.5112992135969665,0.3299435572539806,10284.924485484427,1077406.0,0.0,401,139
402,0,124.28206112570291,631.1048755750486,450554.88734266773,3.3412270358081497,0.33299215798438014,11065.648944598492,900919.0,0.0,402,0
402,139,337.78600664995975,80.0677820200783,494991.7453091656,3.362115368342378,0.3192129476742141,11762.697697014144,1052762.0,0.0,402,139
403,0,124.77816908308888,630.6720361697063,463469.4267273763,3.3519894818084395,0.39174311009601404,10454.197595354353,949378.5,0.0,403,0
403,139,337.95662629336397,81.51843105277375,529339.3709257472,3.3823705170645884,0.2999740229659362,11474.11931197429,1167071.5,0.0,403,139
404,0,124.60522608994147,630.4595666747794,449684.247198582,3.4306719937933012,0.3421972466559628,10149.720958192938,899848.5,0.010863588673461851,404,0
404,139,339.0314206037401,82.52400823371056,530623.9711109512,3.4473319986475532,0.315885397608236,11439.939724064921,1149233.5,0.008508683539690625,404,139
405,0,124.35428301291242,630.1083686210396,445528.9341920688,3.2816529065610047,0.2922329999382433,11229.62729792436,856996.5,0.0,405,0
405,139,340.17539022747627,84.6063486530274,525093.890395967,3.451852422379699,0.2928281774342664,11403.73004672939,1093736.5,0.0,405,139
406,0,124.29579625354191,628.7668239713055,446637.15951835376,3.4032554234674968,0.33992519440622043,10400.347828370463,912578.5,0.0,406,0
406,139,340.78934449968443,84.10889810778819,564507.7682398857,3.3814170958717646,0.30090413790757803,12794.078677757316,1161497.5,0.0,406,139
407,0,124.14373029765812,629.0931072723286,444067.0504334401,3.2705327746324615,0.28804713314039004,11179.427921190143,904879.0,0.0,407,0
407,139,339.91843496517606,84.60736444853447,563846.6353033344,3.2892961694562444,0.2649038956542538,13112.712448914755,1188538.0,0.0,407,139
408,0,124.5386635895753,627.2853083143208,454243.8260372092,3.3843826408061197,0.3401578657888307,11018.23189932969,867057.0,0.007372465012311516,408,0
408,139,340.39998227439077,84.67367821477883,526981.3725601279,3.3708495357427024,0.294620141479491,12223.351013318876,1090241.5,0.005864031896770115,408,139
409,0,124.72667423610778,625.996026401917,450217.5971230687,3.3091688560657553,0.3258271452978521,11035.164360417226,842123.0,0.0,409,0
409,139,340.58942895065803,85.80590539914158,570492.3342606394,3.2109564642804753,0.24071755728520525,14884.640300097653,1115434.5,0.0,409,139
410,0,124.97238072702804,625.5380558838605,444686.14217808587,3.32429548007867,0.28934680950670033,10455.003342744965,873564.0,0.0,410,0
410,139,340.8525386097068,86.12446231806825,514996.03965804575,3.3743988230025157,0.27828144808586924,12633.129039150166,1055822.0,0.0,410,139
411,0,124.49880540558371,624.6439313828424,435589.959082378,3.3927338021831983,0.35188449105249725,9895.719496140802,798071.5,0.004456127636662606,411,0
411,139,342.63525590677443,88.9623894450189,512794.40127749456,3.4251128119650405,0.30588832354404727,11678.732017967974,1077443.5,0.0033008103030741478,411,139
412,0,125.05134971607661,624.6983676287199,436709.3258903506,3.3916008495570353,0.27417571605384233,9245.610370747458,791557.5,0.016603514739046123,412,0
412,139,343.19920363479173,89.97064932665252,542409.1417505175,3.381119895015813,0.28271868010962314,12660.655642825346,1092571.5,0.012036137491132899,412,139
413,0,124.60365392201275,624.0016845160109,441059.7281667703,3.385699774487242,0.34129183752787756,10436.598506003824,809125.0,0.0,413,0
413,139,344.278172025042,90.70513660666823,555499.2996108644,3.2239556273735097,0.22834587352297842,14066.719725483415,1069468.5,0.0,413,139
414,0,124.47527607614863,622.4565228221485,446746.1902724493,3.3210398220736943,0.34364067584904523,10939.991010284788,829202.5,0.0,414,0
414,139,345.1617296542207,91.44418710923424,544488.7329053215,3.3352925730870435,0.2489053835046044,12374.7439296664,1123498.5,0.0,414,139
415,0,123.59615062299166,621.3285068227578,421812.6865798669,3.3615117481434518,0.3359706899049243,10254.617082037137,772979.5,0.0,415,0
415,139,346.8278527670145,93.23250269080857,538275.8377258601,3.2950141968704507,0.2348977970456163,12818.271352546422,1128880.5,0.0,415,139
416,0,123.20709440681026,620.9691594572198,429797.43637834146,3.333226316978618,0.33559943549873933,9881.424075806939,791636.5,0.010145237441861353,416,0
416,139,348.13885897112624,94.491778731955,547039.197710213,3.2602096005539805,0.2278648542437845,13709.363132200619,1093329.0,0.007347528576751263,416,139
417,0,122.67185845627951,619.7610579666891,429075.94204192545,3.3901674261132277,0.36374577059695457,10159.179686229432,820363.0,0.003471538933739054,417,0
417,139,349.38187573291566,96.31084750003663,563279.5594095949,3.279516558462461,0.25446701921796183,13061.802453723556,1115362.5,0.0025534421153864274,417,139
418,0,122.2496357472073,620.1147497601721,438785.0076411328,3.3658634865007215,0.31669095233339883,10583.84017694502,855893.5,0.0,418,0
418,139,351.389947466545,99.31272783406554,551733.1646439506,3.3017565225397587,0.25314621204990667,13573.169081883689,1187687.5,0.0,418,139
419,0,121.88415970514227,619.6650516042689,444257.28821167845,3.3683128926544934,0.32084521803124344,10688.762090010056,822525.5,0.0,419,0
419,139,352.5175280642059,100.38093240495888,523569.6993501564,3.360151170124167,0.2701914612556998,12125.906572700484,1138201.0,0.0,419,139
420,0,121.70134057918533,618.9676371323756,442325.2846352667,3.3026069094235333,0.26313478725764494,10458.316882892259,841607.0,0.0,420,0
420,139,354.9487135145751,103.64334874389857,521333.9138598057,3.354453767890841,0.22134356631296706,11952.362151876867,1069344.5,0.0,420,139
421,0,121.6930855201259,618.2331906704954,468043.21494758275,3.356733814403063,0.33808185293525067,10628.3993301806,960144.5,0.0,421,0
421,139,356.9326649670611,106.80029182329335,523547.07811630366,3.387782116543644,0.25530536697166467,11710.921484180477,1163383.0,0.0,421,139
422,0,121.28159817085776,618.126040076414,453923.7769111919,3.2987732207450637,0.32460832653747457,10663.606187754984,943342.5,0.0,422,0
422,139,358.5917219623098,110.07110839764931,506281.1226078267,3.509082820209461,0.24813087062254946,10567.537663540976,1215234.5,0.0,422,139
423,0,121.2343523624234,617.6306147206458,445524.18698093615,3.3466149380355725,0.3381754682021639,10788.646347190495,950104.5,0.00043031483898535493,423,0
423,139,360.8358304679403,113.36229578049078,503595.24862363975,3.305372044371686,0.17117941551172705,11163.903611440599,1231568.0,0.0003319593721541787,423,139
424,0,120.98324264383126,617.0936784944555,458386.0954766931,3.252374462788975,0.2732431177305144,11447.727670593793,1084143.5,7.305642913072092e-06,424,0
424,139,362.12624068351784,115.26275831641064,505989.5630402456,3.301269238066188,0.20185527253158322,11447.727670593793,1212821.0,6.530458593493041e-06,424,139
425,0,120.82135544851467,617.0457307286155,451799.03987236874,3.365563790175677,0.3390932555590805,10619.648814891369,1102716.5,0.00033052168878172877,425,0
425,139,363.8009879786179,116.52411563238306,509227.626182024,3.2767657474894083,0.1639023863386045,12063.096226624177,1263330.0,0.00028849771915608524,425,139
426,0,120.40319767443293,616.0442871293761,466779.78516955784,3.2649278286827115,0.33492980009258416,11798.063267409432,1075915.0,0.0026431062550994044,426,0
426,139,364.5913180189648,118.08587997751793,513367.00935368735,3.3108750410753043,0.16179226135257146,12201.415857748218,1344644.5,0.0021149158026300173,426,139
427,0,120.9117361422945,615.7415357530675,466277.18918560183,3.3250540681295027,0.315612989296397,11501.9040661399,1112972.0,0.0015218946703244155,427,0
427,139,366.0678730961982,118.77137777298395,523986.74263049505,3.230562441686498,0.10970838196895517,12502.069637108587,1366773.5,0.001239253381675814,427,139
428,0,120.4942260484663,615.5164464551075,442744.3938475522,3.333986333750911,0.3039505957216882,10367.999948667464,1155367.0,0.0,428,0
428,139,366.5920992160787,120.26036238988668,533592.7102294404,3.032020978160378,0.05980335598524938,14884.7524015523,1344437.5,0.0,428,139
429,0,120.26684663198824,614.260419598732,497887.41522982705,3.38872154874663,0.3299938302282766,11140.338034402326,1282140.0,0.0005492791769732329,429,0
429,139,367.96136496645954,121.88740327438546,499279.9574841274,3.134748258210127,0.11914020684439154,12532.880288702618,1402969.0,0.0005019704991432214,429,139
430,0,120.34692277229466,613.2661205983478,468924.1119004639,3.291841767494638,0.29415596493357754,11254.178685611134,1212099.0,0.0014464049556491216,430,0
430,139,370.3200124628131,123.75558074684642,528633.782149123,3.167042732398003,0.10348758014443707,13025.669775012886,1500950.5,0.0011680048277297654,430,139
431,0,120.17139237173924,613.6657896672843,468744.7882874601,3.2830418998384694,0.32242963733017804,11543.407275328833,1251217.0,9.99991914016097e-05,431,0
431,139,372.1267642342021,125.40413523186936,495026.65306611056,3.243790011926493,0.05554934394060503,11028.07659339451,1413709.0,8.850429762352774e-05,431,139
431,314,31.456757581855733,945.9070353501897,105642.78979653619,3.4134597283508663,0.3820657039611585,2988.9179552190726,197614.5,0.0006334762505581311,431,314
432,0,120.1516985238448,612.65683704748,464383.21072938346,3.1824039979544327,0.2950501034629302,12540.388148229113,1302049.0,0.00501433919208687,432,0
432,139,372.443527183991,127.06684345259572,520863.56355202774,3.123768887770518,0.06161762824930433,13220.874326815188,1421690.5,0.004592389223320891,432,139
433,0,119.73735783179438,612.1054755833601,462202.57808426226,3.337964089739781,0.33190772433619103,11037.673506489844,1264966.0,0.0018460322132033374,433,0
433,139,372.74517968371987,128.03975569291796,490388.0657883345,3.192636221841768,0.07472832189810893,11924.62941326135,1426119.0,0.0016374280067831476,433,139
434,0,119.83370230966668,611.4028452579546,460613.9383990977,3.225088774714646,0.30552406014025013,11793.542919985157,1246957.5,0.003294133300949633,434,0
434,139,373.3323370892984,128.53507232386434,454431.83928781515,3.127505274553637,0.041080608802639085,11508.215268695194,1359514.5,0.0030214658781992144,434,139
434,314,31.0673851924396,944.3031262291352,104905.4664576099,3.538161341068358,0.42178622248396375,2758.1672958029803,253790.0,0.016169868636329715,434,314
435,0,119.89153880090083,609.7008169746457,465906.2068907285,3.2809138509126257,0.32352376828900076,10908.160507249708,1270850.5,0.0015094181581698268,435,0
435,139,373.79195436931553,129.458867812807,430823.2041782227,3.291495344951807,0.0353547073393046,9728.89991187136,1293416.0,0.001483084394223849,435,139
436,0,119.85715043941711,609.0785657653759,487808.4100498473,3.3828778560604107,0.3620584057983499,11342.005344686439,1351425.0,0.0018480324572944487,436,0
436,139,374.2238096465837,129.37025185817055,429054.77875980496,3.3139669214357834,0.09244199298713691,10013.662376389828,1288315.0,0.0019385688315917123,436,139
436,314,31.6933002080459,945.3187723256443,111887.35002190675,3.2633288324183867,0.38760808904391725,3065.4068499152536,149969.5,0.01666419109568649,436,314
437,0,120.07551062994371,608.6517008320278,471613.96314869093,3.339123242305344,0.32327087110140346,11367.8280366472,1288232.0,0.0018112011885094241,437,0
437,139,374.9494654877933,130.36907201687643,403909.99616936734,3.3627140198176915,0.04106766826251557,8551.02108951338,1341565.0,0.0017392011400866765,437,139
438,0,119.92090222555944,608.0978055047359,462607.49651486904,3.384677997784543,0.33690355346109596,10744.302610612327,1245107.0,0.00260557608497651,438,0
438,139,376.62193355015324,131.55795146401084,390208.9714470981,3.4965978612346804,0.12866811486783206,7932.709404096951,1280706.5,0.0025331297031058117,438,139
439,0,119.5884117543763,607.5797521248177,467213.7110703678,3.34199742623477,0.32164051538751603,10754.5392776241,1366625.5,0.0013474006350053412,439,0
439,139,377.891663829152,133.78188471108692,387873.61941846163,3.263996802119753,0.14773431166278117,9131.212594209142,1201026.5,0.0015332023153777161,439,139
439,314,7.477470283545329,936.7168369168153,504956.05645976553,3.599834791824589,0.3488973320560937,10145.79177134349,1508575.0,0.0012206057485411638,439,314
440,0,120.04590226263991,607.1417281139835,465021.3779496596,3.2720905183171776,0.3084559129037687,11379.155414105719,1347509.5,0.0025933030772688375,440,0
440,139,379.48608639077867,135.1924525772266,339342.6703849384,3.2471083404854695,0.07426899350538874,8432.766958667631,1157327.5,0.003019623737545889,440,139
440,314,9.104670065911918,935.1226824747882,508912.40597549593,3.565265766254845,0.3701600179794894,11175.956210282402,1597558.5,0.0021872855792845532,440,314
441,0,119.37904159754639,605.813256489901,497113.95366343297,3.3954193283213945,0.3298098251670075,11249.554940491265,1384595.0,0.0031498253232124388,441,0
441,139,381.1489710216291,137.04431606703827,337098.73252713477,3.292903063693414,0.11462382659738804,8243.208361566874,1226259.5,0.0035567442192001287,441,139
441,314,15.576280137191082,929.8465256635841,528729.0822030895,3.5336657789219386,0.3606185281288813,11152.576018590478,1664248.5,0.002620339082559374,441,314
442,0,119.45369241656746,606.5563092114435,467048.7168564696,3.2670087016741878,0.3103927052939592,12380.544153782432,1396257.0,0.001726072979453907,442,0
442,139,382.3459481264023,138.7930738037819,323356.4169928845,3.410556595605762,0.11877939851159332,7116.375773433997,1162977.5,0.0020724123787872104,442,139
442,314,18.338628409522165,928.1447925196071,546888.6039584208,3.5753663038594548,0.3503404214348358,11015.759758877282,1708095.5,0.0014108844965144605,442,314
443,0,119.72623126129115,605.6420786925374,469192.5749108758,3.3158319400814262,0.3562482877436006,11102.716496576377,1419845.0,0.0003408519907244525,443,0
443,139,384.583868161466,141.5195525177644,315090.9820556166,3.358512837979204,0.1512185512687795,7299.008067193729,1086335.0,0.00044550897146394445,443,139
443,314,20.933838595387105,925.522124053411,517304.3463960401,3.599290028914265,0.3904533110073051,10383.09598290939,1665174.0,0.0002906301682050234,443,314
444,0,119.16043391786006,605.7070848597361,489747.1807936839,3.3881380549616744,0.3106659388125797,10981.318167946467,1439863.0,0.002753329670394613,444,0
444,139,385.3035614045067,143.13823875077418,270807.1498202513,3.4661390916625994,0.13895258512732428,6373.086436754646,1086118.0,0.0036505255251369963,444,139
444,314,25.963765931759088,921.0278345858983,532593.9311454037,3.6702240965639317,0.40473039812262296,10883.270684304087,1758605.0,0.002254143624938893,444,314
445,0,119.24859418220215,604.6241915774763,474330.51260595745,3.277212757327501,0.3300681069723463,12102.259992415376,1404753.5,0.0023114128551511527,445,0
445,139,388.25380089892263,145.25452983696385,258539.4090315188,3.4765025838010732,0.19209765023702519,6636.723221647141,1036367.5,0.0031332832055886812,445,139
445,314,29.23596972979275,918.684838066259,490141.5296928227,3.5610676359884588,0.3653272290211721,10540.678057910165,1669703.5,0.0019445643252009547,445,314
446,0,118.30160428205555,604.4046964528915,457784.3940260332,3.3167851648527424,0.2988287213068762,10811.503773806315,1452246.5,0.0011106157328393835,446,0
446,139,390.9988746505039,146.66374836275298,263566.9298371161,3.2449858984521014,0.15459847099455865,7305.0701174367,1033018.0,0.0015613535720115732,446,139
446,314,35.10809840370908,913.3893888361953,535510.3400755597,3.5606014753826227,0.3825986957248963,10908.904708705471,1729039.5,0.0009328187703196043,446,314
447,0,118.07456625690594,604.6163717155548,473494.5526073494,3.2900104954726306,0.2817416298442521,11074.759745022124,1512805.5,0.0022723499088179006,447,0
447,139,393.8396698683113,147.5575170703378,244130.4494670228,3.357585208472423,0.1827264198060423,5440.2328572038505,985781.5,0.0034877284084282477,447,139
447,314,36.52334166881789,912.4688056341143,524496.7356436355,3.514555767256478,0.33423819551705114,11074.759745022124,1715139.0,0.0020042165024834312,447,314
448,0,117.71263618080097,603.7901174732954,482481.3226059164,3.385053483907744,0.307432994295638,11263.774279269262,1481433.5,0.0017824925349289053,448,0
448,139,397.15768000616606,147.9025636458063,247705.0882806258,3.2292773964101626,0.07394765671511248,6268.535251071589,1058286.5,0.0024954286181919612,448,139
448,314,41.10593428371316,907.8879552951363,511963.02745861246,3.5706807274087384,0.3703414104835977,10578.153236183307,1792427.0,0.0014731659996002936,448,314
449,0,117.49735857744987,604.3865043212242,482658.06608854124,3.256761918677177,0.2844969518081343,12003.529922779606,1546132.5,0.0033925903192645744,449,0
449,139,399.866186290733,148.99113118498462,224388.56742744456,3.3588896641105497,0.2224117765779538,5227.343676049183,1022597.5,0.005130239463484474,449,139
449,314,42.20108095450302,906.2878850275929,475494.6691991405,3.5533967783650495,0.38209941371203093,10164.279370095634,1726269.5,0.0030384803960527046,449,314
450,0,117.67336234981619,603.7336167438008,500629.5010891054,3.4086238383385004,0.32297800573705776,11240.042444480212,1631277.5,0.0016228912674485629,450,0
450,139,403.5660937398148,150.19676835599634,229376.44138912717,3.383099160624144,0.14401476643764238,5570.286521158335,1006877.5,0.0026296650301480895,450,139
450,314,45.414735839885715,902.8815262213826,416080.50925009494,3.576024500919114,0.32380677155157267,8355.429781737503,1628278.0,0.0016258815093426761,450,314
451,0,117.21710142088502,604.8340573036625,503551.5923801543,3.2757946625096204,0.2696488873924936,12669.229361002284,1631231.5,0.004107946841607393,451,0
451,139,406.6937956147161,151.1243875852212,216985.6901670074,3.3776784586691426,0.1405323532069607,5027.4719686517,967114.5,0.006930744764257547,451,139
451,314,50.98209028195056,895.560798776765,465041.1571002823,3.429411737436155,0.29099822149048965,10557.691134168572,1668891.0,0.004015212963826526,451,314
452,0,116.66318544442542,604.1499176167607,502303.2569029351,3.2105570869215247,0.2966658782390166,12145.152292635948,1609533.5,0.001989191239093699,452,0
452,139,408.79518742093876,151.49874006849092,218815.16047232432,3.416710851605424,0.05912148331975509,4655.641712177114,1053291.0,0.0030394679303054842,452,139
452,314,52.64709702844503,893.3338266285543,499469.3880346534,3.3768686897661566,0.303857286558842,11639.104280442783,1779113.5,0.0017996101323912096,452,314
453,0,116.53605121998332,604.8993886751656,496451.99124497426,3.238993986592798,0.2842564635807461,12101.386231298422,1673427.5,0.0024380604518755614,453,0
453,139,409.9523768233374,152.03426695871985,197655.97511120755,3.4757210953846602,0.18040196669568154,4820.8774417367695,1014322.0,0.004023143671946833,453,139
453,314,53.664098940829945,890.7402959453016,517899.97659800726,3.5560802419138535,0.3611993766615386,10920.763184342479,1829713.5,0.0022297514132897226,453,314
454,0,117.01018013259343,604.2508195673287,487385.86393488024,3.2597998129819463,0.2849728291144119,12427.368642164276,1695557.5,0.0030892670321001456,454,0
454,139,412.7429348280971,152.13087079100538,170585.05237720808,3.462376035147676,0.11276671060711749,4466.085605777787,934019.0,0.0056096467617480755,454,139
454,314,55.37961575352517,888.2189328828966,559425.7665324262,3.5731071574701363,0.3940269287046826,11456.480466995194,1881512.0,0.0027838513498455526,454,314
455,0,116.32561285014924,603.2044294622233,486317.18435148685,3.2342350201708316,0.3207544871825464,12359.872405971348,1650125.0,0.0024844258925009895,455,0
455,139,415.68563139025116,152.2857493816776,184716.83327979228,3.681683652970193,0.10745924640356158,3600.9077088262984,939079.5,0.004366884920057625,455,139
455,314,55.97062848315876,886.988538864121,479407.33442373906,3.417670401071664,0.35257621237624587,11386.654106288564,1725861.0,0.002375360182877346,455,314
456,0,116.06558695303966,603.2006881673714,506174.2853164599,3.273565206724137,0.2926256635348497,12220.341051901503,1673902.0,0.0026179719467334505,456,0
456,139,418.4673203370405,152.06052595642146,162161.98602205806,3.7462900308458913,0.11510081369161945,3297.552347338501,965170.5,0.0045411744114114035,456,139
456,314,60.185427933766015,880.6428172505218,556607.4388639899,3.4724916547610927,0.31323647948936606,12220.341051901503,1984116.5,0.0022085712341735845,456,314
457,0,115.8931691379874,602.0138005230158,516099.1078928648,3.3133766994867404,0.3264470369739874,12326.564440667484,1755219.0,0.002469128006125585,457,0
457,139,421.6844217997907,152.106547641399,143978.31416353412,3.5108853284426256,0.057992305000147036,3031.1224034428237,915109.5,0.004737183835550458,457,139
457,314,62.04031286874475,877.9424454335694,474572.7309656981,3.4028692072740503,0.2909405830070078,11013.07806584226,1851393.0,0.002340828528735734,457,314
458,0,115.4293184727575,601.2527196243699,493512.2173183211,3.323715701914882,0.30965923958684716,11999.718136261765,1733252.0,0.0026804587137543487,458,0
458,139,424.4875996167381,152.30986597636073,162567.60998887962,3.564946833899432,0.15462865073314802,3142.7833214018906,911919.5,0.0050955954779559245,458,139
458,314,67.05461992252131,869.592636672005,507130.945044396,3.5581817374883067,0.3917987997894314,10666.416121121569,1948004.0,0.002384905207239755,458,314
459,0,115.40187597021618,600.3540916310927,500182.0688490813,3.345509606858562,0.28569591515254467,12322.623228677658,1728490.5,0.003994466425022194,459,0
459,139,429.00468224911293,153.4794033794497,108186.81023602826,3.2531461143415625,0.143022540107907,3007.8844101496647,785861.5,0.0087935017104667,459,139
459,314,68.98970196894959,867.1511280592043,525021.372365156,3.5226122260637,0.350424423313992,10673.138229563327,2018879.0,0.0034195557236913012,459,314
460,0,114.45398455420448,599.9591690896937,479679.013563331,3.341671472594756,0.31428792022470636,11497.486004564911,1684865.5,0.0029146811624015,460,0
460,139,431.84418460604195,153.70054937850938,114390.24211321361,3.547199389570549,0.12867154527430677,2338.4717297420157,857613.5,0.005728104825316779,460,139
460,314,74.798420000885,859.9843442068473,474027.7068831211,3.656443439028701,0.35766122876073336,9159.014274822895,1933851.5,0.0025392978771103564,460,314
461,0,114.61847710350817,599.5988220006693,509229.5124876967,3.339940647552866,0.31376211188153574,11947.032877694108,1733339.5,0.0028329882709409162,461,0
461,314,76.82546951957849,857.5269753897041,461645.60376115434,3.3748684098639115,0.33791545731142303,11130.141740757757,1912023.5,0.0025681625404685706,461,314
462,0,114.42491770299205,599.5792271383611,477555.0267960179,3.3889180732324173,0.3234373164521392,10636.863383143076,1679279.5,0.0018799405559553042,462,0
462,314,81.39063328896128,848.0360947447163,466115.38127075083,3.539869792597861,0.34269385692387133,9332.342402191567,1856472.5,0.001700469318330899,462,314
463,0,114.22757987954456,598.36382592327,481944.917033665,3.3947179364052884,0.3461265007779128,11472.54431188989,1668525.5,0.004175209021325611,463,0
463,139,436.8755460395589,153.78209383063643,133356.07063393376,3.6021847945542227,0.15525425378953323,2647.510225820744,836960.5,0.008329264857970609,463,139
463,314,82.1856031274282,845.1395695668161,488514.664631072,3.585705820397087,0.3891776796830671,10001.705297545031,1927494.5,0.003613909683102086,463,314
464,0,114.66300010171727,597.6318016782986,506554.627315375,3.371873412379653,0.3362842957993249,11591.173728212114,1710196.5,0.006015986726768652,464,0
464,139,439.9788679692838,153.2237956945952,120385.5236333609,3.712083082422969,0.20513385077697033,3151.98583837347,873979.0,0.011785526855420836,464,139
464,314,85.20077852829537,837.8930431577256,473102.906643605,3.4320019577808965,0.34439230163748463,10777.758027986703,1865029.5,0.005515997619223839,464,314
465,0,114.90949424506083,597.1057793537851,486208.84452293016,3.399012044688066,0.3665591032031537,11337.248573453475,1690421.5,0.0033307530990087193,465,0
465,139,444.2056324386888,153.1085986169354,112477.43979452526,3.7461444960549404,0.2859410340452929,2685.1378200284544,778348.5,0.007237630916393602,465,139
465,314,85.72676605798503,836.0083930921137,449611.4105314312,3.5464809453562935,0.3741151837439201,9944.954888994276,1807855.0,0.0031143035230545534,465,314
466,0,115.13072238788229,597.3392724103257,497182.29344584997,3.31234398905647,0.314900108121916,12717.692558167226,1680061.5,0.0013476666266522472,466,0
466,314,88.85009038410497,829.3891750692106,524306.747105066,3.596710644294784,0.40002295224590434,10829.910069064277,1896241.5,0.0011940174966692013,466,314
467,0,116.12025054296566,594.3639233820525,527605.7188766461,3.2812655146126466,0.2566799292612356,12880.242402825614,1651964.0,0.0011567517726948186,467,0
467,334,116.16207608776801,766.7482637926266,558305.244002178,3.637951636229588,0.3994708497647679,11040.207773850527,1938844.0,0.000985586315383466,467,334
468,0,116.68456727416748,592.7392434833898,497359.1127186854,3.3397925922708094,0.3124087128596672,11528.822344628532,1638766.5,0.0027230434713006683,468,0
468,334,118.41414536909957,764.0371094286859,528324.9578592166,3.591468700979757,0.36035502843506145,10766.586156553918,1915871.0,0.0023290949066582306,468,334
469,0,116.62094294121782,591.117667328583,474502.23433980695,3.343029875688502,0.34881093889455633,11286.188537864893,1579457.5,0.0035505631502793233,469,0
469,334,122.6956059973034,759.3627444642476,539325.4710701079,3.586451781342705,0.38771631608601653,10803.872788383489,1901485.0,0.0029490092825673183,469,334
470,0,116.27895685545421,591.6136330325597,492835.4141877013,3.2446645212745935,0.2951458451544153,12146.341471344473,1635455.0,0.0021942903275466038,470,0
470,334,127.2553505392308,754.1707597189505,585128.4812731141,3.5273183158698718,0.3712795714504874,12146.341471344473,1968373.5,0.0018231309441440512,470,334
471,0,116.36442123024484,590.2771061470817,490626.1487634428,3.3120128021019495,0.31672794450667124,11643.983417957814,1714229.5,0.0026216734116247826,471,0
471,334,129.39430819679546,752.1339786415218,512532.62604129565,3.5176271012666556,0.378434829399234,11249.27211565416,1872463.5,0.0024000693902232785,471,334
472,0,116.20168863583166,590.8842175071633,508687.34727203887,3.243717931133273,0.2815511843652319,13269.26248596141,1755676.5,0.0011939617485702983,472,0
472,334,134.4647730679399,747.5796778116058,537162.990855051,3.565193155474981,0.38845723017650313,11138.432013763228,2023861.0,0.0010357318444521072,472,334
473,0,116.06643346010067,589.8936682388093,494746.70004326454,3.2696944727867727,0.29479622810725853,12444.012105627406,1701455.5,0.0,473,0
473,334,138.23307255924507,743.0624447676869,556577.8851931008,3.6552050581967697,0.4030296762851876,10499.635214123124,2033547.5,0.0,473,334
474,0,115.17360809708345,589.55914127704,494022.88424106716,3.309947975780741,0.3136837104984383,12206.2731406048,1730255.0,0.0030131635198951284,474,0
474,334,140.33355416644207,741.9808808552665,570666.9248913764,3.4923940854878035,0.3718942238900989,12679.384502643747,2025083.5,0.002574428909291642,474,334
475,0,115.51521286380431,588.6485834001702,487196.0529312735,3.3177952743396624,0.316875470307257,12484.930884668627,1743839.5,0.00399546942018533,475,0
475,334,142.2224652248987,739.9630933841452,538459.9358062007,3.518414083118211,0.3751671307202328,12579.513694400965,1987777.5,0.003504896243586238,475,334
476,0,114.85108409548934,588.1247000157649,484417.2597201799,3.3938544717153802,0.33524952972837146,10607.677220149924,1731355.5,0.00036311949888611766,476,0
476,334,148.2744933723796,734.6566658228076,501445.3731525258,3.4673944499673675,0.3530575729133343,11538.175221917461,1927921.0,0.0003260941021174262,476,334
477,0,115.13879344544225,588.113814184524,477672.72302545747,3.2825753920998184,0.3022316643828669,11797.94074942395,1673590.0,0.0016962495784814137,477,0
477,334,149.82282365249708,733.0852454264701,502803.29600390524,3.5937862351573036,0.34802238933861196,10838.758574674035,1922022.5,0.0014769712726354933,477,334
478,0,115.30901341993784,587.4242918817208,488659.2353733238,3.4316838780158796,0.3358698180803998,10768.54777177664,1741509.5,0.0021625408363260077,478,0
478,334,157.060661419584,726.8970618742309,492927.84890447854,3.522665386173975,0.33718692609753265,11253.61749122604,1887298.0,0.001995491946454876,478,334
479,0,115.55636728836029,587.1705030606046,490593.28956855804,3.288959242436478,0.3307328252750684,12725.155084112725,1726389.5,0.003950533419340896,479,0
479,334,161.99999051711075,724.3046090299066,485869.55775703135,3.5136355702654933,0.3427672186767965,10507.893213396113,1896930.5,0.003595247213852903,479,334
480,0,115.45044490386375,584.6102140303574,481231.19052667194,3.4033696297348173,0.3322727704913882,11008.556646034978,1691232.5,0.0020685854517132445,480,0
480,334,180.2721309490264,710.1925308069679,539910.7290774119,3.668321292256484,0.38495849096340995,10320.521855657793,1996602.5,0.0017521281486135797,480,334
481,0,114.92894375968162,583.8087981273428,469050.0785031353,3.2482787247174585,0.31389314019138187,11338.360676284441,1598821.0,0.0029698966995839564,481,0
481,334,183.57274324953755,707.734569998841,545036.9868950767,3.64093214181669,0.3549159581275944,10741.60485121684,1999152.5,0.0023750020004953344,481,334
482,0,115.46370050918844,582.429393761636,490246.0013272646,3.422713844287927,0.3184621445268075,11351.005220351835,1646291.0,0.002273090072895653,482,0
482,334,184.4213402188152,706.6729645368353,491322.3897533325,3.5445496055203995,0.3968697042654561,11253.15172707294,1821854.5,0.0020539997955860037,482,334
483,0,115.26942178271187,582.774035671397,474593.3692553931,3.388386791460457,0.32433544302370243,11150.640326194673,1665559.5,0.002391580227588143,483,0
483,334,188.4329928755958,703.1934800348762,546381.3759835389,3.6209087159388247,0.39571259577909473,10966.332221629471,1894073.0,0.0021029797207675316,483,334
484,0,114.89365401564545,583.0612998727775,486454.8455323249,3.3139846906014037,0.3576393267272919,11805.747196129629,1667019.5,0.0015378448542265007,484,0
484,334,195.30230071166622,697.9017684005322,446973.33031903894,3.408628558070425,0.3168390098654853,11321.905097927594,1758387.0,0.0014579301623611823,484,334
485,0,115.25140054116032,582.4482366946213,480521.17163159937,3.367687953031191,0.31693859168131994,11132.50567390963,1598058.0,0.004059903583739456,485,0
485,334,198.66760774093117,694.9414253414518,487910.85212203936,3.5548417796968415,0.37956160267754396,10268.776785416643,1903280.5,0.003408880968190682,485,334
486,0,114.75529138875466,582.7178202269381,502170.1795861632,3.382070278573398,0.35272117327423685,11878.655933439697,1674844.0,0.00460541654486816,486,0
486,334,200.31973062385507,693.9309794031452,495636.9188227714,3.4364614105447733,0.31357496098805177,10888.76793898639,1824835.5,0.00422654968564801,486,334
487,0,115.69580234783398,582.6525254736101,500932.00984593364,3.408327358953891,0.35230780733496314,11892.699448764268,1696839.0,0.00540348989412032,487,0
487,334,208.19272678246955,688.1150988145406,503809.2758416024,3.43584978907432,0.32442615811862424,11796.790582241974,1839017.5,0.004985385165189693,487,334
488,0,114.86983380837431,583.1189780063946,489482.972499515,3.3547299303934315,0.3278743377453716,11467.541895796283,1652074.5,0.0029453163098794827,488,0
488,334,211.55742694517934,685.772937472061,539276.2465207357,3.587866347592262,0.3971875058417703,11568.134368566425,1912658.5,0.002543894720191061,488,334
489,0,115.18281361373529,581.7501124013406,500472.61483537074,3.3872146630236397,0.3580859365069514,11657.434986211105,1651301.5,0.00452722976233814,489,0
489,334,214.06160795258288,684.2773898102354,531858.0167213237,3.5741358897726956,0.427591897098062,11856.70737913779,1936387.0,0.0038602756892142766,489,334
490,0,115.45947261045828,582.601436783651,478191.47693929786,3.2756187566291493,0.3681132672074505,12045.890295464955,1619064.0,0.004238091981853817,490,0
490,334,219.99633647514455,678.7881968765295,524654.1966503769,3.5171913180134466,0.33911478904985926,11134.856575639873,1904677.5,0.0036023408295815552,490,334
491,0,115.16242719964701,583.1860601969564,480975.3189097772,3.288380093621188,0.31939335570060357,11738.384205036962,1634689.5,0.0027244700863683245,491,0
491,334,223.01352068678057,676.274287009445,551007.7128110147,3.644670794887414,0.3585076967452711,11340.47287605266,1925646.5,0.002312695168101558,491,334
492,0,115.72515906019233,582.0611626165252,476999.37115853536,3.3826106351023397,0.37260577194593847,11354.756381723331,1586966.0,0.004517792918041004,492,0
492,334,223.87240981418753,675.7285560447532,509768.7996636843,3.594261850410476,0.38923477552661556,11155.550129412395,1882833.5,0.0038075947802565344,492,334
493,0,115.78082512499692,581.6175138669039,483949.0106013641,3.2730519830413347,0.29855169149997585,11751.08888550459,1598545.0,0.004973575989621387,493,0
493,334,230.07927025561622,670.9886519293203,559645.6081721561,3.556837586016311,0.3801241554812536,12240.717589067282,1945014.5,0.004087132214512473,493,334
494,0,116.35651640998518,580.005094785913,503734.393286281,3.3338518386381866,0.34901228926982003,12261.47040759066,1668148.5,0.0030308000292722055,494,0
494,334,233.39974141085446,668.6970619726081,547340.9760140282,3.6111527877945515,0.4095643466826239,11247.363832526771,1897039.5,0.0026649976995785003,494,334
495,0,115.60007884865783,580.143322265767,494665.32685699896,3.3402064152840802,0.34400162544076784,11995.77153244481,1593421.0,0.004072832953412938,495,0
495,334,237.84119980120227,664.9654045326226,547318.5225146766,3.555435881837056,0.36544579739309824,11629.488432217488,1856138.0,0.0034960684289666033,495,334
496,0,115.36986345575524,578.9780029299841,484762.35625412455,3.3734673097780044,0.35471591999132257,11410.57446710461,1522281.5,0.0013804563770545752,496,0
496,334,243.03519827723832,659.7312541871369,524605.83759008,3.525345662930792,0.349527229473745,11223.515869283223,1829874.5,0.0011483862359713613,496,334
497,0,114.91623316753035,578.5579765791449,480059.18204619933,3.4386235182790443,0.36378468247671697,11179.85647808856,1548231.0,0.0025844116431675813,497,0
497,334,245.90182372494885,656.4635217655879,564486.3740703854,3.60588273550354,0.3653722575465024,11179.85647808856,1931536.5,0.0020716494484178216,497,334
498,0,115.39767773636096,578.1961549899261,488384.33434063016,3.3597019063043088,0.3514166296665768,12304.256485325954,1556679.0,0.002426761561516877,498,0
498,334,247.18627048812567,655.8149964737695,508071.1447171517,3.49376707090679,0.3601820321217826,11831.015851274955,1745266.5,0.0021645375344296843,498,334
499,0,114.37133151360852,577.0612650582275,463647.5783105696,3.327371249019948,0.34004168476533364,11539.16861564453,1462402.5,0.001888973538324219,499,0
499,334,249.5827207149322,651.68488359481,539030.5077094933,3.592338457845884,0.36343447362978976,11066.251869101721,1789986.5,0.0015432202739909422,499,334
500,0,114.66595669278044,577.2040233717255,483187.2180549929,3.342654811030998,0.31064973401943496,11761.918931845135,1462686.5,0.002999218239247765,500,0
500,334,251.3401136142872,650.1708582908573,501873.4924870372,3.598126310527876,0.4172019341854321,10623.668712634315,1736630.0,0.002526055169252888,500,334
501,0,114.772774679971,577.0245873533369,469854.6738744445,3.4387287068223737,0.3398018052468375,10589.126584420836,1478445.5,0.0022272609073939486,501,0
501,334,253.6460470055262,647.1890940722496,425279.4933952635,3.460745689931152,0.34711338124752367,10589.126584420836,1599722.0,0.00205839200443242,501,334
502,0,114.44276921599538,576.4087174693104,479913.5271202023,3.4046206969506776,0.3008062864770276,11057.460406801616,1472919.5,0.0017468759457982424,502,0
502,334,259.0357627088453,639.0855979961696,483270.2561722671,3.463924690210285,0.3429750065723243,11353.642381983802,1659820.5,0.0015501363086861631,502,334
503,0,114.36238253681319,576.1925051197371,455503.4518098316,3.3699025347808877,0.3012236070996879,10871.684595682169,1367484.5,0.0010432651426915064,503,0
503,334,261.89826356827126,635.0980679579853,492648.37417841237,3.6256983600795603,0.4051108818915192,10167.038371887955,1659014.5,0.0008599170825075096,503,334
504,0,114.24423692581367,575.6692205703318,480007.87540961977,3.3719396639986465,0.33665363637546364,11193.188017047141,1423689.0,0.001197727748672082,504,0
504,334,263.3972516889831,633.5569135782348,486204.10449048516,3.5593918438473837,0.39207622902196415,10793.4313021526,1665100.0,0.0010240746974401096,504,334
505,0,114.34899169306708,575.4906713925013,492654.92213351186,3.3328554507602792,0.3408195980023655,12308.806164302365,1499020.0,0.0005841826572997252,505,0
505,334,265.21684599294537,629.9865618149946,495681.67774768453,3.6449374341461356,0.38479798512717417,9988.293526769952,1671393.0,0.0005239296361207351,505,334
506,0,113.5845003129858,574.9541504630362,479802.7032012439,3.413436522998159,0.34303925923238643,10783.174742931378,1428397.5,0.002127895775765297,506,0
506,334,267.86040024455957,626.8136242811878,502146.218434345,3.672430791763687,0.4406117771469278,10491.737587717016,1607894.5,0.0018903202858845812,506,334
507,0,114.287493525225,574.5292129039731,478740.4893518525,3.3730405896324442,0.31637056199678204,11145.389435999983,1352435.5,0.0018229282387711052,507,0
507,334,270.49890483726455,623.1293439622659,498679.48880157724,3.653598224722767,0.4078700996904292,9611.620247559618,1598361.5,0.001542456021119407,507,334
508,0,113.72033678000123,574.8737581790604,464996.58297063556,3.3225327622367624,0.30859796956245955,10884.567842627699,1378852.5,0.0007712336517086315,508,0
508,334,274.5087522090642,618.6112909438606,465584.937989156,3.5443394361648206,0.36296523223217536,10002.035314847075,1543041.5,0.0006891607739515635,508,334
509,0,113.42124092150158,573.5811389570962,474759.3741115064,3.3870097988137626,0.32769850836882447,11249.754447871905,1405962.0,0.00013010804144745713,509,0
509,334,275.71861719733516,617.397070126012,509100.7297944838,3.6628084748767042,0.3910749559712272,10164.251825708825,1647388.0,0.00011103914916004234,509,334
510,0,112.99736695731147,573.1794807631155,483202.1706995162,3.3796140560681756,0.303964076430581,10868.558936493451,1368651.5,0.0019929140925970417,510,0
510,334,276.84342064210534,615.9519601887274,489284.5752419575,3.576124892675456,0.3733473546175354,10070.866537484759,1568748.0,0.0017387163138190458,510,334
511,0,112.94037060359905,573.177064482342,477263.9778668694,3.361321033083938,0.30848195630697,10615.947796658502,1330421.5,0.003218347909845409,511,0
511,334,280.70995067183986,612.8047590194947,472092.1058633691,3.6220118477306094,0.3879454392154737,9890.071024237408,1541747.0,0.0027772539285787134,511,334
512,0,113.26849058060971,572.9652622373447,482642.84131806577,3.354855954300322,0.35345082362167207,11378.437135213357,1424554.0,0.0,512,0
512,334,284.0659809921501,607.9464015180392,465440.79462545976,3.610406304868853,0.4199266797539736,9944.933244162856,1563544.0,0.0,512,334
513,0,112.51075093963767,572.4008646390049,468873.2529873554,3.370073106825839,0.3318939457208456,11136.92683398432,1393322.0,0.0,513,0
513,334,289.2934778657942,601.8293428796225,471808.5670366226,3.523415335539576,0.3822276235431873,10273.59917243515,1555429.5,0.0,513,334
514,0,112.51066479884044,572.3202611324347,478061.8642412514,3.356930095782811,0.33396390083784844,10968.403152709181,1320006.0,0.002933947276082223,514,0
514,334,290.10219892452716,601.2999875549274,471552.1615571231,3.559707912680562,0.3838590433429532,9987.489049621368,1511900.5,0.0025616063841829135,514,334
515,0,112.23769543578182,572.1739311241159,463178.3564855771,3.3569782843364644,0.3354653135239087,11339.583115466106,1332071.0,0.00029138462475972155,515,0
515,334,295.516950114882,594.3075318829495,533919.9096136002,3.641148772695841,0.3984114128876552,10728.99017847947,1670888.0,0.0002322950602419699,515,334
516,0,112.15236547080474,570.9825807432503,453971.1027506284,3.34404812613904,0.302894580003359,10696.77433436919,1365928.0,0.0023137057366993874,516,0
516,334,298.46408215695175,589.9990320194379,517467.15519944386,3.5710094488177373,0.41270967588362095,11295.793697093863,1678496.5,0.001882847843616486,516,334
517,0,111.47551020461485,570.7677584645833,438668.8168815294,3.3106334918935167,0.305086015233516,10966.720422038235,1333078.0,0.0013738008662357358,517,0
517,334,300.8215883739168,588.171920007081,467882.68556880776,3.4085884875772665,0.3198862792469512,11151.035050980054,1570632.5,0.001165987131866492,517,334
518,0,111.3614704895138,570.9542609513348,460193.31654769013,3.3484274142343278,0.3128637834038866,10959.140189386047,1339947.0,0.001528171144970443,518,0
518,334,301.8765756712406,586.1269891268429,475318.74143717333,3.492069630588435,0.36910781494606437,10777.997376338344,1522182.5,0.0013451899231765798,518,334
519,0,110.47767906997126,570.0684695271889,478021.9820050868,3.4279135391052185,0.3393283733692129,10348.301957177611,1415426.5,0.002282865405287806,519,0
519,334,303.835752340323,583.3276536566808,438020.14250675315,3.4890850537937177,0.3800139889281491,10174.380915880509,1461580.5,0.0022107784157940516,519,334
520,0,110.85860341756586,570.0087054216224,453710.60588989744,3.3961955273318756,0.31823648021046835,10695.516621539211,1404613.5,0.0023430183366903493,520,0
520,334,303.62463687017305,584.4728560814038,454304.80125776073,3.492411162071647,0.34404017280536536,10271.091358779719,1577410.5,0.0020863659858025864,520,334
521,0,110.73753563768075,569.8099435951564,436586.70774497295,3.377000618929849,0.31208824593118845,10024.953105510287,1346566.5,0.0017863633431420749,521,0
521,334,308.1942887763784,578.8707738258156,536502.0736965588,3.67967643764607,0.4202330471383909,10776.824588423558,1726546.0,0.0013931838854472252,521,334
522,0,110.14883023755637,569.4541131644255,480227.5016332684,3.4513317600911315,0.35647046169687713,10602.112429434927,1405858.5,0.0005743671269633686,522,0
522,334,309.5115410362482,577.3636409596156,515487.5573644952,3.5405323432948763,0.38965367071931384,11324.983731441855,1615184.5,0.0004999262935991503,522,334
523,0,110.27984587414316,568.2293406528081,452879.3096894635,3.407407733327477,0.36356293850829946,10412.704335476656,1379802.0,0.0014735585800707126,523,0
523,334,314.0696617518086,571.3771134098837,505016.16027061775,3.6730192120560714,0.4198584727717894,10266.04652793473,1669891.5,0.0012175593200246214,523,334
524,0,109.90353345999348,568.6163496386315,467915.05680455116,3.2855455863720637,0.31628432193601713,11464.06973473433,1414239.0,0.003661266611131109,524,0
524,334,316.79282029558397,568.1428247864419,529232.7455830973,3.624591793442312,0.38834630998073144,11011.540666257973,1733064.0,0.0029875015227294865,524,334
525,0,110.00930279808959,567.5473318998876,476913.351378393,3.3778280332518738,0.30208084063111723,10705.903721188086,1390937.0,0.00199538027983224,525,0
525,334,319.4242239513231,564.7918221391711,539762.3976840727,3.583977058033633,0.3679582635478761,10782.924611268576,1717815.0,0.0016156287332232577,525,334
526,0,109.53752568790114,567.5704774186731,460020.2756725476,3.4141398566433927,0.305878642177321,9386.572535403113,1386033.0,0.001421498429591254,526,0
526,334,321.4069363439712,563.5746620963646,480670.7352504344,3.4061639430832296,0.33838127005329516,11263.887042483735,1571226.5,0.0012539410227684763,526,334
527,0,108.79610149637175,567.1549308158354,459242.8849699898,3.38188844180175,0.30116607286308306,10637.214370087308,1479493.5,0.0025135321331431586,527,0
527,334,324.04092806392975,558.9006265246153,507906.0467733026,3.615143318558798,0.40977128169101507,10469.6991831568,1713288.5,0.00217056938734368,527,334
528,0,108.46064996196966,566.2158749584551,449925.5048305935,3.352784943603991,0.2995400498695179,10271.899548587566,1433494.5,0.0028725587468027077,528,0
528,334,328.50226534815454,552.6232083887841,508948.1657288268,3.5364059307347295,0.3736319563285931,11087.12967149134,1730041.5,0.0023801899640699554,528,334
529,0,108.12150435192648,565.5683414491657,448352.55867073406,3.3286232154282747,0.30475808975328345,10993.555536679522,1394225.5,0.0,529,0
529,334,329.65860375200725,550.8705397819595,538376.7092543126,3.585116870202639,0.3853132550743538,10993.555536679522,1756549.0,0.0,529,334
530,0,107.5306730841731,564.7395889422943,444623.06439489697,3.4867252549357612,0.3378467222184644,9965.55191847985,1413990.0,0.001884216486059297,530,0
530,334,332.26440562238764,547.1317930069282,547308.1113629134,3.628606902842087,0.3883839877661374,10683.071656610398,1755204.0,0.0015178912061133338,530,334
531,0,107.28105013115295,565.0259584669145,460533.38115712063,3.386697889996323,0.2937108754661352,9970.952772008024,1482367.0,0.0012278121981301598,531,0
531,334,336.9443345918599,541.5808577500226,495899.1042703366,3.556156025848126,0.37121320230167837,10594.137320258526,1670744.0,0.001089367272517153,531,334
532,0,107.24087894963913,564.3864349321203,481382.4149512394,3.3652344394960063,0.3086069997652905,11389.540479290552,1395858.0,0.0006109706124359801,532,0
532,334,338.47979399505795,538.8498899238565,521671.9458983897,3.5928002001064634,0.3855858321934584,10924.661276054203,1711215.5,0.0004983696993952719,532,334
533,0,107.61208175746276,564.5902351956059,458834.1419636065,3.4047896546765695,0.32205513989609613,10415.58984146777,1362100.0,0.00043344084784045604,533,0
533,334,341.053409547712,534.8301405505835,555002.1444096398,3.483477094956691,0.3744098886520175,12843.283714291085,1738632.5,0.00033956378816762587,533,334
534,0,107.34780477016665,565.2091929137292,455093.29247165396,3.4054374196274555,0.32567638180328307,10225.881434785064,1379521.0,0.0009655180189791481,534,0
534,334,343.3406527413465,530.5216930077013,565665.8315632322,3.592790318019322,0.40637559993964656,11639.214641218772,1676429.5,0.0007945148271615544,534,334
535,0,107.88506914879811,564.9358602015427,439563.07749108685,3.354710139295847,0.2902824408050831,10434.731809877434,1352559.5,0.0011514244759949753,535,0
535,334,345.2416911163664,525.8959514006184,546926.6852536539,3.4967139568529313,0.40753740489840884,12554.286708758787,1672684.0,0.0009310513906774384,535,334
536,0,106.88108625376539,564.6355263301076,450271.3696911685,3.4139975943171486,0.2671031963062914,9590.706399757275,1303467.0,0.0009326183350959185,536,0
536,334,346.25505425747394,523.7219791190424,546096.4618391707,3.5405825802408923,0.399936334972361,11312.115240739351,1670424.0,0.0007277338653480696,536,334
537,0,107.59632422038099,563.987512477248,433936.524236649,3.2973140641805645,0.3127582517769125,11412.90006980023,1278487.0,0.0008445430350984717,537,0
537,334,347.59948965913503,519.5057704264763,511774.14485658146,3.595681671195485,0.4134240035903825,11412.90006980023,1536946.0,0.000702502433311651,537,334
538,0,106.87474747786325,564.2384994237328,458710.91858614975,3.3496811245794182,0.2692584980359354,10175.042194092777,1385292.0,0.0002487029086556256,538,0
538,334,350.21114951806726,512.9980883826287,505416.03029673954,3.5567766398814813,0.41452859638401973,11259.268001660039,1538301.0,0.00022396330122226258,538,334
539,0,107.01381654601582,564.1327984846831,444890.41844878806,3.3946615959716513,0.31069384442202774,9826.742633553902,1308401.5,0.001544900878990849,539,0
539,334,351.6382864873274,510.64367429777167,524195.302358641,3.5353682062604372,0.39725535947618745,11976.342584643819,1589268.0,0.0012718672463990456,539,334
540,0,106.27444595555035,564.2185630988995,456913.28884965234,3.3461003452564677,0.3110282015421328,11103.968267610599,1258940.5,0.0006739225911086153,540,0
540,334,354.4205629258284,501.27316245310544,469517.79336964275,3.5314412102444224,0.40406942866702783,10578.780579277665,1522665.5,0.0005571869201215533,540,334
541,0,106.63356250450647,564.4982803839546,460262.82884093316,3.3739421138115526,0.2642153066089683,10035.110386047869,1334016.5,0.0017676739945542092,541,0
541,334,355.7273526684557,497.94410450886573,526095.999813233,3.6078017914283715,0.4100261246740691,10177.452377339328,1574276.0,0.001497889627822515,541,334
542,0,105.97759324884179,564.770028160335,452276.6879310448,3.310109888421531,0.2966869194700221,10724.467661488388,1321823.5,0.0,542,0
542,334,356.75306937164055,493.75884724231815,496579.833649883,3.522767347206446,0.3748397800208112,10724.467661488388,1504641.5,0.0,542,334
543,0,105.95024605983133,564.0358669578767,464542.3652838922,3.2319000464369863,0.30424838944183114,11966.958371505836,1282678.5,0.0012442270835647032,543,0
543,334,358.5847594062287,487.90249753544344,487279.5861897533,3.5951489444059956,0.40027738513741434,10396.295085245696,1507301.0,0.0010588075794070056,543,334
544,0,106.43412021458894,564.0414065934265,471619.4838751168,3.33980026316667,0.30388484660954684,11506.400500665828,1285213.5,2.5183333001836676e-05,544,0
544,334,360.9503561272702,482.2749739266626,500778.5609202824,3.5787936046811253,0.4229987102955383,10362.907283208355,1513279.0,2.1387678711763248e-05,544,334
545,0,106.02389141052826,562.6143020926833,470854.53389209183,3.383292889600122,0.3216669275443854,10958.54417658845,1332979.5,1.2097932060090602e-05,545,0
545,334,362.92419488434854,478.37054975313754,484570.857397888,3.563623984842777,0.4174615804223069,10595.678475376912,1461762.5,1.103200703944627e-05,545,334
546,0,105.75677181838527,562.3718302756891,462727.5344044566,3.3221078019581896,0.3343073461274776,11181.148600851182,1295796.5,0.0033863946896124236,546,0
546,334,364.9828245692524,474.424644784262,470826.69973712444,3.527030648738124,0.38522599784010886,9747.668010998466,1434699.0,0.0030586214118154833,546,334
547,0,106.27616342027767,561.3028289525662,453791.0610338833,3.3550845956543665,0.33058218720707483,11336.903676072032,1237921.0,0.0033980920892614872,547,0
547,334,367.63504994126333,470.3675744427828,477252.1533635324,3.5782020887670316,0.34533862144647864,10155.97620981453,1478198.5,0.0028457834018179445,547,334
548,0,105.50822453693827,561.3373287589661,464311.59967417194,3.2576168430564376,0.33102931454276524,12108.34749448582,1259411.0,0.003113456746080167,548,0
548,334,371.06597172103756,462.2020005928839,469772.2269756067,3.5783726292624203,0.39623479520155397,10050.719815684308,1443333.0,0.0027167496865899117,548,334
549,0,106.07773497019244,559.5100696671334,465146.1523964829,3.3293296522194424,0.2873840251384172,11661.045603254444,1310228.0,0.0,549,0
549,334,371.66240576930454,460.2110218110415,509441.92979217856,3.5679698036990293,0.41265609288957755,10770.271286339175,1468927.5,0.0,549,334
550,0,105.11735912757148,559.773234431736,501394.88403472176,3.2937414524906155,0.3174531327252197,12466.507382961481,1313333.5,0.0011712235827785757,550,0
550,334,373.68129306440727,454.36389151386624,483861.3446186856,3.545979330861027,0.4005230652743131,10697.067625379852,1399733.0,0.001098926232496383,550,334
551,0,105.36388841579003,558.7567849795671,452588.9637917742,3.2935146799714343,0.3354675173262214,10977.987939900251,1210207.0,0.005374747558178929,551,0
551,334,375.5565739744771,450.69317130455687,499848.81258269225,3.5757272749989393,0.38014288905384785,10822.271798908758,1510039.0,0.004308082901517584,551,334
552,0,104.78069478551411,557.9420535600435,467092.9382931901,3.4032101477030405,0.31839743858600844,10235.10422554799,1264509.0,0.0,552,0
552,334,377.1978156800567,445.4544525192076,512453.05929277773,3.5338965569425236,0.39189656750794083,10700.33623580017,1505985.0,0.0,552,334
553,0,105.38566863517767,557.9048401143478,470279.9469133356,3.31067057089724,0.3301594004847807,11340.646274638615,1310031.0,0.0001273055691104575,553,0
553,334,377.7811193386631,443.70759249952556,486220.29587279266,3.4379178398502477,0.35831123607795234,11816.477586861214,1374479.0,0.00012133580808869885,553,334
554,0,105.12718676428045,557.2068636191825,460364.89991029055,3.378461946481829,0.32702787760463975,10771.988264339847,1227773.0,0.002188788866360407,554,0
554,334,379.71585086393804,439.8772280602101,461151.1764259358,3.4673240245004635,0.37359342763873377,10536.105309646275,1429277.0,0.0018802094501331537,554,334
555,0,105.1318599241778,557.4098274930192,459887.8862278464,3.2961620505189044,0.31051966193129993,11370.432202091759,1235881.0,0.0002526605634301536,555,0
555,334,382.47474766165425,432.5381729410828,531951.8416708333,3.595081369314618,0.432811888000622,10986.295979048118,1586433.5,0.00019682718404883295,555,334
556,0,105.36784939648147,556.2405311804587,483437.91514479805,3.3405062113875683,0.32537553192614704,11068.143110103445,1338256.5,0.0028222379027878224,556,0
556,334,384.8857899112661,425.7853374223953,501781.6208587457,3.5298904352192246,0.4018426474099268,11300.341916609112,1494704.0,0.002526897269698404,556,334
557,0,104.43566043850718,556.1917866908533,442728.98506852094,3.2493954221659402,0.2878986089938043,10660.013781508434,1250479.0,0.0028786250382668833,557,0
557,334,386.98332228756686,421.74291179513295,539007.5222380178,3.5338797925682313,0.3917517338002386,11421.443337330466,1556891.0,0.002312179585085722,557,334
558,0,104.41860919864065,555.213292702647,473772.6672588412,3.3312165656583588,0.3021681255957114,11371.798833393806,1255546.5,0.0001835558909595989,558,0
558,334,388.01171291157704,419.8634380671946,507103.8017705127,3.4816029244588433,0.373017887317256,11920.782225350747,1527050.0,0.00015091772759195265,558,334
559,0,103.79907211058912,554.227659457846,466832.5705945573,3.412470118901963,0.3311857992767955,10332.986536464017,1296838.0,0.0,559,0
559,334,391.03097179631806,411.831060921498,495311.2895852996,3.5472914734807226,0.40335721746044556,10585.010598328994,1514132.0,0.0,559,334
560,0,103.79283196707627,554.3813196245519,503020.6941054627,3.2492289530344993,0.3151422700289666,12451.453952745085,1391571.0,0.00019349146645905918,560,0
560,334,392.9128722014599,408.60943438764457,553097.1936980245,3.632641577242552,0.42647341143109246,11098.03504483801,1568757.5,0.0001716353661100228,560,334
561,0,104.27150403520885,553.3647469516947,463488.1541997042,3.319639682548577,0.30798862868388555,10863.003614055568,1298003.5,0.0007660013214557427,561,0
561,334,394.3403613229055,406.2869249318198,489453.3823503736,3.571964696574747,0.4193106926983096,10863.003614055568,1409191.5,0.000705559404615191,561,334
562,0,104.09143022331084,553.6274746378219,505861.42439164326,3.2293673620884378,0.26118288539459467,12603.6659975545,1359970.5,0.001284233084932235,562,0
562,334,396.6064742273125,400.22083416573946,501145.76704561943,3.586043663025079,0.4025408089445864,10288.706936779185,1547819.5,0.001128373745959779,562,334
563,0,104.64918455424451,552.1669651759125,474200.17180751637,3.3245963930183446,0.3597940463290892,10911.526444705827,1342478.0,0.0021010877891404715,563,0
563,334,400.59691987417614,392.0294685303112,500371.42696436716,3.6105500255679934,0.4150171075655241,10091.110922547494,1573715.0,0.0017923354078865608,563,334
564,0,104.65434803090871,552.5852005864094,496874.7032406864,3.302672602369068,0.32081535206072614,11882.466156794262,1431593.5,0.001443269982843904,564,0
564,334,401.6328066461068,389.3425656302499,486243.0229951336,3.550847912868354,0.3797208132631228,10631.680245552761,1545605.5,0.0013368043822299884,564,334
565,0,104.91696148508564,551.9437989520304,501015.7982210039,3.25694707766533,0.3101981524439124,12289.556632817854,1402104.0,0.0007962868830528595,565,0
565,334,404.0199691501347,383.50554956358775,484745.1176085408,3.483452350545604,0.3841065781071384,11077.910204230178,1596553.0,0.0006992983387877049,565,334
566,0,105.04343103130084,551.2321465859974,508641.8722534108,3.2803752939207302,0.26243307199554095,12014.471810123669,1424090.5,0.002296593960117098,566,0
566,334,406.02222051993357,378.38838265927495,468476.7037202966,3.523069396250584,0.36997049523694514,10435.928068647567,1579935.0,0.002070078089546032,566,334
567,0,105.19182731729107,551.8806416824958,471384.6160577835,3.317420167053667,0.2949569060131446,11578.770590939004,1441287.0,0.0028652794405575562,567,0
567,334,408.1811052485509,370.8742495605815,525333.1101444549,3.6797515444077784,0.4108374490552028,10120.70318319113,1720476.5,0.0024003581945503056,567,334
568,0,105.40898385401074,551.4917112929105,489197.43944342807,3.325133238911045,0.3201150748050411,11590.321924335343,1456943.0,0.003014004231715601,568,0
568,334,408.7166124073289,365.1541021320255,537790.93728916,3.5409031180538064,0.4313928959547015,11847.884633765017,1681833.5,0.0026110349938770067,568,334
569,0,105.18795164306172,551.8334437648924,472575.5171655002,3.2802651911746965,0.25277031019741164,11280.184089143513,1399274.5,0.00287621639008431,569,0
569,334,409.08757611491166,363.0794589088753,546125.9857792653,3.59678464488716,0.36998070174929115,10821.640020479143,1750425.5,0.002299069485190756,569,334
570,0,105.84618797342844,551.0881428256934,471714.43386301916,3.3621186291337,0.3264612761584034,10982.873896694276,1419732.0,0.0011074732004095482,570,0
570,334,410.70741441392,356.91747968299626,524798.3243637081,3.5220913262971782,0.415245755549088,11715.065489807228,1715866.0,0.0009163344092811584,570,334
571,0,106.32931234077745,549.9481368015342,470776.48178131704,3.315334525848157,0.27880109755537985,11352.836200093992,1483340.5,0.0018865227381015747,571,0
571,334,411.318669617857,354.9683307753238,501172.7851557622,3.5395618875595445,0.4305090722087444,10620.395154926638,1672105.0,0.0016735079997366707,571,334
572,0,106.50217619471437,549.6284171078358,469390.72153348284,3.416113010017963,0.35372254481773685,10387.623159800449,1433587.5,0.0008505652062998512,572,0
572,334,411.54073471139253,349.2856236162012,494339.56644407497,3.461771932922825,0.4063533616455802,11500.582784064783,1617400.5,0.0007538943969541494,572,334
573,0,106.86066862645976,549.2895709050492,460189.16332538624,3.34658630965729,0.2964189625466895,11138.805513577063,1381837.5,0.00030355032114792946,573,0
573,334,411.72726477429643,343.3481353555887,516159.35962501314,3.6136297482166544,0.4142713024465807,11138.805513577063,1727680.5,0.00024278304280423801,573,334
574,0,106.83097165117798,548.8288822737206,461776.70014792355,3.44085011897996,0.33527192902261005,10867.501120354003,1468346.5,0.005301065246531852,574,0
574,334,412.031909727487,338.4840118767958,497878.90725960804,3.530926731214635,0.42395196128298385,10775.40365323236,1713360.5,0.004543120038877235,574,334
575,0,107.96865100138467,548.6279271150438,451946.84816893627,3.388828062292359,0.327769877140798,10605.250949812584,1469612.5,0.003706704207531672,575,0
575,334,412.83864122236946,329.4946821336711,499262.5831757924,3.482292586181325,0.4373844396266138,12327.471189525739,1608753.5,0.003386164388603242,575,334
576,0,107.59591978771903,548.6820471745411,454897.10411694477,3.307601832908168,0.2980255850858292,11328.855083372187,1433941.5,0.0006749653186640584,576,0
576,334,413.10950725623434,327.72883773242796,523480.24989089795,3.4470235035163173,0.4215637363225974,12548.88563081227,1631514.5,0.0005932179083554435,576,334
577,0,108.43453893550661,548.8423688134558,471833.997454642,3.348462333668993,0.2989576804044912,11040.915540438624,1458523.5,0.00404881728291475,577,0
577,334,412.78527961686933,322.67183133850585,470890.32945973275,3.4801469574848967,0.41182552982813003,11418.382738402337,1593235.0,0.003706507863316494,577,334
578,0,109.20658949808676,548.0345170401628,477448.9133070365,3.465107890137959,0.34335104180965537,10542.160781910161,1539930.5,0.0019239789661983648,578,0
578,334,412.0568555734841,313.43549968987793,509352.82093650143,3.6098288321651575,0.4295304514013606,10912.061160222798,1713096.5,0.0017294958820755308,578,334
579,0,109.4239710325058,547.8783493967574,462293.231868453,3.4170089839539544,0.32457733311389053,10243.944353255007,1534300.5,0.002699404504917794,579,0
579,334,411.7415372582555,310.64002553364605,454868.7217408645,3.485181143542726,0.35907915764398035,10525.887775821659,1587556.0,0.0026088354571882004,579,334
580,0,110.82774512428205,547.5578912216614,468182.94153915223,3.4288883828138332,0.2995948319660153,10919.437026609743,1519901.0,0.0029947869740147774,580,0
580,334,410.86770102460093,303.2271949884994,512053.9540177436,3.598635752491389,0.4149719964025975,10726.172654457358,1745107.0,0.002608293680261472,580,334
581,0,110.94897072044888,546.7979040728851,463042.5386981818,3.4492561348942012,0.3138519372448108,10203.753148215392,1462393.0,0.0038323298211371225,581,0
581,334,410.6637191697014,298.41285566742556,486945.77523983456,3.6007048850722274,0.4317177311205445,10203.753148215392,1766487.0,0.0031723319915225308,581,334
582,0,112.22339188308068,546.5424373410308,482566.2899638335,3.3742128073529956,0.3103202003208079,11021.399810160403,1595669.0,0.004044791018967605,582,0
582,334,410.578538002006,293.5152088449877,505274.1740554571,3.5693052302937938,0.43128336621686664,10356.315338857621,1743484.5,0.0037017796296443003,582,334
583,0,111.43723892206569,546.4747369613888,473113.13446958887,3.4378839090225566,0.3440430307938916,10735.887651850639,1564131.0,0.002368053415837147,583,0
583,334,409.4097565529767,287.4371767143981,486693.5735505623,3.516257222774226,0.42571184848048366,10827.64737537073,1666477.0,0.002222609950626967,583,334
584,0,112.26799389164267,546.890564702909,472357.58358322986,3.4412314507305406,0.3142773156112894,10509.346317306665,1519239.0,0.0019224644179317713,584,0
584,334,409.08541284551416,281.50465834545645,455936.7299624382,3.509051008351664,0.38142807377906046,9758.67872321333,1748501.5,0.0016704009599715296,584,334
585,0,112.04302226531463,546.4268698050895,461133.94081400556,3.383392814731318,0.3354169265766252,11198.967134054421,1528814.5,0.002008405685820251,585,0
585,334,408.9264058208351,272.28793066897117,511294.02049846784,3.5539801482514344,0.3884735910570124,11293.076101567483,1884729.0,0.0016290943303274214,585,334
586,0,112.21207689027963,547.1740268448599,474674.3669990609,3.3801123111028115,0.323542741075715,11148.800817255013,1571846.0,0.0025855388665101736,586,0
586,334,408.33549366113914,269.5871116163958,469761.33613044006,3.4006411775344247,0.34913167878432805,11243.282180113107,1779800.5,0.0022834133451360783,586,334
587,0,112.4417124381317,546.7802805596297,468075.8753589659,3.407047977611362,0.3450490227871224,10654.097238230788,1551542.5,0.00501658047448848,587,0
587,334,407.40158915707775,263.72279991106944,432855.71919952525,3.476118688873772,0.34188163650894443,9685.542943846172,1665356.5,0.004673766766842067,587,334
588,0,112.2139288061872,547.8615797572709,454404.48840745515,3.3705673460091683,0.2971849991996844,10668.469883024216,1483022.0,0.0021177410930684763,588,0
588,334,407.28892492906726,258.0091321224343,418963.4698130018,3.4589272637830306,0.39161248665773923,9945.183789259861,1647610.0,0.00190619314260682,588,334
589,0,112.74735493393794,546.6552483935493,478327.0349894297,3.442511242164656,0.3492921433802506,11095.214729136256,1604096.5,0.003282500551640732,589,0
589,334,406.3614891896572,252.5757011494161,461155.869337195,3.6343522567496014,0.42694695895066764,9334.069534035263,1727064.5,0.003048691230242292,589,334
590,0,112.4105788197741,546.3684426309909,491647.12091750035,3.4053873552851117,0.3440309871769105,11056.264598072186,1647816.5,0.002011147830686394,590,0
590,334,405.4807469776537,247.42090408553642,455535.9341254097,3.6371433709117964,0.4305631330343281,9272.996114512156,1676099.0,0.0019772155548391634,590,334
591,0,112.73432050996863,546.156562248397,465347.6463209507,3.3530443542723662,0.360800912813628,11419.574142845417,1516201.5,0.0032524879088761133,591,0
591,334,405.02069587735787,243.23498193017826,428501.67662567605,3.499115024490007,0.33692231187862504,9278.403991061901,1618231.0,0.0030473489153867864,591,334
592,0,112.3922852938573,545.4613543167724,469094.60472854704,3.361244284871306,0.32825395660486717,11283.749948853509,1547974.0,0.0040273262927643366,592,0
592,334,404.02966627225925,234.54524907989804,465181.69143983175,3.6894830017268405,0.3928107646022807,9008.800362391108,1751663.0,0.0035589811560981463,592,334
593,0,113.3832441182144,544.194409635225,484226.35866448964,3.3747457146375153,0.3425887638788587,11447.22817319181,1602266.0,0.002681712480337252,593,0
593,334,403.3776558821022,231.19665914485387,407022.1205340155,3.434367866003253,0.33490514109677477,9209.424169409953,1601199.5,0.002683498250387804,593,334
594,0,112.58352792493733,544.2449995948881,474160.9030737857,3.3160067665374275,0.2867496195824353,11661.866816795176,1600241.0,0.0029238564844271055,594,0
594,334,400.5483369778801,221.35027669056495,434316.1914497355,3.514731290662986,0.35161374342453533,9364.832443790066,1674832.5,0.0027936465807348525,594,334
595,0,114.15489155423916,544.076048941414,487754.7883682878,3.332469183796255,0.3382582559162348,12191.612003280661,1572692.0,0.002397461106346234,595,0
595,334,399.33413890600536,217.4009494684619,476105.02578737517,3.515708300732896,0.327480548100539,9843.597839685868,1756781.0,0.0021461780102807965,595,334
596,0,113.90082766595513,543.5761622513846,506845.49814042845,3.3618130550011367,0.3171208447061749,11645.246674998903,1625078.0,0.0033738880487956978,596,0
596,334,399.0355251435439,215.0543080258218,508416.68221562676,3.640922552494996,0.42174124286348974,9981.640007141918,1828606.0,0.002998446384195881,596,334
597,0,114.54567633426623,543.4483483916914,482104.65045649,3.3533987264964367,0.29671189072483706,11393.363189747428,1602591.0,0.0024075548570505556,597,0
597,334,397.746127735817,209.91695422419568,525105.4083016658,3.5395280713153054,0.37868977342962795,10658.307500086305,1849344.0,0.0020863279275985997,597,334
598,0,113.73580850467272,543.5108119842911,485641.89252888673,3.351377972915495,0.3464942471922146,11558.635449488263,1565487.0,0.0002106607122646507,598,0
598,334,396.9309963604757,205.56836952413894,484029.05967546976,3.5246526922888153,0.3747289475977652,10214.60807164079,1769662.5,0.00018635382365383635,598,334
599,0,114.97873899576076,543.0767805875649,486738.70402944915,3.3280671459324633,0.33246811418599304,11827.96556183492,1547503.5,0.003241019227457717,599,0
599,334,395.8379554993943,199.15426345852964,540591.7896556824,3.5548087162485307,0.41109212147268565,11290.330763569697,1874937.5,0.002674852921887106,599,334
600,0,114.57816882721728,542.6867670299332,466441.5060045936,3.3746174080062596,0.3618389750530823,10568.647984490983,1564636.5,0.0038503954551466105,600,0
600,334,394.77500153663783,195.07016797262662,519373.55809498543,3.583573253614594,0.4245530288721102,10835.08448830168,1841485.0,0.0032715280026189794,600,334
601,0,114.5027713588158,542.7464298884338,479900.34779125784,3.36426398861198,0.32306352478476075,11275.446450906113,1608235.5,0.002553113245474964,601,0
601,334,392.84215024155515,189.3387068251889,523267.4495255121,3.529046434747543,0.4042947422508004,11448.91485784313,1752067.5,0.002343469788418908,601,334
602,0,114.40762534175803,541.5459589726524,472165.36561858293,3.4143290300728966,0.3665869251867331,11130.233296349652,1511616.0,0.0025596019636271116,602,0
602,334,391.49435329636617,187.11051470963622,536946.801601243,3.6269124509871347,0.38096152828806484,10608.503610583262,1906913.5,0.0020290251543343915,602,334
603,0,114.10108802243658,541.3556670197593,484559.1065875344,3.3638702796639013,0.35185339103587954,11342.085719864264,1539169.5,0.0034273415587310037,603,0
603,334,389.3720246544326,183.5544495913114,471506.7063543573,3.4139450787002747,0.34369570118018106,11162.052613199752,1754936.0,0.003005878614204929,603,334
604,0,113.64646805886827,541.7712782893718,487037.59265856806,3.398651466828567,0.33021766164020616,11073.128261923082,1605800.0,0.003742163837255337,604,0
604,334,385.0012746649594,176.22063378960993,529709.6479118327,3.5425211576329874,0.36633741394464575,11073.128261923082,1797279.5,0.0033435171362142424,604,334
605,0,113.81321259393908,541.9372107217332,473353.8320445742,3.3829514865994414,0.36261552790677576,10962.628759458225,1578392.0,0.002697480022801161,605,0
605,334,383.302802498523,173.1805517620573,489396.7033998789,3.4916452042004535,0.3619161061073876,10962.628759458225,1745088.5,0.0024398668215842895,605,334
606,0,113.97360703546298,539.4040808635259,498507.0420586148,3.4328967709120626,0.3429432933705183,10502.50942223017,1563462.0,0.003636560996704845,606,0
606,334,372.77828365270693,152.26111959812954,497963.80881263735,3.5499807938020784,0.3678878862261815,10502.50942223017,1774403.5,0.003204293421898854,606,334
607,0,113.68783391777511,539.3243363402395,479805.9589101287,3.3447484604433453,0.33178137731529106,10991.477994835019,1473173.0,0.005067261653328349,607,0
607,334,370.0784636697238,145.2173660825753,490611.14066776313,3.55303735213539,0.37198370024400285,10712.033639034129,1783148.5,0.00418624194314765,607,334
608,0,113.74727622676906,538.0039666367953,493929.40341230016,3.376394015767058,0.33111504399760355,11734.433926096312,1556687.0,0.005148749324979024,608,0
608,334,368.8119175764539,142.07990279624343,555580.3139624831,3.670551569191728,0.42049733900651654,10651.255409841267,1843001.5,0.00434890259725816,608,334
609,0,113.84214250705456,538.37897938499,454716.67769481044,3.356639278145589,0.37001474246530636,10566.333055408255,1499974.0,0.005801302261278348,609,0
609,334,366.0574044519396,136.26041029299944,494795.87204291066,3.6056023336625076,0.4140002383433288,10475.243977344391,1720594.5,0.005057833469380058,609,334
610,0,113.34038261439133,536.8387032110304,483029.7530625409,3.365072263742071,0.2801427036507558,11408.012912067508,1489803.0,0.0010172961932256848,610,0
610,334,363.99341806557254,131.25730621991923,499145.8347954617,3.5607754878811484,0.39398979153914804,11045.853772001872,1787584.5,0.0008478178313897748,610,334
611,0,112.81780086458973,536.0471549418445,486286.05888527696,3.4184723716718737,0.3117569351691439,10908.321776668132,1519675.0,0.0021160045757310755,611,0
611,334,361.6925729865896,128.07486590922807,513470.28934459283,3.6980083225798044,0.4055139014901476,9956.007970768535,1848724.0,0.0017393830971968208,611,334
612,0,112.97540963047709,534.6462729881598,467062.32118420413,3.4417961962451193,0.3282117262802652,10715.329905710485,1527576.0,0.002066496583035691,612,0
612,334,358.8862693555669,124.06083889611821,537927.5702244911,3.6871958801126072,0.40784146617142464,10355.150749216016,1828428.5,0.0017264545806568562,612,334
613,0,111.91252820408451,535.3273239948568,478002.51222658297,3.354067592526579,0.29882358097736983,11198.36175111161,1549004.0,0.0024785366047675975,613,0
613,334,356.72603299405625,119.17259449102443,512303.0060941611,3.6947420425189788,0.41663794900514634,10316.600983307546,1864057.0,0.0020595791809548997,613,334
614,0,112.2131075033419,534.5019241500174,493305.86500118265,3.388465684713772,0.3153084363691446,11009.32567847667,1543112.5,0.002212252289414106,614,0
614,334,354.6341844554805,115.79200478373714,473489.07877992466,3.571521576169969,0.3716458228977342,10304.728835054164,1757522.5,0.0019423709593860829,614,334
615,0,111.23306538148668,534.4727071339556,472728.52995014697,3.3717405385437442,0.3245801318479098,11581.119464442258,1522153.5,0.005114504684573475,615,0
615,334,350.022489170619,107.49731950268698,521332.7557339873,3.6561831674858345,0.39901491231513,10213.270708799471,1784100.0,0.004363891290271257,615,334
616,0,111.90517217558,533.6249763023117,474811.3107598892,3.284709399444702,0.3262424970688305,12014.906645283045,1561755.0,0.0033850628447891283,616,0
616,334,348.80707510005504,105.97682711862132,484779.2333100499,3.5070020964909085,0.3345613024037609,10590.917709545794,1732053.0,0.0030522219782991773,616,334
617,0,110.83353653572075,533.3132805324841,472508.2231447199,3.271654785945861,0.29279908351815953,11703.832716142255,1504532.0,0.005219560720991745,617,0
617,334,347.48852275030214,102.76865390118901,452003.8340451218,3.444898018882096,0.3535869595296641,10524.376705988385,1698304.0,0.004624289274042554,617,334
618,0,111.31972206931847,532.6665415638262,471842.38819429337,3.356413068271473,0.32777281612254044,11438.057511104267,1511006.0,0.006654725574369729,618,0
618,334,345.6597980693532,98.4664613526535,501383.1981442319,3.533818752786602,0.3668800149758369,10177.169281533717,1784587.0,0.005634492623015737,618,334
619,0,110.53034637398525,532.7834333758726,467230.5045228504,3.397490173829501,0.34145548934865677,11310.479072022892,1485256.0,0.005650109588196423,619,0
619,334,342.99778646323176,95.18195362406517,489671.9312530545,3.5572314387326007,0.3607330145675771,10502.587709735542,1722369.0,0.004872638158047289,619,334
620,0,110.7703525863152,531.7557648533631,468991.8388376674,3.453465224085817,0.32276614793619013,10106.40537972842,1545472.0,0.0025532779559840706,620,0
620,334,340.8877565479112,91.36800999847361,477277.27027510246,3.5523823089127213,0.34584616793077255,9924.307985499077,1762872.0,0.0022384340445506076,620,334
621,0,109.5018993682642,531.8175818616282,466672.0683182713,3.3641717385768324,0.3051174259097967,10889.60038981288,1476553.5,0.005604591505388661,621,0
621,334,335.63155328456435,83.95727588753424,487660.8948760558,3.524859618800845,0.3244258149624725,9923.5874520069,1733509.0,0.004773826221790357,621,334
622,0,109.67677487390264,530.7272014205466,458185.00798616745,3.3607079576561985,0.3010106739955651,10875.208360761173,1487519.0,0.001705289852351166,622,0
622,334,333.2636849840617,80.99287191143242,522455.7065772232,3.5486479446563113,0.34497938715547527,11053.490465035946,1772042.0,0.001431441952372465,622,334
623,0,109.16951458533357,530.5795158042461,475390.48218318936,3.4080532862300914,0.31300036352961164,9804.597458627652,1540688.5,0.0046535282895824115,623,0
623,334,330.8317999609258,77.95082025097696,504450.9557317344,3.606401048677371,0.3551717731626797,9981.256872296619,1751469.5,0.004093722513645057,623,334
624,0,109.8055092309941,529.7571498440786,476699.44745737663,3.421164552022505,0.31912351688017043,10974.626416888263,1512424.5,0.0068489708801190855,624,0
624,334,329.04187327003575,76.52424652052542,474260.64158695703,3.588395744903085,0.377737928382332,10103.62432030983,1728879.5,0.005991861845255706,624,334
625,0,109.32568841349517,529.0899911505967,466717.7908156198,3.3837807790133394,0.3607205999045138,10749.90304992675,1444050.0,0.0067810361264648384,625,0
625,334,325.07096561173336,71.69261893704736,439886.0328030026,3.5147781849143143,0.33978493948605215,9803.911581533197,1568699.5,0.006242683824536941,625,334
626,0,110.11497009746424,529.5464381361578,452479.28877358884,3.381069722405661,0.3247595721769497,11092.192479468766,1513766.5,0.005060610867317739,626,0
626,334,320.3460399579497,67.46404623021112,405645.58719360956,3.570324202063276,0.35691447534058895,8709.425206101401,1495034.0,0.005123991926179606,626,334
627,0,109.13504095529522,528.3641030425094,452745.77189798094,3.347981769482727,0.3008170355734706,10935.888210096158,1495284.0,0.0046821737183033,627,0
627,334,316.4977015670974,63.60204100260318,406653.028256909,3.543581819508869,0.3570506015365547,9072.73688541311,1581959.5,0.004425715274192349,627,334
628,0,109.79323591693687,528.3026942957422,461596.43837128964,3.336086944022482,0.3563754398737883,11155.179406750165,1492630.5,0.0027758141363710444,628,0
628,334,311.0920245481915,59.565531324455065,419174.18675875803,3.6075441112167312,0.34691571218313144,8631.014723470931,1582773.5,0.002617706711215341,628,334
629,0,108.72082780577682,528.0873601417263,478658.4049281168,3.4214639929257578,0.3499091446958753,10853.020602165901,1463408.0,0.004749894501930217,629,0
629,334,307.70938163505883,55.923526436978065,441758.13488075277,3.5556923565837186,0.36057487996201254,9164.772952940095,1564670.5,0.004442539240944187,629,334
630,0,109.44366216008702,526.8418244692606,460369.6772261424,3.3925284352375793,0.3736241454136775,11271.292423926227,1491284.0,0.0049513313134798495,630,0
630,334,303.99060530977204,52.899618785672764,402760.84928163054,3.5029601317897967,0.2995690682962644,8683.069719172798,1526424.5,0.004837385487933357,630,334
631,0,108.87017796651946,526.8999492140515,473301.27736110345,3.2822058476030693,0.30928395207342047,11297.607343881673,1542205.0,0.003676071420826366,631,0
631,334,300.27912148098767,48.789662004619956,367685.7662826945,3.5252811343707173,0.3224364627223728,7874.089966947833,1435980.0,0.0039480567433107456,631,334
632,0,109.2697586056848,526.944551857927,447212.79230626934,3.315898312073496,0.2886297928167301,11354.364815781857,1428706.0,0.0018576211086028065,632,0
632,334,293.19121420723286,43.00738940676397,393424.5969380764,3.649512060098775,0.3680614206330331,7541.950352088678,1407993.5,0.0018849470526690318,632,334
633,0,108.77990310482211,525.807702864361,445992.764826275,3.309728472438145,0.3034104331212966,11094.347383738184,1453459.0,0.005917647685956761,633,0
633,334,288.21779357830786,39.253312058965115,418708.8882973781,3.6513672543720244,0.36459975559985947,8135.854748074668,1471985.0,0.0058432236536147516,633,334
634,0,108.37845038241699,525.4231090371577,463708.9137127661,3.3449344506832817,0.3132126059339779,11399.341162385821,1526517.0,0.005079673417760397,634,0
634,334,284.073832014537,36.10170089441844,436269.0710575945,3.6184174895635515,0.3667387445842125,8468.082006343753,1587538.5,0.004884482083566854,634,334
635,0,108.74878980303859,524.503631349844,475249.9256181974,3.3328284184430212,0.32107147172654427,11697.201267366992,1524593.5,0.00528944584053116,635,0
635,334,282.65595149961223,33.96811095955121,373656.0516736533,3.444677866536021,0.3549934896989747,8670.65268769861,1451305.5,0.005556424416867344,635,334
636,0,107.91622399317542,524.3126822903223,466754.8767718014,3.3386984998983458,0.3339160372823452,11828.096292462804,1456640.0,0.00492855805048013,636,0
636,334,277.1666707069469,28.312109657962107,438301.2745018209,3.7094158561131554,0.3734634154592106,8105.968088540942,1563548.0,0.004591675690924739,636,334
637,0,108.78656981383247,523.2103256681036,475821.23158682237,3.3838004939406026,0.33863345520105936,11241.192706740867,1537908.0,0.0033656092171225165,637,0
637,334,275.7112153522957,26.019837407112288,344953.61500088393,3.250112239905637,0.27184377330463094,8472.8392789614,1445246.0,0.0035813520080469974,637,334
638,0,108.13228595354009,523.3452800487478,482944.8790706082,3.371552904780715,0.3779267744742427,11480.051150246765,1542362.0,0.004202390060292158,638,0
639,0,108.66135300753426,522.6653376737924,476508.34825446043,3.3452554712243425,0.3300811734757972,11127.133108874941,1480501.0,0.008072592734860872,639,0
640,0,108.90476730502733,523.5827471977356,467730.52014317835,3.3345596325064855,0.3176527362429257,11073.084437230686,1420664.0,0.003178962328380253,640,0
641,0,108.49717747447772,523.3149859530901,499881.5778485395,3.3844157432764512,0.31656979776022676,11407.531104405965,1585275.0,0.004753140551380893,641,0
642,0,109.67233556216857,523.5190510301846,511256.6837709386,3.2873491465566462,0.2690380557640649,12366.323710968238,1572745.0,0.00500379141147016,642,0
643,0,108.7542025368044,522.4451387116745,500585.2490837322,3.372076914442342,0.2989437139219488,11494.595553018215,1510588.0,0.007087012688828554,643,0
644,0,109.97752440665778,522.540463750135,476585.54501154687,3.3576037122731592,0.32214617773148546,11311.505611251252,1498296.5,0.0036451330823682676,644,0
645,0,109.13943642423425,522.090442304278,477073.60999685497,3.3709310258725393,0.3473452650742644,11562.283186756838,1563680.5,0.0054493366293101985,645,0
646,0,110.17016882196866,522.3573714298818,498475.2843606697,3.3776112367484745,0.32184008029529737,11785.09323998157,1565108.5,0.006273369210328986,646,0
647,0,110.60034742645934,521.8043082925313,501779.9853085198,3.3468331149672434,0.3009731379490883,11563.365583227062,1541543.5,0.004023741826660734,647,0
648,0,111.11406333401865,521.4031720906185,505833.01409167843,3.324620344743325,0.2976029217672336,11839.584958652385,1539873.0,0.004873979655082247,648,0
649,0,111.05439110272927,521.1000695724452,500312.09375488217,3.3970328648859587,0.30745922036382894,11799.813531954767,1606088.0,0.0058274064119472075,649,0
650,0,111.9303219037424,521.1530060533482,491485.7103920652,3.3294559186503716,0.2815380951850652,11547.262600579324,1544777.5,0.00659716594036596,650,0
651,0,111.2105905267685,520.5758542052519,485259.44541339733,3.3370432812195037,0.3349036448445088,11582.825958359987,1527747.0,0.0063151307732027305,651,0
652,0,112.14939803660145,521.1329924487103,489284.5910367881,3.256017631468907,0.2858738558765388,10798.852448865053,1592873.5,0.00508495523665121,652,0
653,0,112.21367129449918,519.0427850677448,510733.0491014312,3.325215339952746,0.29789221083604356,12695.899952638181,1638812.5,0.002526373410024899,653,0
654,0,113.23282806725997,518.5199585415996,504170.1522947892,3.3711026627803253,0.3082301394928729,11249.580982901956,1587496.5,0.004895932351498196,654,0
655,0,113.23596527449862,517.4130340209182,481225.6909904319,3.3600429832146252,0.2875280607153018,11387.915240361599,1580054.0,0.0016579698297252822,655,0
656,0,114.63312930398232,517.2582980091595,468414.70227256685,3.2915393899318537,0.2607659504089902,11055.31819152871,1568256.0,0.008404827547939883,656,0
657,0,115.65941925630828,515.5437102543133,469376.6243312341,3.4061929683496217,0.2687167764029386,11156.660001081964,1602949.0,0.006839677972773099,657,0
658,0,116.1605012607484,516.0865058797702,476204.68933362403,3.327451836610506,0.25321644499172635,12278.82046488044,1548821.0,0.005336288488553208,658,0
659,0,115.96644816257553,515.5210849087846,510938.35355061135,3.3248896104812253,0.27179571954122433,12494.797878876669,1667208.0,0.004493460349470798,659,0
660,0,116.68601871511203,516.1490501242562,469982.964487372,3.3762617348453134,0.2489258134507268,10980.910385218973,1628894.0,0.004625130497405253,660,0
661,0,117.86924631237673,514.674170472858,491195.82900124864,3.350487288796078,0.25365756290841435,11431.532029165948,1651603.5,0.003963892891516946,661,0
662,0,117.77760390052995,514.9868021552202,465752.274335698,3.2662736479884145,0.23128807614974986,11626.32366491138,1546377.0,0.0016882533873234199,662,0
663,0,118.73697414421375,513.9055171391375,492085.151886371,3.279486144979312,0.2703268086816377,11826.864074178402,1629337.0,0.004740889163440978,663,0
664,0,118.45436370764617,514.4507930481261,464849.6615897133,3.2872634589606187,0.2751793949892631,11610.163139800274,1620229.5,0.0029176323259007763,664,0
665,0,120.11257157283369,513.6977888670817,486802.79113346053,3.373172386468517,0.29804367482844574,10622.483779435934,1617001.5,0.0034500743703167022,665,0
666,0,120.73005962750531,513.8640187390845,471229.4412703235,3.3988936632543814,0.28101108373021927,10217.98533366773,1556537.5,0.0017124954052124438,666,0
667,0,121.41493678881561,512.9209106074113,474357.12677807704,3.2951161388139196,0.2593294421681097,12004.505191362101,1600179.0,0.002876115976696352,667,0
668,0,121.42531443176836,514.094579925648,485078.23997424805,3.3853865842907394,0.2598380919806069,10890.200653790114,1649234.5,0.0007752012470668232,668,0
669,0,121.55247217549906,512.8116000693086,479744.5546747201,3.366721916454695,0.3040980949830963,11740.133707279025,1550358.0,0.0038204006029293283,669,0
670,0,122.78262976929962,513.4774287078792,467306.05674586614,3.3572286310351234,0.24519594536100237,11665.744542498105,1514375.5,0.003163226924506619,670,0
671,0,122.1123208450164,512.6936195870121,475577.8900971896,3.349439397824627,0.29589723169263304,11230.010584392725,1607347.0,0.004373970267494972,671,0
672,0,121.86361712007675,514.1595749669535,459674.73855737085,3.3546440500778716,0.25415681506819277,11230.397379898466,1540907.5,0.004997415236820978,672,0
673,0,122.06260247825811,513.0551835301816,462754.5306703764,3.349881102267304,0.25728273988810824,10803.94402947274,1460211.0,0.004172701671929452,673,0
674,0,123.45636098772188,513.6865783797725,489797.3986159941,3.3742606543184226,0.2911426607380417,12019.029842448717,1539975.5,0.0045339339761811,674,0
675,0,122.78261735740318,512.8604239951809,464712.4677439454,3.3416373979864273,0.2629895323623056,10377.757606696738,1540488.0,0.0064037043549151846,675,0
