frame,index,y,x,mass,size,ecc,signal,raw_mass,ep,frame,particle
0,6,580.782272956186,749.637737115998,534309.3033844911,3.1767632495983484,0.13169768143152988,13812.931462348773,524901.0,0.013288999853285027,0,6
0,31,697.5473881764154,441.9648107600876,573505.7387679095,3.0258246212766204,0.12161586274627802,15965.596105831699,855505.0,0.008155065460513559,0,31
0,43,180.71017923571188,835.7646263104498,265226.22294912545,3.1041552000916997,0.18804414612920728,7624.020612335362,77664.0,0.08956843782697282,0,43
0,57,40.194845763373685,684.8828582584928,229707.25633165718,2.6432411800595337,0.12047643857813842,8520.964213786581,-9702.0,-0.7384342526975578,0,57
1,6,579.6856804355224,749.1425534287679,458421.9813662129,2.7913919979342032,0.043242284743423134,14802.188077570772,342806.0,0.03812313902712818,1,6
1,31,697.4846611027718,441.5385509499764,576661.1463713867,3.0551348203773143,0.07104321952515161,16318.074808406334,851315.5,0.015409802261914107,1,31
1,43,180.58524057698963,836.467592256514,282579.12058928784,3.164472231850575,0.21449074278529298,8292.792115747481,87423.0,0.14676701320544042,1,43
1,57,41.138443302709895,684.4537024282474,253777.27270341216,2.479643050049152,0.10572954874545576,10076.188269671671,6371.0,1.5361497007685678,1,57
2,6,579.1668195798011,749.3747046383685,465052.6123395751,2.8189837235662125,0.07336509701175309,15489.815543847995,246087.0,0.040160896683946554,2,6
2,31,697.251024758612,441.5153943122952,562916.0134345222,3.1294127425524367,0.14115734766958396,15131.669519712783,854794.5,0.011592512298302679,2,31
2,43,180.5260183606975,836.1764839189848,278189.9242470273,3.130875551455169,0.17888543944001872,7789.6760249409,111412.0,0.08831198152765803,2,43
2,57,41.330725370362735,683.950138572069,251060.36291878487,2.515359379943757,0.1169406213371611,9849.015663718379,13932.0,0.6681348169754352,2,57
3,6,579.6828482747225,749.2208500058721,462337.49946164276,2.8255009967000437,0.061425116166462734,14825.773573422777,378599.0,0.010034261204856228,3,6
3,31,697.3757964568724,442.3148766064424,536088.6406135102,3.062958650538607,0.165437304011518,14636.910215799557,819837.5,0.004634708556251956,3,31
3,43,180.0504115192596,836.0665394841242,295476.72300152783,3.165711955122577,0.17927858517712877,8404.419414233294,214356.0,0.017717716487102915,3,43
3,57,41.43271466453122,684.27881875861,281784.1295738444,2.589160742635813,0.11103348015624855,10670.779705711935,90299.0,0.042021929290813706,3,57
4,6,579.3780474754691,749.047615306941,489218.48878559563,2.8115773504833017,0.06768819782046583,16689.365503088735,378638.0,0.007401946839850455,4,6
4,31,697.4746991457991,442.9042216968222,560285.8418894076,3.1247389416325895,0.16321627471722955,15588.967777610358,789289.5,0.0035512913411039015,4,31
4,43,179.96220465063357,836.4098711358221,296832.28644779255,3.18374579021617,0.19362750945318913,8161.2831306313055,225875.5,0.012406030303539348,4,43
4,57,40.74169614987696,684.6443219769965,259693.86321289727,2.5886813605464614,0.1621888712033512,9903.579529305403,106157.5,0.02638522001823743,4,57
5,6,579.0829594277553,749.1824752167552,516254.8285607554,2.836308809003751,0.11605150779593522,16847.476922728616,379607.0,0.0,5,6
5,31,697.4134977708474,442.84582201131803,511626.40083473106,3.063291120312796,0.14233880830261703,13792.714623552547,787442.5,0.0,5,31
5,43,179.96162206011712,836.0502815280498,271411.0018540676,3.203425860575192,0.2368238490149267,7035.210143557004,142004.0,0.0,5,43
5,57,41.2763362061436,684.6812217107147,301958.6248458283,2.682401716737648,0.13134362435688554,10737.95232437648,170215.5,0.0,5,57
6,6,578.9778037544852,748.9940083296981,500432.00095277716,2.906568887799132,0.1636477768856919,15644.251592859897,410911.0,0.009547544239900058,6,6
6,31,697.766472865197,442.96962055924126,521137.6280609741,3.142054381930331,0.20105810848596617,13711.726396094851,814440.5,0.004817556935278576,6,31
6,43,180.09419025260948,836.0942572099624,292731.5548052196,3.2332075302505183,0.2507590196497929,7730.100787060184,252510.0,0.015534656546961342,6,43
6,57,41.27175790210461,684.7334293084965,288406.3793648407,2.6421307948708463,0.09995588451421594,10030.726021304286,188208.5,0.02083955952938882,6,57
7,6,578.788518517785,749.0832903177696,485142.5013443771,2.9701552826049076,0.17516670222596337,14547.70510899177,392148.0,0.015218702393141124,7,6
7,31,697.9334206119858,443.630464804182,523811.2400856972,3.093565696549467,0.17286310342746314,14172.280461017788,836983.0,0.007132244282732499,7,31
7,43,180.45604421451927,836.4740367766799,276030.97242286964,3.3293130011315504,0.2712057873240796,7226.924473499137,278797.5,0.021401816419552487,7,43
7,57,41.14817131074618,684.7223926508602,279785.2189026094,2.5071517965270034,0.12091249259632128,10699.602467258463,184794.5,0.03227716882565872,7,57
8,6,578.57215660387,748.901756777295,490383.47164109093,2.9336049760003355,0.17854794701238305,15440.85759936756,442406.0,0.004629767106162338,8,6
8,31,697.6143504145618,443.7392492241107,546969.6733140674,3.061150271231732,0.14764690901254574,15350.029025253634,857051.0,0.0023898469497878583,8,31
8,43,179.92811271941227,836.4240266046398,285292.55129184417,3.196424299602321,0.2069751882670959,8356.228818481268,252429.5,0.008114192992063275,8,43
8,57,40.85535647740031,684.3229694883074,257317.3504647547,2.5836516623686503,0.1548416290603401,10536.114597215512,141532.0,0.014472396188224426,8,57
9,6,578.6695747898651,748.757487158029,479476.46230442775,2.84879981349313,0.1648510672611287,15922.237238788543,379327.0,0.01245683143795759,9,6
9,31,697.7543815154675,443.51783416562,521905.6058555177,3.0576026487034405,0.17778707519521705,14384.29386913283,840888.0,0.005621755313109225,9,31
9,43,179.62155744166196,836.703852919877,292028.30572050804,3.3380852126985436,0.25287308640753514,6875.5115349314165,267915.5,0.017631146795293103,9,43
9,57,40.56819511819211,684.8269046446343,259007.75690142953,2.6673142187338947,0.13404568403470618,9318.12747497284,144797.5,0.03259145789035435,9,57
9,91,760.9285384977794,934.7887150168867,413797.23369442497,3.1678727211825595,0.19840437289770776,10946.538101667124,808178.0,0.00584920429480789,9,91
10,6,578.752330116942,748.3592044278508,463555.6898793296,2.8280479720866607,0.14170319992085365,15274.11027288101,412913.0,0.0,10,6
10,31,698.0298201703062,443.69364003715805,526911.6147390313,3.0552937497209736,0.16049049853266825,13828.040661247303,911984.0,0.0,10,31
10,43,179.78657974439903,836.4209890359124,276018.53712058347,3.2754469493104628,0.23306746338278117,7049.589356714312,275066.0,0.0,10,43
10,57,40.602674334218044,684.5355053748196,249718.14605899542,2.6147913015169295,0.09617682976491375,9037.935072710656,179362.5,0.0,10,57
10,91,758.9114740418667,933.4997986187609,446835.50999481487,3.1705180122527956,0.16764375716398103,11658.936243796747,878356.5,0.0,10,91
11,6,578.7020897621308,748.1669919122057,454197.45236654615,2.783439902071214,0.18279543569233186,15976.794806863432,428967.5,0.018687270199439124,11,6
11,31,697.8568048065071,443.5861289150887,543119.7274630318,3.1254113866047417,0.13669740448790713,14516.05928166449,899793.5,0.00891628941666231,11,31
11,43,179.8968090669591,836.8840170939413,261654.25095126056,3.394918414303456,0.2883361211148564,6664.605833720175,280279.5,0.02857705895698169,11,43
11,57,40.586753524751956,684.9408370865384,255080.94108786533,2.6197176458585965,0.03770699270877355,9494.780913793125,237026.5,0.03377705830456612,11,57
11,91,755.0984064280649,931.9375891159114,469717.7673217849,3.1869510426885577,0.23900031670295857,11320.700320291804,949130.0,0.00845314289794288,11,91
12,6,578.788391733801,747.8909704639121,426452.6541720504,2.823650421118073,0.18823759682313473,14595.849770769582,435786.5,0.008934577556089538,12,6
12,31,697.9592292589518,443.81204452734033,540681.0436824211,3.024436581105996,0.11732081895830511,15593.081742685517,934972.0,0.004164757785990367,12,31
12,43,180.75616287465658,837.0568144897887,258827.02543818112,3.2276172534628604,0.2275310687467838,6617.993995442109,228799.5,0.017014688766620472,12,43
12,57,40.53136205573252,685.3300693429004,257467.16365829576,2.598143974585715,0.08386686758706548,9428.375007205197,200510.0,0.019414340139396222,12,57
12,91,751.9048551859314,930.1519378506755,473866.50156405347,3.3298368244126415,0.28411614373491656,11241.52404705235,944903.0,0.004120989406777838,12,91
13,6,578.8182583319523,747.636708613279,372338.03595358,2.7417240766685573,0.14072853006949837,13055.080031033305,385075.0,0.002870494208720415,13,6
13,31,697.9547703880955,444.00267149421126,542411.7497825207,3.0614112281022097,0.1328930033436944,14575.192089441292,1018690.0,0.0010849732770394794,13,31
13,43,180.76578828746958,837.3873875546777,273083.6603751761,3.3084698117239046,0.21826090298780934,7064.050153778295,337712.5,0.0032731362893456293,13,43
13,57,40.503008500131834,685.6473492694529,268523.3241999521,2.806621256443925,0.13740110107253478,9210.090706824865,217132.5,0.005091292515905282,13,57
13,91,748.2144537831145,928.9858068999661,469356.9526225604,3.279627039002336,0.19609900615597342,11624.386329002256,939880.0,0.0011759551576389572,13,91
14,6,578.859271594159,747.6419362930651,366109.77252496005,2.6463015539775205,0.12841706450372609,13681.364952400836,437148.0,0.01520093748090239,14,6
14,31,697.9559330773646,444.4605454919385,545033.5972920723,3.057237195001995,0.13951555379724265,14480.92524182686,1041686.0,0.006383889968471891,14,31
14,43,181.50210447342675,837.606902910612,260390.13425640814,3.336061660643657,0.21853300979884843,6574.162379725078,335941.0,0.019772796523454393,14,43
14,57,40.489232160630394,685.6958988786864,279046.541009682,2.7490266286969542,0.13207632066397118,10127.763666062958,297264.5,0.022340547384383413,14,57
14,91,745.9064634050136,928.4284348136865,449175.202593108,3.266056975093509,0.22321400104211636,11193.84405196432,1001814.0,0.00663782524591412,14,91
15,6,579.2846856377319,747.6589656905016,395118.73443144804,2.6368633846150002,0.09059473654420178,15034.557985709305,562360.5,0.0,15,6
15,31,697.815558481574,444.47938104933104,558388.7588727473,3.1290663985494547,0.15677513969417076,15210.400769167893,1076935.0,0.0,15,31
15,43,181.65195517348636,837.9667515363134,283810.2525021616,3.243619224776664,0.26068630876314486,7473.318296990005,413840.0,0.0,15,43
15,57,40.219990631831614,685.5922006150803,270534.1223510382,2.6322664719459,0.08625724052752744,9935.117265410243,336890.0,0.0,15,57
15,91,743.3169517334942,926.8181619330718,458597.9792599984,3.247757603001302,0.18425615649707422,11693.545099996125,1074706.5,0.0,15,91
16,6,579.1736565812623,748.0047801401462,417562.5614181747,2.6835488492348167,0.09482039572429497,14717.368968017634,596031.5,0.0,16,6
16,31,697.2873297328317,444.42067037477653,525803.6762120253,3.189664962217207,0.1891620110007677,13091.613093643593,1130105.0,0.0,16,31
16,43,181.9340952756071,837.8327338698969,289213.41344127676,3.3454464327380173,0.23835744063908407,7187.552286706286,460730.0,0.0,16,43
16,57,40.534360240793276,685.5568754064573,276977.4613341458,2.652049061788886,0.06130033876405154,10610.196232756898,355284.0,0.0,16,57
16,91,740.0722636813124,925.248849982944,445884.94007174356,3.3362106177131112,0.2521715026852575,9754.535246244246,1081330.0,0.0,16,91
17,6,578.7287201319099,748.2873011087011,413182.2581789174,2.764460903367345,0.15983418656180268,14703.994952986384,579128.5,0.007306879999012083,17,6
17,31,697.4526105016496,444.8955979718541,516196.71693778085,3.189948397306748,0.19059149910409018,12974.113193811516,1209381.5,0.003499861174985682,17,31
17,43,181.7707960292148,837.8722571699781,276694.5873800203,3.353228115320061,0.2614514014004475,7265.503388534449,498443.0,0.008489030824325826,17,43
17,57,40.420641357010965,685.3588826567324,267612.7081443522,2.5585578921327845,0.09540027767637184,9946.820115255496,381279.0,0.011095765899311286,17,57
17,91,736.4247542461605,923.6477762232264,441725.30720530276,3.3212855836759445,0.26174090154545726,11157.737346677904,1147203.0,0.0036895085747605362,17,91
18,6,578.6991047464093,748.0153704924838,393871.7784482915,2.941398979565548,0.16838313527005727,13129.059281609716,686942.5,0.00438657404890754,18,6
18,31,697.787880955001,444.99483442147084,524315.3351817041,3.183560356395177,0.17609092108156887,13976.095364294213,1192998.0,0.002525862835106177,18,31
18,43,181.93511701342644,837.3937470175274,286891.1212052394,3.251172257982903,0.2337664841864726,7877.43556896583,560158.0,0.005379394233854934,18,43
18,57,40.721356902854964,685.2717039439785,277489.02068744146,2.6526071677360723,0.08501941955440254,9825.618559140174,491957.0,0.006125130100458762,18,57
18,91,732.788825211161,922.3022018056282,420638.1186611216,3.294725400570298,0.23474821020374761,10842.061858361572,1136768.5,0.002650801478668784,18,91
19,6,578.5559416382067,748.2392544208107,406788.9652669257,2.917299829957891,0.23910869360940615,13746.310465841043,626426.5,0.0016779433123954412,19,6
19,31,697.5016165838246,445.24172217016616,523802.31176318985,3.1706167581282507,0.17959226233393696,13322.04162430274,1202630.5,0.0008739580063497408,19,31
19,43,182.12935821262639,837.2339028070085,302588.5377851183,3.339291739481365,0.2999494496543187,7127.716537843504,585975.0,0.0017937911081228435,19,43
19,57,41.03916263480456,685.2370195395006,274756.5017802055,2.609492341040562,0.08426176866097045,9588.475818765666,537890.5,0.0019541684300260495,19,57
19,91,729.2201744663109,922.2892742197747,440645.6188216823,3.2948383793566056,0.21945533985072369,10267.305965226951,1150968.0,0.0009131891264524867,19,91
20,6,578.7793759967245,748.2663415884695,392035.58129569615,2.859958155676505,0.21736767091174486,12952.902707474192,589936.5,0.0010453788738470377,20,6
20,31,697.4174958820955,445.10801604520776,555797.2798116199,3.1038326694120357,0.16233196290608476,15392.085684855696,1286658.5,0.00047926453536656133,20,31
20,43,182.28826755494163,837.2319913946358,303972.66483643977,3.2474075480397984,0.20944406951109046,7738.097721348218,580632.0,0.001062133764290879,20,43
20,57,41.14110855148969,685.6083162750805,282440.56682921,2.633171362343581,0.05831942137292857,10345.500214411206,502035.5,0.001228450388712349,20,57
20,91,726.4733134596361,920.5697966010159,445529.3872824077,3.3367989032752066,0.21772427764144844,10850.158761455654,1163121.0,0.0005301726534294347,20,91
21,6,578.7038615411623,748.16331424412,395277.10364173044,2.9269585595002363,0.2644375409480529,12701.044580759033,616884.5,0.0035216602599438002,21,6
21,31,697.6044209955147,444.97203720314815,544857.6489408048,3.101094975275102,0.17358582939237588,14589.037694115104,1296848.5,0.00167514477718522,21,31
21,43,182.38503223639069,837.3980503371388,290407.6679816795,3.28996611966718,0.26153940330868886,7208.70097826864,624587.0,0.0034782287890146742,21,43
21,57,41.1277212776554,685.136951830646,271613.5547169077,2.578866596509179,0.07086781980854229,10126.50851709166,465513.5,0.004666863137513526,21,57
21,91,722.8203285898197,919.4332239892352,428488.61886303953,3.318828177031182,0.23798464893595184,10126.50851709166,1185766.5,0.0018320749701585361,21,91
22,6,578.7794577418179,748.1769953259089,388528.92785289785,2.825257584642579,0.1936965627597234,13245.304358621517,681709.5,0.0,22,6
22,31,697.9332483827135,445.3013543544268,548151.8265337213,3.1075068001552553,0.17246515523987815,14009.456533157374,1276613.5,0.0,22,31
22,43,182.23800960661976,838.0103173279809,298019.3480689841,3.376177646181477,0.23521394466679874,7047.181165164013,633662.0,0.0,22,43
22,57,41.036379495030566,684.9187152788754,248943.797304348,2.6024047017947844,0.08142168194465559,9509.449283112885,452293.5,0.0,22,57
22,91,719.0973424810533,918.9357422883052,455434.6960233706,3.3922368274506285,0.21876385260571313,10443.413051990043,1247546.0,0.0,22,91
22,99,365.41077113688925,1015.8370633662286,398632.7177162053,3.2653014904011832,0.19612835398037826,9339.637688771583,1058365.0,0.0,22,99
23,6,579.1633516324798,747.6299745629447,389836.7577454223,2.7797657460188487,0.1900388623607183,14435.308024391708,685167.0,0.004182809441439301,23,6
23,31,698.1848286568205,445.57096642199673,565814.0099040472,3.051758204288612,0.1612371495183216,15853.80650077702,1247911.0,0.0022965693507217048,23,31
23,43,182.39469804217467,837.6505604355027,283950.01853760105,3.31356662421949,0.27133706765750487,6925.610208234172,540350.0,0.005303836867308551,23,43
23,57,41.37817324413357,684.8267231259175,240810.9766381183,2.5746646633878614,0.10983605423293247,9595.724987312407,424786.0,0.00674677370452691,23,57
23,91,715.4504050676087,917.9310166028395,453001.6604879918,3.14575031951956,0.2047589718712802,12432.72194008303,1176566.5,0.002435829005663632,23,91
23,99,361.4494031851787,1010.2386961003134,406358.09294096887,2.991569262607405,0.17347912931539272,11264.546724236303,1002610.5,0.0028584547925660678,23,99
24,6,579.2479544470682,747.4209569159757,354644.5051150072,2.736842831857282,0.1306404961407214,12474.932340728898,623314.0,0.0012971345886353038,24,6
24,31,697.7615044191509,445.43012774365917,572828.5258497964,3.1113888764892024,0.16278583260049756,14511.65598819484,1347219.5,0.0006000998240957483,24,31
24,43,182.38940783516696,837.825692039648,286244.535954276,3.354267695032366,0.2431981163830224,6873.942310197556,586461.0,0.0013786572241405986,24,43
24,57,41.355065063764954,685.407049428703,277927.91439379007,2.642228991931155,0.09700645155292974,10438.208693262955,483216.0,0.0016732731297257946,24,57
24,91,711.3592954099145,916.783059581765,448164.0659278184,3.278668727298747,0.21561787580152553,11032.253090440521,1217281.5,0.0006641613532983137,24,91
24,99,357.6441018507533,1004.6689827594789,405308.00584572257,3.0272353895679465,0.1551451461171546,11456.570516995927,1069618.5,0.0007558570560563398,24,99
25,6,579.2032806104661,747.1643106427525,318049.0073241942,2.7506404267630495,0.08186348564061939,11530.22334041138,657957.0,0.0017260125209138779,25,6
25,31,697.9908237658511,445.7288004536354,558247.9665470707,3.0024363191323054,0.09229031359133394,15570.009620263541,1391599.5,0.0008159967586225393,25,31
25,43,182.58457583351117,838.3670205779392,298775.8602807328,3.306672724513609,0.22405826071415968,7574.599274722804,708222.0,0.0016034920920365132,25,43
25,57,41.56071222734588,685.6175927610378,285478.2304428861,2.6329618697480544,0.11005882821426788,10520.27677044834,568024.5,0.0019993371016886847,25,57
25,91,708.2613758492136,916.5603529392182,422746.80174369604,3.3518531248988057,0.20710108962278276,9257.843557994538,1248846.5,0.0009092799389447067,25,91
25,99,353.46516585370017,998.7984001189683,396909.0019954749,3.149848199689259,0.15673691143638918,10267.790127957578,1114871.5,0.001018559752060475,25,99
26,6,578.9419035459732,748.3569161454169,340384.47216256737,2.8192745837793027,0.146622011861529,11757.24142976984,684390.0,0.00022236358644055925,26,6
26,31,698.1155486561912,445.35497768887484,587039.8867731234,2.9735293424986207,0.08736607311390142,17265.879022738925,1390267.5,0.00010945374494489967,26,31
26,43,182.9171458328053,838.0572466039096,308237.04979165824,3.2534939259295204,0.21934126859296,7646.317852927238,680735.0,0.0002235577088946105,26,43
26,57,41.77658299227254,685.6813089461406,285873.6255336345,2.639874758448468,0.07618085686766408,9866.216584422242,600719.5,0.00025334136767147874,26,57
26,91,706.6850712478366,916.9171238121463,436826.7392752948,3.4585007125369343,0.27288549557567454,9783.99811288539,1215123.0,0.00012523165237184777,26,91
26,99,349.0682379641878,992.6738797470317,416272.1213910818,3.079626655256982,0.16254197096944342,11592.804486696135,1107398.0,0.00013741519340982778,26,99
27,6,578.9247210772822,748.6663832888295,384121.3920324817,2.9864020323692464,0.25629421585168316,12557.334963607866,671413.5,1.5633011627823473e-06,27,6
27,31,698.3262473628622,445.28411856382974,574144.6396605874,3.0108677236960175,0.13714467878252207,16549.070581178577,1342158.0,7.819743901197864e-07,27,31
27,43,182.73494577626803,838.5466058973476,328652.89917998866,3.3376911460221748,0.20286518101779774,7900.310076442035,693500.0,1.5135052289662925e-06,27,43
27,57,41.57869032536973,686.3598116452338,293392.56789144734,2.6470901321640814,0.10884403760705504,11476.239900515799,530145.5,1.979963246036452e-06,27,57
27,91,703.9601918120469,916.7720972511412,428030.4838257595,3.443428287039146,0.26035411747924997,9480.372091730442,1211638.0,8.662180506560985e-07,27,91
27,99,345.3257971189449,987.0916008838777,418550.1117340291,3.148613841642546,0.17408478330855762,10727.78947222129,1129161.0,9.294953149906798e-07,27,99
28,6,578.7947411935739,748.8508107965657,351420.68663410685,3.10347050724136,0.3236747854061631,10548.434696887633,624967.5,0.00010287135463952177,28,6
28,31,698.3866357123695,445.52186640849965,586310.2403569275,3.034508987279516,0.12729595904359817,16196.415479473137,1467525.5,4.380464308016149e-05,28,31
28,43,182.75387558523005,837.9556457386889,323346.8998030201,3.3232401348049194,0.2080539671852341,8139.737010196755,707628.0,9.085263032169472e-05,28,43
28,57,42.03682599170344,686.1594856952902,285056.9124387272,2.691662426837106,0.11448575753298662,10216.200533206133,519021.5,0.00012387479009071207,28,57
28,91,701.9424296010756,917.0301695895647,415458.821683716,3.4133179904776454,0.2770714418077448,9302.556583082007,1249501.0,5.144878930669333e-05,28,91
28,99,341.2930573938033,980.5355381841167,394029.7181262593,3.1987956207409534,0.2106373696897505,10548.434696887633,1110716.0,5.787803210466465e-05,28,99
29,6,578.8754501967213,749.1870701926512,329858.8015274113,3.0430833894570744,0.2901488878997412,10434.900575559586,670993.5,0.00013916633629122287,29,6
29,31,698.8335525482674,445.8333893614639,602408.4665604796,3.0972905398879704,0.150910241285306,15735.167534573979,1472955.0,6.339017537184973e-05,29,31
29,43,183.03309527308576,837.9241325930602,317436.30084222136,3.1708461943639,0.24313563802649157,8447.30046592919,757155.0,0.00012332727263539924,29,43
29,57,41.54317658519941,685.831076406781,258967.73095059386,2.6900425181770373,0.12311731601584136,8861.383822102189,584580.0,0.00015974221676896922,29,57
29,91,698.8695680619198,915.9671200853337,414911.52288534545,3.4280747668022684,0.23949005720398703,9441.100520744387,1293510.5,7.218488040149113e-05,29,91
29,99,338.3161252700841,974.5806259767767,385097.5212408895,3.1660837041217618,0.21857154268748807,10352.083904324985,1129749.5,8.264940176954872e-05,29,99
30,6,578.7837825842028,748.9283443258369,327066.64536959643,3.020342635468289,0.2812300039432698,10924.290786636318,668394.5,0.0,30,6
30,31,698.8682755888071,445.45614198777145,573856.3054131533,3.0312286740364125,0.059648244563324716,16220.9166225812,1441079.5,0.0,30,31
30,43,182.99853951462077,838.2053575707577,335921.94168906676,3.2405033993733268,0.2229930580515626,9020.815876843626,746376.0,0.0,30,43
30,57,41.894865580154146,685.0223323516379,234375.69324056103,2.547570017556001,0.13354282274656323,8855.29631947035,539333.0,0.0,30,57
30,91,696.6525087497704,915.0105968160494,416198.9270151064,3.400753194619371,0.26016221653965393,9600.134327650097,1274781.0,0.0,30,91
30,99,335.58433735267386,967.3831275863158,398736.61371222563,3.069926705842421,0.1798098604688952,10344.972335829847,1121415.0,0.0,30,99
31,6,579.0136057491151,748.9848026886132,352144.2300089368,3.0078778166175724,0.29730568378731725,11633.630841438633,694473.5,0.0006671206784577013,31,6
31,31,699.0182824304104,445.2742423731283,566252.5423034988,3.1462250925194573,0.15714963769702422,15346.49174828075,1409588.0,0.00032865030494925963,31,31
31,43,182.80325886365085,838.2225639276719,351401.65782756836,3.251130892159307,0.21458292964885972,8828.358156269034,845031.5,0.0005482457771950791,31,43
31,57,41.84757053405595,684.9713440453701,248184.1246173575,2.66553056472616,0.13925333158708153,9158.390236877221,532623.0,0.000869882190858665,31,57
31,91,692.8889631839592,915.4224804090064,426566.4641860832,3.2836562628587083,0.22220501098637027,10230.994498853834,1288523.5,0.00035953152605847284,31,91
31,99,333.59674668909315,961.2739970577531,397936.1811933229,3.1346187236752856,0.20452375778596255,10313.50251900588,1172481.0,0.00039511822924246585,31,99
32,6,579.8273060017151,748.6630085333443,367587.92665460374,2.8643185656945667,0.1940996349116555,12419.081870426742,762801.0,0.0,32,6
32,31,699.2151192161159,444.96031436251513,571108.7989393522,3.065121598599505,0.13151599316867985,15460.48967542921,1485705.0,0.0,32,31
32,43,182.93166681562022,838.3518894558197,344101.49971597356,3.138077840223806,0.17695614071091276,9039.739864868445,830026.0,0.0,32,43
32,57,41.66472293917555,685.0359449503438,231484.92738074335,2.5462151674263738,0.0917630458089492,8617.322114173658,542847.5,0.0,32,57
32,91,692.1022172480948,915.2562690849325,419883.2441906184,3.2895481088689644,0.23791760858860297,10138.02601667489,1301980.5,0.0,32,91
32,99,331.72330133877193,954.1396457411893,394791.62979934807,3.1411954609039663,0.18630351226990752,10391.476667091763,1218934.0,0.0,32,99
33,6,580.2854552800425,748.4961346272994,418443.3027639977,2.7827517947058937,0.1493869213528694,13875.666851542872,930503.0,0.0014033719717134927,33,6
33,31,698.9700309059363,445.58648500981104,574001.2305394271,3.109290278288361,0.15645624581293188,15798.199005672306,1393694.0,0.0009369019973109435,33,31
33,43,183.22443979957094,837.9838651427237,342461.4884986214,3.288726017570906,0.22119831226862927,8526.012161791403,812357.0,0.0016075198035249451,33,43
33,57,41.49089755386796,684.7954267101965,220255.31417961125,2.6395761835647984,0.09262582919316761,7773.7169710451035,562322.5,0.0023225347221501576,33,57
33,91,688.3339925996154,914.6641963196053,422121.19036320184,3.353408196842947,0.22035580340115707,9863.42583422927,1298918.0,0.0010052732074877768,33,91
33,99,329.7286006999772,946.5762811159661,402812.28046738013,3.203837966130389,0.21341737998759727,10364.95596139347,1167863.5,0.0011181003092050853,33,99
34,6,580.4990606332634,748.2652757610449,417873.88654005324,2.6610500446776912,0.1620285874611388,15196.907609575359,919502.0,0.0015350086472598618,34,6
34,31,698.6060267791783,446.06197232128983,568117.9082585037,3.1019639667681216,0.13062366037843332,15361.198502651849,1429754.0,0.000987115919615973,34,31
34,43,183.07233157015946,838.4290152438548,325706.6955241421,3.317727233736663,0.2308771662583287,8132.399207286273,755053.0,0.0018694197873512547,34,43
34,57,41.61680672896314,684.7692734499959,211688.81572905782,2.5813125021207655,0.06378472378001789,8132.399207286273,531963.5,0.002653695821105394,34,57
34,91,685.2562385577061,914.1464351713744,455825.0828407225,3.436602403329881,0.250625381959328,9775.308138051178,1372477.0,0.0010283168683568847,34,91
34,99,328.1427299615007,940.083152910172,382140.6172959166,3.1883412938960682,0.2603561818707803,10186.035370742402,1131100.0,0.0012477990900994255,34,99
35,6,580.4228122359913,748.3977898639612,413980.8341968718,2.6505115995249056,0.1411267298289463,15084.982140323276,852388.0,0.00018386733919675913,35,6
35,31,698.2448417813345,445.54645575294523,572984.7000002792,3.0937856891553843,0.1593837628734333,15003.44169632153,1480979.0,0.00010581968392653412,35,31
35,43,182.12109704663945,838.552697369811,319393.9191548447,3.346090811249817,0.2481191791838792,7909.423068169502,790191.5,0.0001983419094286795,35,43
35,57,41.69219363159846,684.8529222766111,205563.4593284053,2.518003402394534,0.03761577374343269,7990.963512171249,454651.5,0.00034476092217595506,35,57
35,91,680.6791330229687,914.2592901952128,413165.4297568543,3.3754590942713074,0.2094242267739842,9540.231948204451,1329679.5,0.00011786164137361617,35,91
35,99,325.79799920003865,934.8263798832893,418873.26083697664,3.2150851365513646,0.21772302473648167,10274.095944220178,1279180.5,0.00012251498500560575,35,99
36,6,580.748040535589,748.4584459807602,444521.0396249049,2.6810035936302463,0.14895583480513874,15531.658148329077,911362.0,0.0001255280827422033,36,6
36,31,698.1301059456632,445.5866233374228,573591.6105473829,3.1268203502058807,0.17978231985223703,15614.715143774687,1496493.0,7.64425669283137e-05,36,31
36,43,182.96908238194393,838.0949059208501,312211.24588004814,3.3079105007269116,0.26912397855699066,7973.471562778564,740453.0,0.00015450666555301426,36,43
36,57,41.92181776823634,684.1093257847216,190698.86154312064,2.538381332845947,0.14450857386818583,7225.958603768073,501889.5,0.00022796560102250567,36,57
36,91,676.5325231551711,914.127150160755,419520.8839957763,3.305892461250577,0.23345706752849166,9717.668467136375,1316319.0,8.6906740588733e-05,36,91
36,99,323.5387560637969,927.765193769781,399254.97710704745,3.119691246931428,0.18397194903340325,10631.295417038085,1202664.5,9.512042420330113e-05,36,99
37,6,580.6859500381361,748.9135190927739,448934.54608848254,2.685533040124464,0.17575893317610056,15799.98126089924,953376.0,0.001629151104158118,37,6
37,31,698.352402062515,445.27518983262087,573514.5030461488,3.137504550523857,0.20913769655339928,14890.034696135408,1416839.5,0.0010961734934100298,37,31
37,43,182.48839470635386,838.5586149707868,312111.6717139939,3.4531432421388,0.262329102577698,6948.682858196524,784211.0,0.0019806582839101807,37,43
37,57,41.7017610593886,684.2081229882796,203828.03050709804,2.538342336679948,0.10659125839749542,8189.519082874474,522109.5,0.0029752859590951924,37,57
37,91,671.2672886700325,913.3067576835191,405670.72305471136,3.3242399074795443,0.24831248030270542,9513.077722530956,1248429.5,0.0012440649134979479,37,91
37,99,321.0390543162994,920.7017626640263,394503.1970326098,3.248723477873859,0.23880602961550026,10340.301872316255,1135003.5,0.0013684087511118194,37,99
38,6,580.4061996773094,749.4784840579697,464181.0528874464,2.812840569970519,0.20272421084737793,15305.429311423908,900755.0,0.0003149009128657735,38,6
38,31,698.5763206786719,445.7773033287077,555762.7200787534,3.1965227533314757,0.23295756982751295,13967.249699496135,1428072.0,0.0001986133681916653,38,31
38,43,183.19762445055028,838.5881948698031,294734.0595270921,3.3517322337983475,0.3088643207357574,7610.896542839211,673704.0,0.000421047966873261,38,43
38,57,41.793241093451286,685.0258765052656,190606.95847396224,2.553078483148241,0.057749074421586416,7109.079188366296,478662.5,0.0005926575055160345,38,57
38,91,665.7273619253427,912.6708356968029,403628.4254477147,3.366204137339198,0.20296566883683245,9367.257283494415,1307657.0,0.000216904319762991,38,91
38,99,318.20073274696443,913.4130654686487,380628.46336770605,3.254393781299646,0.17084800634663624,9534.529734985386,1175481.0,0.00024129651501466509,38,99
39,6,581.0318929217225,749.2788888230846,470655.0675991016,2.633051445752835,0.1720242564237602,16806.167300930636,921850.0,0.0008564136812924996,39,6
39,31,698.4396364748327,445.72082515065006,533431.0454584601,3.2005067166377335,0.19641318432108837,14005.139417442197,1406478.5,0.0005612919673383593,39,31
39,43,182.63584842966208,838.8526499842336,271699.7046983786,3.5113952935003625,0.3301636286796023,6096.3548052395445,707005.0,0.0011167107948041155,39,43
39,57,42.29362455740352,684.8571535487895,209253.25953119516,2.5535215763617276,0.11546719742942195,8650.233169596651,506795.5,0.0015579848813421801,39,57
39,91,661.6189220064211,913.2417147649152,417847.4536780401,3.295274314464727,0.22249821852819582,10709.81249569109,1324923.0,0.0005958457601953196,39,91
39,99,314.57014119114206,907.7762910456377,406478.5757979988,3.1624058406941677,0.18149595015907166,10709.81249569109,1236466.0,0.0006384773307220454,39,99
40,6,581.0373113683213,749.124663644835,480914.179015628,2.7176142359942097,0.20591539359476932,16352.693189308624,972490.0,0.0024964292555558184,40,6
40,31,698.5981276912651,445.09234056045364,552769.3628819496,3.2206118091958733,0.21547818591414358,13774.928745673766,1435458.5,0.0016911105682912032,40,31
40,43,181.9399923523167,839.1403922269182,264865.29658348154,3.367043654063581,0.2567890246479855,6041.635414769195,752576.5,0.0032262022990194386,40,43
40,57,42.09234921578648,686.1597270154857,203643.39104715368,2.568907934256022,0.15789043688692397,8136.069025222517,550879.5,0.004408054087209485,40,57
40,91,655.8996465936489,913.2163180903173,383120.2404352306,3.3826289038399344,0.21450492740565466,7974.958747495339,1239270.0,0.0019588924647000773,40,91
40,99,312.83365248711823,903.9313717984802,395364.6215424962,3.1175359107553557,0.20411264777069862,10149.947496812249,1171277.0,0.002072634941671516,40,99
41,6,581.5036703444116,748.8619757821458,482291.3809949722,2.7258988786514173,0.15789163503494347,16980.34942487853,990900.5,0.0017834887721151294,41,6
41,31,698.8909422648234,444.84943459585077,520950.526044817,3.1271827819778513,0.20332980281561971,13848.051958153364,1327395.5,0.0013313094224183715,41,31
41,43,183.08416613561255,839.0925049715202,286605.21820535266,3.448040712777969,0.28909563317519754,6511.881575560213,716606.5,0.002466331875526245,41,43
41,57,42.14545467771839,685.943707019031,221156.68692693734,2.566303040041913,0.11251210448218953,8407.74583173597,528780.5,0.003342702128563229,41,57
41,91,651.3488078979552,913.8964199969887,378513.4201895253,3.3299925186426513,0.19141474170518546,9067.17687736232,1257076.5,0.0014057921423182153,41,91
41,99,310.40655017634657,899.2592027289322,398790.9248425356,3.1764298339936996,0.19309539677853713,10798.183372131492,1139443.5,0.0015509464068531932,41,99
42,6,581.3982192453857,748.6476735127618,431979.55654899165,2.5684310278191296,0.131897434391206,16342.535453857956,852529.0,0.0037917517738179684,42,6
42,31,698.9712697560847,445.0381705221599,531010.4430305787,3.1991280775057143,0.20519099750198447,13252.9018854669,1394439.5,0.002318227772007194,42,31
42,43,183.72181965040002,839.5476665279167,258309.62754679963,3.6402170757839545,0.34682633951432856,6016.654843708899,656301.0,0.004925392251409841,42,43
42,57,42.09687494684037,686.928138771208,246276.31785938182,2.670343838641969,0.12468560003035437,9106.288412099955,545591.5,0.005924773260248196,42,57
42,91,646.478297763499,914.5992221155668,389131.21732419985,3.285133477358545,0.20535362310652822,9187.594558636561,1273315.0,0.0025387440567196315,42,91
42,99,308.1858667770817,892.5967910859462,401083.22086508106,3.121110999934222,0.24020940807154453,10976.32978244191,1209045.5,0.002673692848585095,42,99
43,6,581.7644221912503,748.5804939049478,463616.3032020282,2.682335894912419,0.16838030802684303,16649.43307907945,951014.5,0.001651543240797001,43,6
43,31,699.2293498310573,444.6999785494995,540485.3275671314,3.2146456041301437,0.2137833037813678,13667.445064915966,1450938.5,0.0010824189950394284,43,31
43,43,183.88489747937209,839.3312905045289,264899.93525818945,3.4306768231160185,0.3309268059198771,6129.6420291138265,654386.0,0.002400413623262101,43,43
43,57,41.244922091063486,686.8978149254292,215448.63402331166,2.736611531784131,0.07283391020780865,7537.803035802139,492917.0,0.003187068847368088,43,57
43,91,642.0688992622811,914.9467564732125,384924.9528282696,3.401287114440826,0.18509036354664118,8117.634038556149,1231904.5,0.0012749067499432593,43,91
43,99,306.3930668074016,889.0707369696898,405219.03792466,3.107471280576463,0.18583634558818513,10519.791049965621,1187620.0,0.0013224543502145393,43,99
44,6,581.9727023464409,748.8708716511774,444431.4678263212,2.683365116178092,0.14578036682404322,16189.825560644991,960167.5,0.0015148804790763957,44,6
44,31,699.5613753063258,444.9453442511313,531524.4268679448,3.2219762408489006,0.2287945293559758,13450.008927305069,1353888.5,0.001074278583083631,44,31
44,43,183.32120326070307,840.0338153998694,284442.78138856275,3.4555386305302656,0.25104910555742904,6392.90547779315,750147.0,0.0019391151416534146,44,43
44,57,41.51465818510039,687.0928442202304,214037.79638637326,2.650877747398481,0.10103542390808604,7970.375660625226,557500.5,0.0026094175814972112,44,57
44,91,637.4560780811944,915.3449120471904,374524.63130292075,3.230486839903351,0.18894668415795687,8883.647871738533,1169500.0,0.001243682192871029,44,91
44,99,304.2802489935596,884.3862374328514,376849.3242039365,3.0392888861122116,0.19674474473702172,10627.167547500301,1075423.5,0.0013524973751590321,44,99
45,6,582.3923746024683,748.6741740495518,504446.31055647176,2.7030862678255994,0.1627592674084702,17783.646659082406,995931.5,0.00018564484239336513,45,6
45,31,699.3974039328472,445.0526099075677,538531.6333197131,3.2635825099990856,0.22932378416582866,13584.73008679906,1285422.5,0.00014383162483010926,45,31
45,43,184.18755919600497,840.2004983081439,286431.9755877208,3.5230934432931718,0.28645055465700175,6174.877312181391,655245.0,0.0002821866829226233,45,43
45,57,40.76011342932011,687.3051581194848,196443.430224864,2.70806439011134,0.04451837333548645,6504.204102164398,472572.0,0.0003912944997416195,45,57
45,91,631.6021069071542,916.1436460637783,369833.98515091743,3.3531394361644926,0.19182559054030912,8727.1599345497,1201327.0,0.00015390118135591606,45,91
45,99,300.3241774685975,879.3658095253262,374856.2186981583,3.0554218856300923,0.1680941060995766,10620.788976951992,1124541.0,0.00016441102311092007,45,99
46,6,582.7733401057374,748.7961835333846,530106.7685615128,2.693676840321105,0.19953593467670142,18456.00396954151,988251.5,0.0011141390553721972,46,6
46,31,699.9044819508055,445.56297553325703,545710.4810084888,3.238626406245611,0.25810490095285915,13674.221122887575,1392016.5,0.0007909370346602123,46,31
46,43,184.56885227388872,840.0726368016334,308886.3937084175,3.414351281986973,0.21039684300192607,7634.074369219444,720880.0,0.0015274613459673521,46,43
46,57,40.462620377527195,687.0903974922538,192697.45962744023,2.738096094374471,0.08113734215678188,6124.037680802411,433677.0,0.002539400846506451,46,57
46,91,626.7202453476522,916.338108482318,363079.9326371621,3.2966052667339536,0.20401952775908067,8640.765494830799,1164770.5,0.0009452697540210835,46,91
46,99,295.4556990399885,875.6136468900314,392693.4299155628,3.0820510487257518,0.18308824275346025,10738.038673187788,1143024.0,0.0009632564394777095,46,99
47,6,583.203402624399,748.7904829879386,556443.8379593643,2.7473564529697994,0.2047581236730716,18507.001262506576,1035302.5,5.498925138641677e-05,47,6
47,31,700.0176794052591,445.50315527591323,549370.0508101396,3.2134244539223307,0.22670153894252393,13489.547586893681,1377064.5,4.1340835464598694e-05,47,31
47,43,184.74961026134358,840.2109754647978,320623.51520555833,3.4035489882990766,0.20165629650127434,7156.040488169208,792473.0,7.184140909076284e-05,47,43
47,57,40.50974475429102,686.9999894079709,193377.59985845757,2.844173639573705,0.1279011362225708,5922.240404002104,483006.0,0.00011788151522373015,47,57
47,91,621.3015640203548,915.7007181626358,352455.55737706966,3.3341344817094116,0.19334488377152298,7814.067199724997,1075512.0,5.293319050016271e-05,47,91
47,99,290.4639118376416,872.0269332772065,393582.2268493065,3.1448154411395395,0.19269273501325468,11104.200757503944,1081223.0,5.2653569701798356e-05,47,99
48,6,583.5406862091413,748.9681311539558,591968.8611520516,2.740533259845212,0.1698971523340561,19153.18004586452,1083321.5,0.0012299690322859311,48,6
48,31,700.2239443905142,445.5746090698985,566713.783038478,3.2007037135606438,0.22942900030847574,14492.007910808994,1333717.5,0.0009990190278636076,48,31
48,43,184.94623004367398,840.472173651036,354249.0822642199,3.2952408774156994,0.19531200494171408,9068.098517289838,793737.0,0.001678811689778084,48,43
48,57,40.92493817764529,687.2021675284482,196701.46409934314,2.776540487521355,0.03310427177587041,6186.646651982787,503795.0,0.002645349417072477,48,57
48,91,616.4683419668835,915.2891424321975,330604.2272518473,3.372841149709553,0.17947159594864306,7203.6296632676285,1125601.5,0.0011837611680163864,48,91
48,99,284.69276201495956,868.4203463811587,384165.33251284895,3.164509232913919,0.19876300176156972,10339.32728139589,1081760.5,0.0012317442035464415,48,99
49,6,584.086900919764,749.2667657532152,581926.5325929276,2.6770857392607437,0.1566728309924891,19326.911788956662,1053679.5,0.0016707195185904106,49,6
49,31,700.3430928825272,445.4831363399286,557937.42717067,3.1443060584947005,0.18946110621310253,14325.649527779282,1358726.0,0.0012956177283501213,49,31
49,43,184.90892188462934,840.4292066280353,342628.84846913524,3.501678398727501,0.1893533314296881,6950.90687146687,794154.0,0.002216726770733682,49,43
49,57,40.41664976667539,686.5912805151801,198185.6129937749,2.946558503499013,0.14003943638273098,5764.166673899355,419330.5,0.004198343057117293,49,57
49,91,611.770227816473,914.3473381468957,309654.4244081522,3.419601794117443,0.1911213479064073,6696.605400559546,1072539.5,0.0016413398820184653,49,91
49,99,279.4123593647283,864.8980800077474,383317.0838143072,3.137001500896965,0.1814585681184256,10511.127464169413,1117445.0,0.0015753790993485474,49,99
50,6,584.2967722882806,749.3655439240596,585225.5181507295,2.7357105383305287,0.17725769701999888,19689.830517220802,956562.5,0.0,50,6
50,31,700.4423312448156,445.8769086914962,566545.4225318277,3.136884056865529,0.20648203354866188,14641.156025625725,1426760.0,0.0,50,31
50,43,185.56442220306107,840.1434785876618,326312.66130676185,3.3390959299945298,0.18148710769895263,7404.722587672781,701267.0,0.0,50,43
50,57,40.36822038002186,687.3663218824404,218607.60548606687,2.93521267391454,0.14859343577399553,6815.710563653355,421885.5,0.0,50,57
50,91,607.7941581690988,913.4340790966462,308810.58973589895,3.415543888533115,0.188563881955059,6815.710563653355,957396.0,0.0,50,91
50,99,273.109304141958,860.7642370742165,393628.32119469624,3.1721654439994644,0.19253352520778275,10518.071857489746,1080708.5,0.0,50,99
51,6,584.7014234923207,749.4436930730077,569402.9631814101,2.75516290245198,0.13692728654945713,19149.563940327185,1021113.5,0.0,51,6
51,31,700.4049170485315,445.9807995500859,572707.5339498736,3.0737591424137043,0.20843631339746038,14574.004414762283,1375514.0,0.0,51,31
51,43,185.7920372614133,840.6983033605189,359266.15534065163,3.400818436455532,0.17188786396895686,7880.130294028443,785408.0,0.0,51,43
51,57,40.795698158226195,687.184637101596,190817.7787328178,2.7849187863448392,0.17768981365445707,6524.408953120324,412140.5,0.0,51,57
51,91,602.812630857706,912.321142629947,303257.91744438495,3.4288766013282066,0.20790082547078106,6439.676369313566,967647.5,0.0,51,91
51,99,266.6958536626257,856.0753335927332,389261.49000824377,3.15069216573187,0.20422046555535311,9913.712305390622,1032980.5,0.0,51,99
52,6,584.5179492067061,749.4895718760242,554279.4112364908,2.6855349357873677,0.15498421058939585,19024.828183121048,1010965.5,0.0007824573907719589,52,6
52,31,700.2761089249768,445.90533570079657,582688.6838148733,3.082420755827959,0.18193823492700145,15612.302948480501,1351457.0,0.0005852996664990974,52,31
52,43,185.89296429234008,840.8337527639982,360362.6647780417,3.2892084223190454,0.20946258059479075,8616.62621746738,715940.0,0.0011049622276830334,52,43
52,57,40.515289535950146,686.7674766669472,200571.17066599813,2.981725140748616,0.1249101214477727,5118.78785196082,407606.5,0.0019411228630022345,52,57
52,91,597.8841854175264,912.1911445610672,286225.55405547586,3.4654780338332296,0.1520684463425911,6313.171684085011,931916.0,0.000848839981841251,52,91
52,99,260.36670848785633,852.5265833940523,383311.8969809994,3.0158716585213234,0.1652882572505226,11346.646405179818,1041218.0,0.0007597198246926594,52,99
53,6,584.3633926848386,749.4557944803682,510263.96765239886,2.7065918278314935,0.17851410604018073,18132.927445634898,836225.5,0.0,53,6
53,31,700.6359287654338,446.0443514389229,575593.346440177,3.12283488959654,0.1874063500265218,15590.928271013183,1348742.0,0.0,53,31
53,43,186.27028676265851,841.743216531982,359692.88320897263,3.348434579661908,0.16384030711531608,8049.664052968763,761282.0,0.0,53,43
53,57,40.54608903478131,686.7337146512114,197004.9360331829,2.877872571472616,0.1933173193285629,6270.264630733563,345326.5,0.0,53,57
53,91,593.3830594230643,911.5441528194522,299532.2360762587,3.4069983719761017,0.11034637932703376,6609.197854016458,866458.0,0.0,53,91
53,99,253.6500958259528,850.4986367287012,383164.00892131316,3.1804077357734117,0.20252074215217897,9829.063475203964,973073.0,0.0,53,99
54,6,584.8462048250292,749.8471486735772,545444.3373495648,2.6339668468836726,0.15017415323523012,19379.93545888325,868778.5,0.0,54,6
54,31,701.0687072792225,446.5985699503064,575610.3907335278,3.1745387895737274,0.22066059995832024,15346.1027389347,1306830.0,0.0,54,31
54,43,186.52050225814244,841.8216426054399,361466.4885136505,3.4262168158323947,0.1704222911182982,8593.817533803433,755474.0,0.0,54,43
54,57,40.60532285307791,686.5243680295031,165650.2175648437,2.748405380107512,0.13513805492508896,5524.596986016491,234919.0,0.0,54,57
54,91,588.1204131208908,911.0358010707553,270266.7922365528,3.605371290375872,0.18920717867915662,4998.444892110159,768001.0,0.0,54,91
54,99,245.73858237204547,848.8448229014923,385143.3327394354,3.1060490954919815,0.2064549158694243,10786.117925079818,919887.0,0.0,54,99
55,6,584.5067595098775,749.6498827652796,515801.3200854104,2.6523052946401315,0.1665063274289218,19367.18696449622,835403.5,0.00017470708903786052,55,6
55,31,700.5098935875095,446.826797859541,568418.3678562099,3.126558106970206,0.19262705781280315,15168.106604937306,1244742.0,0.00011724843107999551,55,31
55,43,186.4046802320753,842.1835617563557,349037.84294864204,3.3916174594013087,0.19680368860046227,8055.378648949755,696122.0,0.0002096688397168944,55,43
55,57,40.984094907951246,686.7526698066746,190758.22204853356,2.8816892570060872,0.10165302050920809,5827.29519285727,347666.5,0.0004198857689803528,55,57
55,91,584.7893152775091,911.108171558348,265313.32231008983,3.41470448477555,0.1328371466325637,6598.554850735438,748424.0,0.000195014244100194,55,91
55,99,238.75597580715493,846.9065766458963,395998.9865616683,3.0152178408868897,0.13193209746867884,10797.635210294353,972018.5,0.00015014938367072117,55,99
56,6,584.4978797213867,750.1340837473249,527591.0016306567,2.677668179211367,0.1591569843233871,19307.36552283403,771840.5,0.003687503520460523,56,6
56,31,700.6811505184018,446.78364921838545,565688.5710998202,3.120393908489984,0.16225720775161864,14394.330546041441,1186160.0,0.0023994929138667236,56,31
56,43,186.6697618896159,842.5026265337401,348566.90256402147,3.3921128044247926,0.18420931415993314,8446.972416239887,630887.0,0.0045113516006365095,56,43
56,57,40.96262269635375,686.8974590335406,190143.07296148155,2.9171080700402143,0.17806288217082591,5344.00295721299,267479.5,0.01064032064089264,56,57
56,91,581.3857609004962,910.7260439422466,232377.93504268097,3.4325851700365564,0.1577485994928074,4913.034976792587,611130.0,0.004657194122944471,56,91
56,99,232.8193655608432,845.1891465210845,375631.69173442275,3.1144601975568946,0.15180960236021787,9826.069953585175,909315.0,0.003130018015581674,56,99
57,6,585.2722454179069,749.8238024124792,547544.5094811291,2.6225793573285143,0.14716527618049258,20276.24419230291,732921.5,0.0,57,6
57,31,701.6373985800873,446.42006185700694,570398.2423419451,3.0873218097928294,0.18744503407667057,15808.597166880238,1223385.0,0.0,57,31
57,43,187.11453472758205,842.6375181288413,333269.2848387415,3.4541522587690707,0.23975343503359933,7818.382294489682,638985.5,0.0,57,43
57,57,41.168110287170975,686.3394474471751,165732.52138539118,2.914809080388738,0.1551888399575918,6100.056515480961,186316.0,0.0,57,57
57,91,576.4478963654835,909.3884524261474,224585.1793164399,3.2869638877057756,0.15977906279859797,6014.140226530525,527354.0,0.0,57,91
57,99,225.6557499673706,843.7841217654147,356380.7665664088,3.095202683645248,0.15613692911795155,9450.791784547968,789626.5,0.0,57,99
58,6,585.1183052012534,750.0087336014338,499311.1300670394,2.654324508512708,0.14250153812126848,18308.074769124778,709943.5,0.0,58,6
58,31,701.7182929773669,446.3949457461234,535576.8858298033,3.113699719058424,0.19018978428724262,13928.152575554257,1159162.0,0.0,58,31
58,43,187.2550850137495,843.2619999052474,343911.4906391573,3.4293688275355483,0.23915245042909591,7533.466172941296,680778.5,0.0,58,43
58,57,42.968151346585195,686.6673190239808,166612.24024342262,2.8536876358544205,0.12573911142702368,4993.111300670394,224883.5,0.0,58,57
58,91,572.5366399494142,908.7261586155822,217244.14080109782,3.411850789007575,0.176138994650033,5080.709744541804,559018.0,0.0,58,91
58,99,218.10761604163093,843.8010743705219,380702.8370651497,3.1408857617899475,0.18441817000024768,10073.821045212198,879596.5,0.0,58,99
59,6,584.9426522578837,750.1310005621124,475096.45694658655,2.6486250461380685,0.15504857628281143,17812.890162641444,702482.5,0.0,59,6
59,31,702.2759258752618,446.6217509745797,543508.2814842674,3.253974040323334,0.22497374236539647,13166.049250648024,1073201.5,0.0,59,31
59,43,186.91397267450952,843.0798944234747,340940.4387651469,3.460201357964266,0.20066249798536642,7314.471805915569,583664.5,0.0,59,43
59,57,43.06103582238694,686.5625490311685,150678.1192018607,3.026345389936356,0.20752817084039718,4474.735693030701,177251.0,0.0,59,57
59,99,211.32430943452954,843.1746171210008,370112.2733793278,3.0485111341197952,0.16436028433431438,10756.576185169955,838470.0,0.0,59,99
60,6,584.9553828036426,750.4850954860046,487810.12563285703,2.7111262766076383,0.17748881566469563,17973.329615519324,612904.0,0.005615215964000042,60,6
60,31,702.1531283362885,446.65336306355425,535273.6756854906,3.2388483368795233,0.2051159900832096,13698.12014386667,1073241.5,0.0032068320469123297,60,31
60,43,186.71873450470565,842.8145344421634,368453.25711814617,3.3812873921232516,0.13020019710988023,8201.422251741827,649544.5,0.005298487940773549,60,43
60,57,41.98488757933984,687.0227722950301,188894.45930873466,2.9420107497648784,0.16714028678655662,5932.943756579195,207230.0,0.016605003348263238,60,57
60,99,203.6879514952826,842.2101156216146,390527.2978595364,2.9631713200001,0.09405955567072705,11342.392475813167,710004.5,0.004847329278911061,60,99
61,6,584.6510614429379,750.8854193985748,515764.3573842859,2.7189909727757064,0.20537687405084112,18191.041400331775,666254.5,0.0,61,6
61,31,702.2656143229367,446.24714489270747,510140.0740527823,3.25028323154634,0.24865442381667108,12478.878641773486,1059145.5,0.0,61,31
61,43,189.3714543646779,841.9320366885731,365578.41654773033,3.616036663786217,0.39362489854542576,8260.666143145829,828286.0,0.0,61,43
61,57,42.35169415234963,687.7958947353735,184019.52025263157,2.9150664186954507,0.2427772075684557,5975.801039722515,201956.0,0.0,61,57
62,6,584.8788025630943,749.9571191111141,494058.3514983599,2.675559440434626,0.20076815348191596,17660.102614136253,678638.0,0.0,62,6
62,31,702.6769672930903,445.68554785585917,511973.1671309693,3.3000326647963734,0.23382884039664206,12480.937905182833,1057440.5,0.0,62,31
62,43,188.53963824029154,841.1575196601643,635508.981090432,3.241060878462864,0.06730988303909055,15028.068089914022,1432035.5,0.0,62,43
62,57,42.558082567661415,687.9139148963961,200883.6672357999,2.9408798517825336,0.12379950296458063,6367.825461827976,290899.0,0.0,62,57
63,6,584.6936480412872,749.70311511068,433958.8004992765,2.6684799798046095,0.208087442476983,16353.068642376544,575842.0,0.0,63,6
63,31,702.3040083671061,445.761997042427,525363.8473319286,3.248676512453773,0.21639903032700195,13340.661260886127,1006414.5,0.0,63,31
63,43,186.5516313983157,840.9724220841887,639491.0526992511,3.4811934650031473,0.16265695203412683,13598.86760787102,1498198.0,0.0,63,43
63,57,42.2637057367563,688.0014256910495,201659.15699520128,2.864339147820057,0.11827787934803707,6024.814762980832,283636.0,0.0,63,57
63,91,551.1029689538831,898.1771465000215,200023.8501309636,3.636092737523232,0.03796879245464774,3787.0264224450943,548020.0,0.0,63,91
64,6,585.0817651133851,749.6904138604666,437461.4522046868,2.627606432357504,0.18167408982146097,16059.900998727031,550942.0,0.0,64,6
64,31,702.8056490821259,446.34003230968193,548941.08413734,3.2834739787969487,0.23801195990598195,13497.150839355696,1133320.5,0.0,64,31
64,43,184.28226403271398,840.5061026970652,563377.9100351317,3.499333847577365,0.21705994817222907,11959.500743732895,1389118.5,0.0,64,43
64,57,41.80211901512834,688.0599819084811,215868.98842437877,3.005535060056681,0.1787780251150011,6492.3004037407145,254797.0,0.0,64,57
64,91,547.1166619608972,895.9371998568903,178281.98608693253,3.4530876164972293,0.19114394847133603,4869.225302805536,470411.5,0.0,64,91
65,6,585.0009481557385,749.9367539854638,415078.87400202954,2.6432277966598696,0.18117874889268934,15612.673521613244,560008.0,0.002416941990805791,65,6
65,31,702.8270568465213,446.3052344529947,549045.6855100658,3.1968251717475655,0.21963064070162006,14941.160681973965,1164817.5,0.0011618636922621154,65,31
65,43,179.9910981372781,839.6378048849265,439756.97085877304,3.2685957637561756,0.17844557629658045,10408.44901440883,1244537.5,0.0010874324018332947,65,43
65,57,41.885398237186216,688.4090125578897,249467.01992599227,3.0630982125110777,0.206769104515316,7218.763026122253,322053.0,0.004203398410677426,65,57
65,91,542.9916062465727,893.8061801105379,185253.60463548618,3.3974056575026736,0.08954417922207784,4029.077037835676,503834.0,0.00268647722751817,65,91
66,6,585.0534889509743,750.3143143587496,427168.8073014063,2.6572392940820575,0.23290552387418384,15312.80935086334,646989.0,0.0,66,6
66,31,702.5638566057187,446.3663115869186,529254.2029738285,3.278315387307348,0.21947018635353446,13304.572058946836,1094566.5,0.0,66,31
66,43,174.61409539059488,839.2042885548553,425913.65899395844,3.099717966763655,0.17346705634681214,11463.68787469004,1104412.0,0.0,66,43
66,57,42.72074548725738,688.4709365889858,219985.660018687,2.9586988391596107,0.21798665504044673,6610.447752558491,353526.0,0.0,66,57
66,91,538.3033784599725,891.428237217219,198229.75602292488,3.443691658881801,0.022001141317173418,4602.210460641987,545713.5,0.0,66,91
66,99,188.93214821748856,843.434371233907,344161.6659021908,3.212280411371917,0.20400633181344777,8200.302275325723,676340.5,0.0,66,99
67,6,585.4253518958598,750.3131083253833,465126.57615424064,2.636489729518699,0.19649789361040562,16771.18837736798,688814.0,0.0,67,6
67,31,702.8874413325539,446.48376504654664,544262.9876434292,3.2106782196159713,0.19199190113500395,14579.977835601308,1118514.5,0.0,67,31
67,43,168.33184485213732,838.4481313364994,408660.7660394841,3.1073459885562165,0.1929585690209663,10956.052708833355,953673.5,0.0,67,43
67,57,43.0989654766598,688.5499798699459,235302.30125432866,2.97307641696086,0.21389487523012976,7247.850253535911,344154.0,0.0,67,57
67,91,534.7013513659048,889.5263449629879,200664.31922870936,3.5113663161413218,0.03561919153152665,4382.4210835333415,518624.0,0.0,67,91
67,99,189.12462475194943,843.4719859814232,367786.26170268276,3.230844982878532,0.22222342350609842,9944.724766479505,688848.5,0.0,67,99
68,6,585.172891573253,750.681167265054,437690.3908246858,2.6730664899544583,0.1966391444390147,15792.952246251549,648095.0,0.0,68,6
68,31,702.9082448815785,446.54326455858836,534035.7555862098,3.1740320945337555,0.20346661802323346,14205.300962236843,1181903.5,0.0,68,31
68,43,163.08897133152846,838.099946331582,396829.260409781,2.8749467846430434,0.09242727554968104,12534.089084326626,952804.0,0.0,68,43
68,57,42.70621299881968,688.5579145032934,246503.751991757,2.880795558669073,0.13970936522812596,7436.892856700465,337446.0,0.0,68,57
68,91,530.477615270226,888.3151793907442,180323.7616265124,3.6076070385989976,0.07548266440960652,4094.469100880031,538820.5,0.0,68,91
68,99,189.2174773927333,843.7668565719301,374267.9000579931,3.366567964793856,0.21644721973959227,8523.180577342106,732294.5,0.0,68,99
69,6,585.76232456703,750.0023262327983,444681.46155900444,2.6435253922971267,0.218205621230964,15789.474433976984,718817.0,0.0011152536465130207,69,6
69,31,703.333089567096,446.1920421774188,549390.607805378,3.13704041067276,0.1524049958876197,14626.039475683943,1264817.5,0.0006337869240644879,69,31
69,43,158.3327024303949,838.7909713179339,400387.8306468479,2.953809340876607,0.10040755661165501,11135.73460080482,1018608.5,0.0007869922936967599,69,43
69,57,43.12794423572966,688.7187773458361,229529.0967718128,2.956846275785095,0.22554837096316985,6897.507252737314,394278.0,0.0020334299093808586,69,57
69,91,525.4603678646002,886.6501624559104,176925.21615756315,3.6617813363430414,0.010553209635360664,2908.587395732602,623229.5,0.0012863270363959727,69,91
69,99,189.56970799413466,843.5491853639986,348864.2824938704,3.4077022306263105,0.24690176215900578,8476.454696135012,805690.5,0.000994989598028495,69,99
70,6,585.91679288402,750.0250285265973,446748.841913118,2.7580026221525014,0.2686586208856587,15679.718633848868,806542.0,0.00089076578975,70,6
70,31,703.8357403122443,446.3071723222474,535819.4948855055,3.1539333930848845,0.21321768414640402,14037.863279519144,1229081.5,0.0005844986730576591,70,31
70,43,153.97832412862596,838.701186263919,393799.0067359844,3.075114123241773,0.1515698367068617,10836.245338576182,1002582.0,0.0007165650993167454,70,43
70,57,42.58101972917792,688.4289485692237,237248.09870064518,2.9116755779585537,0.24590810568125182,7470.441862200246,477738.0,0.0015040192643732107,70,57
70,91,523.5461045866502,885.4204024056602,175842.7084487135,3.451951098517275,0.08214314032289805,3940.452850391339,602200.0,0.0011930969414219634,70,91
70,99,190.22526369740322,843.4738956412243,349222.6338659324,3.244937469651211,0.22347972679022404,9112.29721652997,794778.0,0.0009039529217992232,70,99
71,6,585.7817137867411,750.0386373405407,401298.03669376054,2.6344651609226415,0.1967028969810623,14623.504055077645,732826.0,0.0,71,6
71,31,703.8522982952308,446.2256255087373,534121.4657907089,3.1740229077382813,0.1768568174128678,14057.95417449453,1271397.5,0.0,71,31
71,43,151.5752688815918,839.7635940602745,420203.5612732532,2.9947720903436585,0.14015749261511143,11714.961812078776,1079057.5,0.0,71,43
71,57,43.27733697484566,688.2794560475072,223876.95987082957,2.8932031251450305,0.17012576398139947,7109.769927330567,422219.0,0.0,71,57
71,91,519.1075679736202,884.5675901861987,182107.06154776248,3.7330510202972005,0.09105991813189546,3312.506443415378,634753.5,0.0,71,91
71,99,189.62656046722722,843.328615761113,355892.4605669449,3.3528749924648964,0.2510239678694432,8564.041048830002,793413.5,0.0,71,99
72,6,586.0554140161178,750.3884227847755,451309.0468115312,2.643337670929159,0.1760498862637099,15864.70284813893,870857.0,2.7599432366580236e-05,72,6
72,31,703.674207457477,445.998999890568,542656.3358423943,3.1687182746220404,0.18709812659077674,14278.232563325037,1332980.5,1.803032277772327e-05,72,31
72,43,149.58338328369047,839.264905323093,416072.7068014542,3.078086042743805,0.15848976467664092,11689.781045997106,1129968.0,2.1270016289946793e-05,72,43
72,57,43.01751765634698,688.5523833800656,237970.54272208395,2.8643605575256705,0.2025985663000136,7180.865499683937,474437.0,5.066591943504923e-05,72,57
72,91,516.7778833401289,884.1444232799264,150380.6833131485,3.5007732944419994,0.013182824184853833,3005.943697542113,606703.5,3.961824543007475e-05,72,91
72,99,189.6445911573062,843.0790818702875,358124.79218772566,3.32361215572997,0.2257062143651719,8934.332656583503,834797.0,2.8791783770318977e-05,72,99
73,6,586.4842207349242,750.6432679545129,475240.4726894662,2.7026584189628555,0.167366435516079,16714.578680995768,934010.5,0.0038055967221015093,73,6
73,31,703.9638632547454,445.88378867110555,540089.8236296758,3.1138922511294607,0.17135199574880883,14223.46358911659,1324286.5,0.0026836968792850182,73,31
73,43,146.7916982895293,839.5257132433748,400024.8686249853,3.030247938917504,0.15469644315991404,11410.91429183365,1103415.5,0.0032211032657927926,73,43
73,57,43.39051456898888,688.6386122616537,234405.89429069546,2.8762620011178384,0.17451127201880515,7473.345275637531,501241.0,0.007094162863464684,73,57
73,91,513.0477693407792,883.5110912345783,151877.66205327885,3.3978673672618016,0.054310741085381226,3616.1348107923536,607790.0,0.0058496333627003775,73,91
73,99,190.42099518535846,843.4157453724782,366917.1454683975,3.229470352243968,0.23338257030349635,9643.026162112943,896897.0,0.003963147642698052,73,99
74,6,586.6092908477355,750.5989001364409,496295.55097407225,2.715919365822838,0.18403702139264466,17376.49162782879,1018570.5,0.0,74,6
74,31,704.1685705475995,445.66792306926783,520475.1030033623,3.191400847602623,0.18806355661501561,13688.085386072677,1276590.5,0.0,74,31
74,43,144.20421469155795,840.466115755915,391380.8845418984,3.201112372105698,0.18408480223619683,9507.891645415752,1084626.5,0.0,74,43
74,57,42.31096179691668,687.9834176933535,242205.34320865126,2.932056328708712,0.23902349726972902,8688.245813914395,541942.5,0.0,74,57
74,91,508.4555848671591,882.5386134392769,148191.96633544553,3.748008320652639,0.1821950885957749,3032.6895765550244,562981.5,0.0,74,91
74,99,190.57691865502946,843.6793323034909,390971.0616261477,3.2985289904816995,0.204294676441229,9671.820811716023,938892.0,0.0,74,99
75,6,586.6411834629864,750.2329067649574,492555.3960352547,2.684587751129484,0.16871357038607707,17267.498546371768,974072.5,0.0001715584444127722,75,6
75,31,704.2985830615239,445.46269067873556,538227.929690408,3.1324878209928593,0.17581612060328697,14418.361286220426,1366222.5,0.00012231124007531635,75,31
75,43,141.53522838317957,840.9695783637486,394389.6667991312,3.1426950853207942,0.19870404585124574,10187.824142359343,1130377.5,0.00014783333434107446,75,43
75,57,42.1083768704027,688.0300741012071,239068.51737451713,2.947169345422126,0.17600220409139092,6993.336911280567,544327.5,0.00030703363997066713,75,57
75,91,504.87492619857085,881.3719955982531,168444.4483198566,3.514559305844811,0.10495757597404982,3367.162216542495,664226.5,0.0002516010819999515,75,91
75,99,190.62464532432952,843.5398651752915,372891.6311088983,3.204787747366838,0.2205359211755558,10187.824142359343,869150.0,0.0001922716264997829,75,99
76,6,587.1426711394485,750.2238455620031,534398.5351801271,2.682800427914859,0.19564784413268974,18340.503883700836,1056396.5,5.4688412142449125e-05,76,6
76,31,704.2310091858633,445.1997167980874,547354.6709511818,3.213697436639572,0.19287814562975542,13629.181785135483,1387711.5,4.1630505561849084e-05,76,31
76,43,137.2180583502616,841.1265789188445,377410.5523957887,3.0694879990015056,0.12846795102932043,10600.474721772041,1099825.0,5.252871726357127e-05,76,43
76,57,42.78848902587785,688.5381629585297,248942.8944581228,2.882924522418185,0.19581625428374122,7740.029161928793,568389.0,0.00010165238789844003,76,57
76,91,502.95999248655966,881.7136597524208,160269.08210298207,3.8266231352750917,0.08620569297099795,2355.6610492826762,668698.0,8.640122841291443e-05,76,91
76,99,190.76390910684916,843.4782999666556,360668.5327955297,3.1719628406064295,0.22622635913907474,9927.428707691277,908849.0,6.356796121456295e-05,76,99
77,6,586.8785222857538,750.4231204409224,508216.9850055017,2.739221097792668,0.19027885611771841,17442.968828912588,1091539.5,0.0013356415221185236,77,6
77,31,704.4670558067711,444.9483860066061,543610.9702991204,3.1212516460558306,0.19112026325485512,13886.635378357594,1347588.0,0.0010818295831396918,77,31
77,43,131.2443626423224,839.5611172588426,380358.32999745314,3.16667447781449,0.1667170628151949,9483.55586814665,1098573.0,0.001327088837734405,77,43
77,57,42.928457202030714,688.3624402406475,211517.16570205652,2.909428091129589,0.10399092797624492,6773.968477247607,542262.5,0.0026890020460167826,77,57
77,91,500.6513466814509,881.9265206051306,132685.1075480875,3.5568139303364044,0.20525423064164444,3132.960420727018,559442.5,0.0026063989675636536,77,91
77,99,190.8191636483066,843.7362487279968,387470.9968985631,3.2521173844923683,0.2532766517727581,9822.254292009029,990311.0,0.0014721937287575056,77,99
78,6,587.0736000739835,750.5858328179813,516796.3099891109,2.7322001989717046,0.21990825606958872,17797.61994490984,1064836.5,0.0003000127668283512,78,6
78,31,705.1144052720094,445.41320985902877,545488.7346666525,3.201115638729754,0.17829062045222877,13888.79687289693,1339372.0,0.00023851239320151664,78,31
78,43,124.2208130622261,838.444708875604,381401.33209045103,3.1190228489849487,0.14532072609727295,9564.14155918052,1146974.5,0.00027852567441092593,78,43
78,57,42.841844280762295,688.3968184464024,224965.24276159398,2.9826361325923534,0.21890090741774396,6819.6487639374145,528458.5,0.0006045939183065719,78,57
78,91,496.8748027101798,880.6159764780365,153192.59784356973,3.8610502472699757,0.08741572361016388,2910.8256919245064,658927.5,0.0004848602593104394,78,91
78,99,191.05870319891528,844.0457757294522,364851.20887065167,3.3204026988479165,0.2510611485889249,8981.97642079562,908856.0,0.0003515089427730742,78,99
79,6,587.0474498787062,750.4265478982045,503876.19295772235,2.767828888795503,0.22439343535721337,17337.6754566098,1078526.5,0.0022710671127359927,79,6
79,31,705.5163580059833,445.00212877500485,517296.22059480974,3.2325039109024067,0.2460727450263644,13503.381846013403,1353406.0,0.001809799652407087,79,31
79,43,119.97611698390354,837.1526406973986,381095.4432097116,3.0829874956789376,0.1684867831379916,10335.921906825073,1194220.5,0.0020510451550807703,79,43
79,57,42.71688253572242,688.5086017340014,242977.51901931522,3.0147151969458736,0.24596371548706567,7168.461967636745,570577.5,0.004292949204339044,79,57
79,91,494.6463279947039,881.825575842359,154705.41176667207,3.6885043927278187,0.07320576236141002,2834.0431034842945,714478.0,0.003428288992711905,79,91
79,99,191.22378560028784,844.261471954388,377511.2122258932,3.2956209194057524,0.26287942239718515,9585.734026490996,969210.0,0.0025272262214725057,79,99
80,6,587.230947241148,750.8194725800786,538033.588272608,2.849800736957965,0.2365572592735923,17396.922461494338,1142198.5,0.0,80,6
80,31,705.6571865692972,445.1504965418001,508800.4034971289,3.317801440901644,0.2463319654261308,11597.948307662893,1371187.0,0.0,80,31
80,43,115.34659006304153,836.8093899160791,408311.3308314196,3.0471968364894453,0.13185337415285653,11518.510305555612,1193841.5,0.0,80,43
80,57,42.64467829889245,688.5983663665777,244907.36049674448,2.8949607810987534,0.2060527618207749,8340.990221264408,627859.5,0.0,80,57
80,91,492.9704314300831,881.7951144618279,130834.3894706903,3.805294620971982,0.031670235197165934,2939.206077969363,592537.0,0.0,80,91
80,99,191.32956992364785,844.7126753466018,397587.20054693683,3.350101016861555,0.21836515704774698,9850.31226130273,1110880.0,0.0,80,99
81,6,587.8966114490892,750.571721225777,553872.6164168225,2.7974175099134992,0.21896434137189363,17308.519263025704,1262995.5,0.002579058706184406,81,6
81,31,706.0291910249215,444.18309811081826,492101.8458359327,3.233541741037119,0.2326341121027763,12306.515989765983,1313760.5,0.0024793777297320383,81,31
81,43,113.16345641922986,834.7538553473211,400319.0556154844,3.0845869602896676,0.12251597723277327,10718.578442699405,1265910.5,0.00257311847238159,81,43
81,57,42.85435254950422,688.0430814266259,231997.6756264271,2.9993154592038667,0.1705842969567891,6748.734575032959,689803.5,0.004723093786270962,81,57
81,91,490.64449399458994,881.4469744860477,137515.3915759657,3.837715472281573,0.10575265960882337,2540.700075306526,682959.0,0.004770449409982266,81,91
81,99,191.7246895932547,844.6679963018104,376499.99240948574,3.2202962421130645,0.198624974162967,9765.815914459457,1075312.0,0.0030293344040578643,81,99
82,6,587.7022138149218,750.6376430533996,560209.5609456581,2.7577795221957353,0.19763729164183988,17724.676014800327,1256748.5,0.002556643467259784,82,6
82,31,706.018100685152,444.4302115661866,492761.6787654445,3.2599948541598183,0.19849449709950412,11607.309956594903,1323258.5,0.0024280960247047563,82,31
82,43,108.47130156073894,835.0143125570467,400216.91019259323,3.103574898515528,0.1952781660920577,11372.026646663926,1292947.5,0.0024850389520342455,82,43
82,57,42.620649668743994,688.058458360346,219911.46701548723,3.013048181459198,0.19876944491227713,6274.221598159407,621654.5,0.005170493191068903,82,57
82,91,487.88735186273294,881.7377404908102,137091.74191978306,3.65158816268207,0.09937035442355195,3058.6830291027113,717388.0,0.004480062006224388,82,91
82,99,192.4265042512192,845.0494784569992,397707.22155332944,3.188670537834889,0.22738199188169667,10979.887796778963,1069290.0,0.00300504459228789,82,99
83,6,587.8332827447672,750.6313610463916,525498.1221668306,2.676373604453906,0.20377698466474836,17620.414264795472,1189847.5,0.0004424879380789106,83,6
83,31,706.7801528252787,444.6443639653513,505664.91169203754,3.325482380529038,0.26608820464654076,11473.758125913331,1376665.0,0.0003824347847427809,83,31
83,43,105.80853014320124,834.448858782917,406744.7255636276,3.015441487827643,0.15519883993127273,10900.070219617664,1329183.5,0.000396097706530821,83,43
83,57,42.969619196939696,688.4557381651767,218165.3152227235,2.8980938837930594,0.22739357385913006,6884.254875547999,634404.5,0.0008299886839571066,83,57
83,99,192.44155379200018,844.8344351095595,417562.84036806016,3.1899621761057415,0.18414442331449912,10490.29314369219,1175136.0,0.000448028108076227,83,99
84,6,587.7596033203728,750.6109555305019,516082.3960351849,2.7213256043409513,0.21871012396392095,16911.448850949146,1272288.5,0.0031990585813462223,84,6
84,31,707.3032857912807,445.22849782475504,471254.9191766881,3.330805474639747,0.26933082554177545,11166.411203019054,1300398.5,0.003129874502184655,84,31
84,43,102.78737659272066,833.4894189166438,408302.25311908795,3.088020400845251,0.18598109865995185,11085.49517980877,1283940.5,0.0031700130105332125,84,43
84,57,43.353611858778926,687.8820765790005,222276.31575864737,2.8643649945472425,0.1605491983483114,7687.0222049768845,719421.5,0.005659541076868256,84,57
84,91,481.90940032661643,883.4249079225791,109803.04349635402,3.631516834232992,0.3428892977513766,2670.2287659393387,630502.0,0.006458461462604581,84,91
84,99,192.49127934845578,844.8896675911811,386778.5909451527,3.164261730839475,0.20378393859817917,9952.670854864808,1161932.0,0.003503051015903422,84,99
84,130,149.72730985189753,972.1337881235594,102844.26550026968,2.980133538741726,0.1024514281813524,3560.3050212524518,483264.0,0.008428622863340543,84,130
85,6,587.9481902190104,750.5333866140387,550962.1346126536,2.850665978726669,0.2642943231967726,16387.67789040077,1348248.5,0.0016806215036214627,85,6
85,31,706.7315163220932,445.27703510147234,507765.8964810331,3.277242404151851,0.21838186144893215,12269.748574351346,1357032.0,0.001669741905205311,85,31
85,43,100.93033953740917,832.170292839781,410532.34099798853,3.1203429987562923,0.18151845286540244,11261.276088788223,1379565.5,0.0016424646894702356,85,43
85,57,42.62950775433023,687.8002658358853,207241.09578322206,2.773264784853761,0.12257629891562177,7143.346772738798,712205.5,0.0031819500865249675,85,57
85,91,477.20134090488705,881.2779166527458,104040.74476059567,3.995049440533894,0.1030808466491498,2100.9843449231757,686777.5,0.0032997971613194016,85,91
85,99,192.50922101262216,845.0414677537404,419188.396499072,3.173005375266093,0.1668245577597322,11933.591079163638,1190549.0,0.0019032739856242457,85,99
86,6,588.205626061378,750.5012252467633,546859.7036082845,2.7825904418473533,0.21032320671102206,17218.713041253886,1282618.5,0.0021642428261299256,86,6
86,31,706.648324239371,445.0316341963862,509359.3333790152,3.247772367867875,0.24934590818349145,13162.381603650807,1361436.0,0.0020389273921359355,86,31
86,43,99.42916680522393,831.2183151650195,403563.586904388,3.0369687991778065,0.1747535139262273,11920.647490098845,1368819.0,0.002027928185518338,86,43
86,57,43.70420565061007,688.1795606740014,207369.5969631778,2.9498130797711273,0.13634469881175953,6043.10601928622,652771.0,0.004253217252930968,86,57
86,99,192.88448130910697,845.2514597410676,440318.9166655261,3.0997395107945724,0.13763061142536803,11837.865215862048,1198273.0,0.00231661134372501,86,99
87,6,587.9140970788886,750.2704688163365,494482.9914047374,2.7603816232926737,0.23885659621552435,16621.27702200798,1202361.0,0.0015572460613219026,87,6
87,31,706.5799687573401,445.0559857820678,489186.99627517606,3.319184941249461,0.25265646402905356,11569.712436887909,1455349.5,0.0012865321495429804,87,31
87,43,98.99160232494883,829.9030069209418,401436.4308207516,3.06948817587936,0.19270514483518847,11895.6198294763,1276339.5,0.001466981101882536,87,43
87,57,43.39535239160427,688.3028756355395,200025.66220112544,2.784522248929994,0.18308946392002945,7414.393181385913,643653.5,0.002909114722755098,87,57
87,99,193.30433376717116,845.0957622831726,428242.3138611468,3.057042671186501,0.16971289295147435,12873.342007241476,1237138.0,0.001513468197514003,87,99
88,6,587.9181391348068,750.1208797263826,513315.23200095823,2.8182001381899404,0.2326152616672107,16424.836007953865,1286597.5,0.0016288845459924237,88,6
88,31,706.7674278280338,444.78185449834564,502443.5548337888,3.2796449478275402,0.2616923092372295,12514.160767964851,1332443.0,0.0015728291555775146,88,31
88,43,97.61941322647641,828.0920648941161,425559.6796156047,3.0952234189526386,0.142613477868621,11028.104176769024,1305531.5,0.0016052566008319807,88,43
88,57,42.71428335893088,687.9385898529487,225020.25330896798,2.8007645810461868,0.11974653487176388,7743.136975178251,729216.5,0.0028743461599941298,88,57
88,99,193.1575221661703,844.7845895999545,432833.5355619843,3.0843168580197755,0.16070883985825604,12201.30674876573,1223509.0,0.001712892300408477,88,99
89,6,588.0062946230764,750.2815627625864,503749.5866232043,2.776189133907506,0.21836559055398033,16752.511505418137,1187995.5,0.001030857573727517,89,6
89,31,706.9000195152056,445.3493974102084,529817.7470498596,3.2464292076792334,0.20833652800920843,12760.090539173629,1323203.5,0.0009255081387024436,89,31
89,43,97.05699231593002,827.6806204902293,406678.9592086319,3.1458300002956845,0.17641752562772117,10646.45590998536,1330735.5,0.000920269043615538,89,43
89,57,43.10354427533551,688.0363184039205,207057.91089640642,2.831499833012149,0.1599307597665185,7280.297056092929,650401.5,0.0018831509978369254,89,57
89,99,193.59136564698235,844.7838541605089,419282.4842197175,3.1250093353109256,0.2510660258242595,11585.849078513478,1080466.5,0.0011334661707993127,89,99
90,6,588.1612811805055,750.1102018559752,531507.52864802,2.772835180525725,0.2128260813159561,17652.679341609368,1130644.5,0.00013407743209124307,90,6
90,31,707.2240612985414,445.3140541834231,514548.6227303167,3.3478932947614406,0.22601833132316357,11254.54665447584,1357034.5,0.00011170773900557382,90,31
90,43,96.51636284365566,826.566928810308,402465.67180149566,2.974577850425132,0.13776773183027655,11177.46071848628,1252477.0,0.00012103404919858544,90,43
90,57,42.871626841612624,688.4034159157927,243745.72959899047,2.9799562333086653,0.20483569805995358,7091.9061110395705,627605.5,0.00024156364219899044,90,57
90,99,193.62487276011115,844.4911450546971,399767.664041861,2.9890209178006346,0.20523583961332273,12102.491950361007,1029390.5,0.00014726721965786159,90,99
91,6,588.1938604086477,750.195875178089,513882.0181149005,2.700380597555115,0.2013569704452472,17242.806205179477,1143025.5,0.00018236607266515915,91,6
91,31,707.6032242229039,445.1387738234373,492386.50185911625,3.3955150733085144,0.2609572716113627,11057.04613157249,1291892.5,0.00016134966869494203,91,31
91,43,96.08931504757598,826.7628289523058,401687.7947798538,3.072652511307686,0.17855717940223112,11520.978137093014,1182965.5,0.00017620826350765931,91,43
91,57,43.44912683992169,688.2695805960644,220213.05862040876,2.8243275027334613,0.16263737090393193,6881.658081887774,606182.5,0.00034390533894842497,91,57
91,99,193.4015690995971,844.3449272609475,433544.45915892976,3.111677952896103,0.2369776767010598,12603.486149974238,1135803.0,0.0001835258555651004,91,99
92,6,588.005729695094,750.5025075200372,508682.3722420685,2.7141090311001914,0.2054763968898486,17330.01541934956,1143245.5,0.0023018179253517846,92,6
92,31,707.8264296702765,445.01467206292085,480056.90034403576,3.4036289113705513,0.23411442385579098,11295.456478683194,1143418.5,0.0023014695648714404,92,31
92,43,96.34341537743732,826.459741070349,413367.28743564594,3.0077882559740794,0.16738047034671383,11682.287180007961,1242191.5,0.002118422552187899,92,43
92,57,42.9481494589342,687.3642709533798,205329.7362631863,2.6395490697532535,0.14586705083033127,7581.881745965432,597249.5,0.004407189241649583,92,57
92,99,193.72700137781163,844.3120022679808,402768.12621934735,2.969268902929208,0.1937622474115137,12378.582442392542,985414.5,0.002670608759677496,92,99
92,130,132.63233330511554,977.4256854147349,102819.60041212305,2.9108913044987563,0.2818220861055252,4719.334556162156,247823.5,0.010628968875517618,92,130
93,6,587.7510690073683,750.6834567440742,469795.9529845667,2.764212260668841,0.19522138497282127,16013.133915331024,1085592.5,0.0005532903704633436,93,6
93,31,707.2028372389074,444.9175138191697,484416.6404724776,3.294328915308201,0.2598697454502542,11835.794633070756,1225818.0,0.0004899893332919247,93,31
93,43,99.11873313931474,828.5645592382843,409843.3984706462,3.1377401682633645,0.1791119734435185,10211.273801080652,1282743.0,0.0004682420903499674,93,43
93,57,42.7887624557624,687.4761344386612,216138.62878954047,2.7491132168179835,0.15735276964380876,7735.81348566716,534963.5,0.0011229533538982914,93,57
93,99,193.71065371994987,844.373200203416,389730.28340791154,3.076308837215363,0.2184330598183559,10830.138879934026,989813.5,0.0006068380026246457,93,99
94,6,587.6106864908987,750.3642982646703,484918.304153201,2.6504410316657987,0.1795176678526636,16924.90834300945,1050759.5,0.0011355850142248769,94,6
94,31,706.8615860855767,444.9097199248397,501685.7714883685,3.2325768051012655,0.23756476516144276,12516.560123434896,1279364.0,0.0009326430060433475,94,31
94,43,105.93059042547095,831.6999587013122,388013.3638264818,3.1800312741297203,0.1912433571442614,10076.224501884695,1206071.0,0.0009893283073968905,94,43
94,57,42.88427628245667,687.605553323107,207664.6893435299,3.0040407460018117,0.21873749453055058,6769.963337203781,536318.5,0.0022252162148987055,94,57
94,99,192.68420767488922,844.4402061964898,392500.4325499773,3.218509694412692,0.26954934250972074,11335.752564620283,1011699.0,0.0011794364779761075,94,99
95,6,587.402892569443,749.835514186046,444444.9118601272,2.7066541205496994,0.17914797705208355,15803.523753302823,1025161.0,0.001606842341875594,95,6
95,31,706.9356225869773,444.72405244991944,498394.8722593333,3.3724817626805073,0.23970778686789543,11443.93099377101,1257485.0,0.0013099214208127216,95,31
95,43,110.52891613074098,834.5270550302199,407933.32249904826,3.1049701600267414,0.18821285721070316,10976.831769535458,1186263.5,0.00138858180086919,95,43
95,57,42.764045146823015,687.7158006663204,218057.48784729658,2.868534438535204,0.2009923682782417,7395.737717062897,570263.5,0.002889112216923936,95,57
95,99,193.26409231082835,844.3897756782732,403962.97909304604,3.0819412582729377,0.2446350661898509,12144.579830124336,995361.5,0.0016549592554165138,95,99
96,6,587.15383446707,750.0550167230274,435192.7219657676,2.6617368171081424,0.16765573039216183,15847.128692653645,999651.5,0.00023392129151238915,96,6
96,31,707.3493228104863,444.98687242281784,486917.10648036806,3.3666815789129076,0.2841763472884173,10940.149757364952,1133964.5,0.00020621130029483968,96,31
96,43,116.10224421299264,838.4850595115942,383227.01061828405,3.170696538731211,0.20688243992978606,9974.84242583275,1157180.0,0.0002020738130900975,96,43
96,57,42.4024348694353,687.8126638739619,218400.78375916064,2.727325743108795,0.1524711004809078,8285.554595651398,585531.5,0.000399398712516343,96,57
96,99,193.3457369130978,844.3654415027413,414277.7297825699,3.017939887580358,0.17618536878955074,12066.34164415252,973777.5,0.0002401375567862186,96,99
97,6,587.0753007900711,750.2814375861102,460105.2387501323,2.672896870888107,0.20669917662490797,16508.496978330928,952171.5,0.001691999585638096,97,6
97,31,706.8212081529589,444.3297309908527,520057.1488293341,3.2303006116013835,0.22794283470741342,12401.119739703137,1216123.0,0.0013247139734615424,97,31
97,43,121.28380491171255,840.6697267353686,401338.149028227,3.1019544854172945,0.17776709076985076,10742.371239488068,1196098.5,0.0013468946525597891,97,43
97,57,42.3936104720285,688.0090093051073,237122.04750693514,2.8397107884006125,0.1642882471711628,7819.814358156756,535268.5,0.0030102355972990076,97,57
97,99,192.66415577441342,844.3205241826671,423059.8555786624,3.073927313098602,0.23651438669707,12559.095787342667,990624.0,0.0016263115912073893,97,99
98,6,586.958866501282,750.4388603124208,433041.9335223076,2.648589024036844,0.16461114770428348,15868.154398032524,941848.5,0.00396280389200892,98,6
98,31,706.8982650516917,444.19614412138094,500878.29357389663,3.240089252182713,0.2067825597902806,12694.52351842602,1242312.0,0.0030045180086103085,98,31
98,43,125.08396501221,843.3443446243596,384882.0849242789,2.987053767210174,0.14627313499446537,11028.367306632605,1121421.5,0.0033283518175105217,98,43
98,57,42.21229501482982,688.0127797931787,221440.09462454388,2.887723431029503,0.22464594884727027,7299.351023094961,522467.5,0.007142525625942951,98,57
98,99,192.9271316292166,844.2011007452736,403289.1440259966,2.996489519305465,0.21264926476551133,12297.819658475206,945703.5,0.003946653541842125,98,99
98,130,149.55078162677614,971.9907626768442,104253.77439507368,3.360845367307579,0.32859637246575907,2935.608563636017,356108.0,0.010477393646213575,98,130
99,6,586.6917383089054,749.8446503122993,413754.88959965185,2.7259663822773357,0.20415924317688516,15471.257618154563,913461.5,0.0020608093722554208,99,6
99,31,706.4274740826438,444.2191901167761,501236.34628869337,3.2616208628343877,0.23655658720395226,12393.20636428088,1173198.0,0.001604506210166045,99,31
99,43,129.2045233889612,846.0283719892243,397878.62523756654,3.1510881735559906,0.14637069405925046,10449.173993413291,1085697.0,0.0017338376521514065,99,43
99,57,42.60785954408611,688.3632549308808,215058.58102722705,2.781767379774755,0.14723525199483692,7857.1308322565055,557952.5,0.0033742326804700514,99,57
99,99,192.28267235922493,843.8320075886779,401766.6899793017,3.1823923340377025,0.2072434463993409,11421.190178847086,956684.0,0.0019676888506915207,99,99
100,6,586.600610743417,749.4334023196136,410060.2801778614,2.765570382261584,0.18778186417901407,14490.611228464059,901745.0,0.0,100,6
100,31,706.6154350769284,444.56978354432033,504929.7514802366,3.2848248842783367,0.19134389482725564,12969.49734260319,1065943.5,0.0,100,31
100,43,133.17635541469164,848.6213163477616,395889.9034516838,3.1201747377891698,0.1688044622554702,10167.445447596328,1086701.0,0.0,100,43
100,57,41.9507851672507,687.4963071880156,228006.96562798697,2.989682633188849,0.18572768335367623,7285.334927017841,494929.5,0.0,100,57
100,99,192.09260052809466,843.6914937615835,395729.78620054055,3.066826015381089,0.19308309984845146,11928.73521017207,858619.0,0.0,100,99
100,130,148.79536596651187,971.0938467013931,111521.66542127312,2.9543062368330517,0.25477327740651656,3682.6967762947334,230212.0,0.0,100,130
101,6,586.3067716932596,749.1706576142147,412893.29944617057,2.654360623029967,0.19296963930435762,14609.333681100003,765654.5,0.0,101,6
101,31,706.408297510029,444.7047283149486,495440.0263656099,3.286315732319574,0.21698919260875932,11815.198824059018,1125626.5,0.0,101,31
101,43,137.74735612811122,851.0869429192692,381838.4863207722,3.121184687459265,0.17325245307601259,10298.382758808199,1058858.0,0.0,101,43
101,57,41.76588227117684,687.2844410741156,210518.10337191643,2.866515857080278,0.17776138653161455,7424.4154772803295,377042.5,0.0,101,57
101,99,192.30337517117403,843.2462684782221,365632.5041499345,3.021502272468573,0.2314096612708602,10617.71245675574,748371.5,0.0,101,99
102,6,586.4034607410252,749.4191535218544,425306.0645313347,2.6676509514560993,0.17919083719489598,15331.354212653641,753558.5,0.0,102,6
102,31,706.1003985706543,444.60424513538936,525476.2078585691,3.303448803672956,0.2263428802820595,12074.434405820484,1124881.0,0.0,102,31
102,43,141.5814843452664,854.3956864891425,405287.92327957967,3.1149731338265174,0.12807202082519437,10803.44131047096,1054937.5,0.0,102,43
102,57,41.69954941279862,687.8313228027943,224727.4666714878,2.8279271818125906,0.15503698378869005,7546.521503637802,414996.5,0.0,102,57
102,99,191.98752063442026,843.6262959346348,412119.51116708334,3.061374256140593,0.19584732259460064,12312.74561119852,842883.0,0.0,102,99
102,130,148.92598066114297,971.434167874519,101441.13642258394,3.2733708818747385,0.3123076221056298,2859.7344645364306,242239.0,0.0,102,130
103,6,586.6488288880755,749.5012645318014,453817.79611885006,2.6783741048075913,0.17835182668422306,16845.791810350962,865780.5,0.0,103,6
103,31,706.3998762510814,445.00372482185674,491427.0057419592,3.375,0.2785429544534771,11439.467927029025,1036820.5,0.0,103,31
103,43,144.7856491072705,855.9009638732153,406571.22652981925,3.054808643583286,0.21829599857699294,11126.05784683645,989060.0,0.0,103,43
103,57,41.19596926268569,687.2597845345497,228397.5959403398,2.6421182831770524,0.15972626779224075,8462.072165199554,428657.5,0.0,103,57
103,99,192.145810451254,843.3360242621552,393721.4132419236,3.044250759475501,0.20731624642789653,12379.698167606753,777161.5,0.0,103,99
104,6,586.4829630281845,749.4598671971562,441968.1761323329,2.663839916106799,0.17876729052237925,15681.94717467501,738693.0,0.0,104,6
104,31,706.7907921706128,445.03992819470375,448782.8442763016,3.336807556462023,0.2707944094857412,10837.785481974353,920093.5,0.0,104,31
104,43,148.70221518534,858.6943897581423,393772.87251173484,2.9792862885246234,0.15524487266791132,11248.307659321867,982382.0,0.0,104,43
104,57,41.76165325791812,687.1598353820406,209694.72818910982,2.907339563233648,0.1821695044686498,6814.668143968722,304434.5,0.0,104,57
104,99,192.91333573726638,843.1115346842587,367663.66203243297,2.9336491702691094,0.1555148161058789,11740.934272138882,644255.5,0.0,104,99
105,6,586.4194261490958,748.8882146851281,423511.15192579903,2.5827260820398004,0.18443204520834264,15802.05326050954,651672.5,0.004771255958055988,105,6
105,31,707.1010478202825,444.93061389256184,461968.18970775336,3.408131125139276,0.3251030311043082,10239.085531044446,915192.5,0.0033974581211919735,105,31
105,43,151.3750338525736,860.056880468493,414965.1435298092,3.077459937322459,0.17104888586498765,11045.3127382133,995972.0,0.0031219096405767054,105,43
105,57,41.47485642297974,686.9984979011933,229129.7722773883,2.7043504971695453,0.16144842280837401,8465.385675272968,335721.5,0.009261224145498858,105,57
105,99,192.66640201935888,843.1594439905124,396421.9177649255,2.9636809063980114,0.15777057460713503,12496.521711117237,708425.5,0.004389036210168612,105,99
106,6,585.8929705535849,747.4840358663904,411245.7515737176,2.762268806004166,0.1493105549684392,14784.91955638219,655150.5,0.0,106,6
106,31,708.2379127623805,446.0801621537421,507267.3758665259,3.359027640223746,0.246957735520282,11490.453785666594,899741.5,0.0,106,31
106,43,150.54177121746778,860.2670886545474,386175.6705868087,2.9304605158216765,0.1315538716781285,11651.159433018574,921890.5,0.0,106,43
106,57,42.72794002161412,687.2607187759866,190918.30905415263,2.793315132169915,0.15239590025144714,6749.637188783174,250738.5,0.0,106,57
106,99,192.55029266062976,843.230257998356,365524.9949020792,3.1903073695699575,0.25638764042015494,10285.161430526741,641798.0,0.0,106,99
107,6,585.8413999273228,747.4792115011072,407494.6120967869,2.7594797847004684,0.17491296519920094,14135.95650490792,612396.0,0.0,107,6
107,31,709.1153313076505,446.05341839748183,476831.87361248053,3.324953583121209,0.27063867226543203,11766.80178341497,909863.5,0.0,107,31
107,43,145.29901229084956,858.4943000783762,402203.4998854527,2.9964308895401377,0.1559118657065678,11450.914487215912,952279.0,0.0,107,43
107,57,42.99777640267676,687.0864230130113,199482.82754970615,2.7939250918455243,0.1425740136524753,7107.464164478842,261490.5,0.0,107,57
107,99,192.5668322203916,842.9388651834503,354741.43363154394,3.1223564063139664,0.2623526232561548,10424.280774568968,651488.5,0.0,107,99
108,6,585.9220631321804,747.2707366991212,395038.2834355715,2.6898902314008963,0.12682110033042196,14702.462043666785,558197.0,0.0,108,6
108,31,710.153914904085,446.29643594193107,445090.9274421529,3.3204866765209387,0.2698745335405955,10524.713266231414,754018.0,0.0,108,31
108,43,138.74033861093903,856.1998624994246,385718.6900089849,3.1557500838881407,0.1577408310758842,9881.98268508751,860947.0,0.0,108,43
108,57,43.84539648857943,687.4669587087677,205432.76199812003,2.89788400679801,0.17055969808449312,6587.988456725007,277670.5,0.0,108,57
108,99,193.01202034110844,843.2316173430416,382103.33049005043,3.133623509519175,0.2592931321906785,11649.491783233245,696095.0,0.0,108,99
109,6,586.101883900178,747.4005511963717,420390.83560194395,2.7289624733412006,0.136525409929883,14462.614753990341,588348.0,0.0,109,6
109,31,709.9458999659132,446.25865768936154,447122.29770342045,3.374687445565999,0.2756809560276139,10562.583809094069,750301.0,0.0,109,31
109,43,133.526559108239,854.2419108915258,401540.6860349453,2.9995952782443642,0.08783597080923038,11781.343479374154,902799.0,0.0,109,43
109,57,44.33043324461453,688.1609493939754,207270.39459229977,2.9237668147954445,0.21625954749968274,6825.054153568475,256408.0,0.0,109,57
109,99,193.62131918765002,843.3887651741909,399428.16927312646,3.0170723878170222,0.2546617405523972,12187.596702800849,638488.5,0.0,109,99
110,6,586.2114516940878,747.2869432573749,419881.3295691301,2.657565924225401,0.15231309611477348,15218.370919413237,508871.0,0.0,110,6
110,31,708.455153232567,445.7957203545473,459060.5398084706,3.409147816969433,0.30702133590354735,10604.29037469752,819858.5,0.0,110,31
110,43,130.1374223362289,851.8420584337496,391387.35848597344,2.9901250782289996,0.14666799970518962,11009.034282128725,885225.0,0.0,110,43
110,57,44.17773173037607,688.2105143923152,212328.65383840917,2.8732268811628288,0.17513466596944918,6394.95373741301,228352.0,0.0,110,57
110,99,193.22288387385507,843.2478717432067,416238.6344022493,3.0266545696679352,0.2273156127481575,12708.958693339779,658480.0,0.0,110,99
111,6,585.9451481261146,746.7633649247958,436931.4202920999,2.7284022385014595,0.14167257093621521,14143.816437632808,532321.0,0.0,111,6
111,31,708.9580964932829,446.634002450771,472210.59879278624,3.447407052353317,0.30304274109250773,10607.862328224606,781136.5,0.0,111,31
111,43,124.12627343616441,848.7942408429583,385338.63533209835,3.0190911490059813,0.1470811863689382,11009.675295202811,811165.5,0.0,111,43
111,57,44.133287923078264,688.1396414315827,215452.1128937134,2.9532601675617705,0.20638884535416543,6750.45784523384,154195.5,0.0,111,57
111,99,193.74377904838136,843.6023265200996,439020.8477203865,2.9891193251702366,0.2087484838956383,14304.54162442409,711593.5,0.0,111,99
112,6,585.7403991523154,747.0095982408826,374973.51459347294,2.683798579110162,0.11429166070950446,13526.25911767277,442700.0,0.0,112,6
112,31,709.129910698412,446.91678923758343,470137.5506343778,3.4444371222111445,0.2977340104866319,10644.925814499871,736083.5,0.0,112,31
112,43,118.25487369331,845.9694712723502,372812.51461609325,3.2337382573760807,0.19228346765193408,9284.29619911267,748194.0,0.0,112,43
112,57,44.17504874320829,688.6054715955606,224984.10875608376,2.7499878722930404,0.13644455912249578,7683.555475127727,246713.0,0.0,112,57
112,99,194.02263696014737,844.0187305744867,469017.03212758835,3.0837291816125827,0.2578542432006532,14246.592443465994,695918.5,0.0,112,99
113,6,585.5567866959068,746.481255813518,393217.1478541984,2.646067448156299,0.07777277935103101,13238.804016002916,391185.0,0.0,113,6
113,31,709.5954871875574,447.23823554617064,478981.57387091295,3.26878854329437,0.19930223126045857,11758.689281294515,765530.5,0.0,113,31
113,43,111.73595223613783,842.0288132423531,363697.0817564031,3.106373950889904,0.18724453085532702,9867.43156472267,765038.5,0.0,113,43
113,57,44.41874008353293,688.3069190549452,198910.9746255345,2.8995872894165204,0.1486055154573503,6496.059113442425,135089.5,0.0,113,57
113,99,193.71084081121435,843.7971247796095,427917.6155234731,3.0299554921478,0.2072882055885552,13074.346823257538,565353.0,0.0,113,99
113,130,157.2681115715981,976.8674539914794,315264.4384928893,3.3159562705988352,0.32207774465824,8962.917004623092,786804.5,0.0,113,130
114,6,585.2080336949573,746.3046293336911,422384.0112795914,2.6633826810911105,0.09141837319656039,14224.119101310442,394838.0,0.0,114,6
114,31,710.2755707352054,446.77932973636536,463449.12348732946,3.212787653800033,0.23737870255326332,11973.975966639862,695557.0,0.0,114,31
114,43,105.7424022545796,836.6521635485497,366371.51967725594,3.1446448768697497,0.20565209782951824,9804.195086778947,716052.0,0.0,114,43
114,57,44.015731909984275,688.4929336093242,198896.5806539172,2.986095724649107,0.10447838267388954,6589.704894392407,130758.5,0.0,114,57
114,99,194.17377250090385,844.0187582136838,425678.8637267876,3.036186016020995,0.24589652333474582,12938.323024355825,541483.5,0.0,114,99
114,130,156.55352424006475,975.414950387273,341378.85843145056,3.2393167887694725,0.2925579738299427,9080.934793491977,849178.5,0.0,114,130
115,6,585.6641323100179,746.2990382222159,436461.6795726151,2.6746808988078863,0.10281815309992108,14331.57753820527,471767.0,0.0,115,6
115,31,709.4436427027397,446.59260239700353,450467.5394394975,3.4966929940205493,0.2939867966609404,9527.241886193277,703959.5,0.0,115,31
115,43,102.00587003297487,833.012934259272,384916.8580857745,3.0218861767375693,0.14225130842841463,11074.4008249768,693176.0,0.0,115,43
115,57,44.70222892088272,688.2968245923229,195512.03221153896,2.854225916252586,0.1897119188940487,6188.635755134094,116810.5,0.0,115,57
115,99,194.6575682375035,843.9266478213874,441266.01522462704,3.1260650519442006,0.2737061393267702,13191.565688575307,631580.5,0.0,115,99
115,130,155.49864420177855,974.2751138063549,360569.4621543917,3.1854740315660073,0.24940003539613387,10015.818393177547,882926.0,0.0,115,130
116,6,585.3629623654389,746.2681446414293,412897.6531854981,2.701531575008248,0.11497396488706321,13621.696301481597,395747.0,0.0,116,6
116,31,708.9896173422715,447.302812215301,451679.4238320692,3.4150788982829154,0.2739586975755321,9935.825537551282,661632.5,0.0,116,31
116,43,99.86815111649312,831.7306374059829,380686.34781375923,3.095613778960619,0.21276618962082824,10256.336038762614,706608.5,0.0,116,43
116,57,44.74209028083506,688.8602702357067,212177.9518019016,2.834162546748109,0.17374636838613958,6810.848150740799,135193.0,0.0,116,57
116,99,194.7168073874074,844.0423667677182,428202.02961833915,3.089483804722193,0.25415914649211313,12419.781921939104,547793.5,0.0,116,99
116,130,156.1754050435802,973.1264646610405,388458.727468134,3.4358813320679173,0.2724926773136486,8653.783532705957,886978.0,0.0,116,130
117,6,585.5983878560372,746.3399846476686,424196.5891392253,2.6992521567906667,0.12750240978095023,14232.588991559045,335828.0,0.0,117,6
117,31,710.715804031775,447.6436228673076,478182.271521001,3.3246351331219253,0.23972994941860645,11124.32243018408,652558.5,0.0,117,31
117,43,98.46727917159325,829.7281715573164,383625.5308644363,3.0678538229340817,0.16437962357881744,10060.968080240014,686423.5,0.0,117,43
117,57,44.62390969121251,688.7616452929327,199992.41427794175,2.7920424463992104,0.14021030096560713,6052.940145835456,58982.0,0.0,117,57
117,99,194.45277631915266,843.5211089876238,409473.22121692286,3.085510581628394,0.22688551377939917,11615.101360927496,479347.5,0.0,117,99
117,130,154.44476613021948,971.34466984467,394913.4462715349,3.385999978957166,0.23064945991124916,9324.799684124891,956580.5,0.0,117,130
118,6,585.9875621787435,746.1799424009448,441680.3335536935,2.6162938748987696,0.13318203141475116,15169.468115872809,277312.0,0.01632317104758565,118,6
118,31,710.7461487829513,446.81773177686705,443125.04480282427,3.2251445996768093,0.24088554357024095,11156.381312731855,587372.0,0.007710864028731996,118,31
118,43,97.0882973716101,827.9952210592388,374420.99873305106,3.129707600997013,0.18504991389476758,10193.240479978025,597492.0,0.007580325830084471,118,43
118,57,44.36170854410952,688.1235447436778,199129.3671718542,2.7634833062418647,0.09831658556184406,6581.462357151166,-8292.5,-0.5665527972854646,118,57
118,99,194.84165361653854,843.5987189828754,396492.9761503264,3.048859878496297,0.19120813961791447,11397.166520920311,446586.5,0.010140097730338814,118,99
118,130,156.94877718138213,976.4173028934446,348175.41104050924,3.3810212582490715,0.3151412740431013,8427.482286596005,842956.0,0.005373748320404014,118,130
119,6,585.700673639372,746.1605146948162,437365.37231383333,2.681710840808133,0.1374850510551445,14333.134860472066,338913.0,0.0,119,6
119,31,710.8051376155474,446.8859722033555,431795.92562519276,3.4774092095004674,0.3113653941560906,9091.302682927997,513791.0,0.0,119,31
119,43,93.5925055616673,825.0474027492971,386748.93034942343,3.048214842001582,0.1866032626666251,10647.471610636392,572543.0,0.0,119,43
119,57,44.99364827159713,688.148280631725,190671.64545816556,2.8634442049351394,0.19723020421841933,6634.193849704214,-9262.5,-0.0,119,57
119,99,194.53366323607338,843.5729882653341,375036.7115777234,2.9434875238791394,0.19456760205495452,12367.447793893041,391724.5,0.0,119,99
119,130,156.88411553723134,974.7141581944759,388796.5210437766,3.4355849799128317,0.27608040476746853,9582.724449572754,817281.5,0.0,119,130
120,6,585.8610536761994,746.1942130173617,430978.97042145213,2.7366352847691306,0.1611826021517642,13959.155991810869,214693.0,0.0,120,6
120,31,709.8808409153784,447.8605532131244,431138.50363278715,3.465917042222847,0.27562829970661584,9332.69286309641,480076.5,0.0,120,31
120,43,90.32094830695064,820.5192649791559,374583.98021453625,3.0796496404634754,0.1820196794595268,9970.825708436336,556284.0,0.0,120,43
120,57,45.1751679033973,688.5084363566958,184420.39230323845,2.9738624937087943,0.1515497647487365,5184.829368386894,-25192.0,-0.0,120,57
120,99,194.53461135220374,843.1479030853819,367006.15267612465,2.9260983797345643,0.20461520166776895,11326.858004783677,227081.5,0.0,120,99
120,130,155.97855902495334,974.5359726121135,373945.8473691963,3.1876401126938103,0.2545318068031517,9492.226074431392,718850.0,0.0,120,130
121,6,585.1945602038923,746.4859476150998,387792.7853876958,2.6215908313163796,0.13085861903649657,13952.248651901064,77664.0,0.0,121,6
121,31,710.1927007563868,448.9582714622778,444000.4156710687,3.4574082942986886,0.2664386994324736,9168.620542677842,542075.0,0.0,121,31
121,43,88.23603947944837,816.8952687200122,379740.3447371701,3.082768918234589,0.1474250243628174,10284.800434829927,551581.0,0.0,121,43
121,57,46.40403660430177,689.3699209473798,200832.6534522216,2.750509714933079,0.11256763798426313,6776.8064880662305,-121435.0,-0.0,121,57
121,99,194.12214147884032,843.2575596832332,385799.6070088528,2.9919986981883424,0.16627733243468015,11241.526056674571,275366.5,0.0,121,99
121,130,156.371818935731,973.9410063836219,348885.9434326803,3.210293943383541,0.20949203677968675,9168.620542677842,705158.0,0.0,121,130
122,6,585.4086596975382,746.6051720907973,368867.5931349296,2.7123091284465555,0.12126473101138621,12924.638366507637,5940.5,0.5855430525144281,122,6
122,31,710.2148177104409,449.16218963465695,433887.24626705394,3.4016035090451884,0.2923040613108698,10307.99378923922,527390.0,0.006895032304636623,122,31
122,43,85.24924568599835,812.1206539922365,363634.3039803928,3.1557201332705347,0.18671902460224404,9752.947969818646,448072.0,0.008114852333790471,122,43
122,57,46.84250261468229,689.2803383879148,214564.85533601022,2.803756323146879,0.11170772976611767,7057.011132633004,-67401.0,-0.0541987173179107,122,57
122,99,194.43691117536866,843.7248963749967,373863.00550971477,2.9850813219088908,0.1878873591830799,11180.208648328693,267265.5,0.013598990961212955,122,99
122,130,154.82776094448423,972.5449024635174,399950.15902248176,3.3204184118598072,0.2822420568462092,10466.57830907367,757832.0,0.0047991417608173334,122,130
123,6,586.0730793123086,747.4391909187698,382057.2949683301,2.681511998584488,0.15346368293343218,13255.712873528695,88448.0,0.0,123,6
123,31,710.081404359627,449.7796103004168,465657.7418026093,3.3196248562402886,0.2707828117966333,11385.274860699494,495355.0,0.0,123,31
123,43,81.89817351547856,807.8218797743875,357741.6008015505,3.156197423762917,0.2279066923287586,9189.543280421734,460338.5,0.0,123,43
123,57,47.19820603875067,689.7902988699489,212985.96328694266,2.7743850988271475,0.08479795356273469,6993.811700143974,-56329.0,-0.0,123,57
123,99,193.8923152098137,844.069131120324,369533.4926215607,3.106423660376427,0.24771656899173916,10978.657901388797,214056.0,0.0,123,99
123,130,150.24907657518597,965.568220763934,374900.8364844619,3.5367914427242595,0.37672876185851684,8457.632753662481,739883.5,0.0,123,130
124,6,586.4941464859943,747.6920972737062,411799.2163556132,2.78027438404155,0.1721013664969134,13548.041132889133,85606.0,0.016307792957021932,124,6
124,31,710.2746069149964,449.627995677285,458413.6629653843,3.339602831120439,0.23071822642848425,10792.50734314897,450404.0,0.0030984188636928897,124,31
124,43,77.51576632787605,801.7204188122308,367940.30353558226,3.0764815816781397,0.1998113191841267,9950.538685172809,480514.5,0.002904247075592198,124,43
124,57,47.176703972519206,689.7628617056166,186457.78643908433,2.711042916403442,0.09908864891975046,7041.919684891527,-142461.0,-0.009792488773315483,124,57
124,99,194.03120606593757,843.933946231381,371308.1781674869,3.167195542203887,0.28000177933679515,10103.62389571393,167837.5,0.008316017529657759,124,99
124,130,153.293322531854,971.3101799536445,366026.7384038183,3.2174438290316196,0.20458164870242954,10180.16650098449,666054.0,0.0020951783493982656,124,130
125,6,586.8765206981346,747.972141519415,391214.22428073024,2.6401959411764295,0.15698772838681,14032.51651933246,8167.0,0.7071089397122774,125,6
125,31,710.8807468872694,449.8974935534064,450428.3599227485,3.287829892536945,0.22744977127483051,10408.734780823528,462134.5,0.013198254500259318,125,31
125,43,73.9339772091667,796.1282432980571,373866.3329793577,2.9632380164565997,0.16232790331259841,11102.65043287843,400095.0,0.015242412628070249,125,43
125,57,46.629404975331525,689.9859262567976,193294.05996684876,2.7702908454112043,0.1216358016044159,7247.563477017864,-164066.0,-0.037320265299138365,125,57
125,99,193.9355557756101,844.1587730855831,328684.7138566718,3.0274760233592293,0.2360632161108981,10254.531302589105,88521.5,0.06861003479359346,125,99
125,130,148.58206538432913,961.3059723582315,330458.0538563677,3.53219972599791,0.3950877847613526,7787.275650838343,558709.0,0.010918804618270515,125,130
126,6,586.5197344199336,748.4945588364809,371164.59657164296,2.6662145802192736,0.10542786011570052,12932.294518561313,-66406.5,-0.08821019895453609,126,6
126,31,710.4259546559206,449.9192429713828,458670.54151759675,3.3273230749627856,0.19608944071531964,10531.688949247537,484264.0,0.011976610400858675,126,31
126,43,71.3802135926725,790.3097411303451,374494.4688129492,3.000275697284964,0.1351313180216167,10221.933391916727,400191.0,0.014489055310848355,126,43
126,57,46.855844852332446,689.6619034918568,177412.49546122138,2.8256479500892775,0.06683791364045819,5885.355589285388,-146357.0,-0.039832582823241876,126,57
126,99,193.74867138912003,844.0914163270983,322997.607406702,3.1635662664810242,0.2532010868394704,8828.033383928083,75541.5,0.07628499551782941,126,99
126,130,151.93672481404099,968.3957792102696,320751.87961605366,3.334520149254559,0.3202575048129053,8363.400047931867,512539.0,0.01131664633420059,126,130
127,6,586.1703487735266,748.1768987223725,381799.6196216709,2.6924070742937474,0.159922673926847,12294.084352755057,9745.0,0.0,127,6
127,31,710.4353056379446,450.1400312803617,451921.4340781257,3.3815571311752493,0.2634588842044705,10320.959703547454,408499.0,0.0,127,31
127,43,68.82283319181795,784.6637637419524,370264.42936476495,2.9680266524189354,0.16254795899472388,11307.522028151256,408167.0,0.0,127,43
127,57,47.29629712589279,689.388600986476,169005.71514558958,2.8719100065575875,0.1655490043236981,5388.148080528451,-196876.5,-0.0,127,57
127,99,193.21109822715277,844.0208654603393,317976.6261607635,2.9678467882410224,0.22925249139988188,10093.291474792732,25490.0,0.0,127,99
127,130,150.15218781437142,964.1465664793727,370795.6552318593,3.4791937562622763,0.3319952110541156,8803.1715118493,637765.0,0.0,127,130
128,6,586.7178870531604,748.2103274865771,403693.58819017233,2.6377716956108848,0.13140336034674815,14588.499592650487,-17931.0,-0.0,128,6
128,31,710.7460844359942,449.9407723849662,435772.6007353016,3.268630490645471,0.232633995343499,11137.456678260049,338346.5,0.0,128,31
128,43,66.26477077559409,779.1151907906486,356398.61370432156,3.027565551563514,0.15722960980013992,9647.233601591452,374506.5,0.0,128,43
128,57,47.26631126855183,689.5584126216346,178199.30685216078,2.7242714493195175,0.13286764675889004,6353.05627421876,-283754.5,-0.0,128,57
128,99,193.27545770513342,843.9546596274203,318672.44002655335,3.1008164669174274,0.25126771416314914,9490.368014573703,7344.0,0.0,128,99
128,130,145.47561113714926,955.566383855036,334594.2971088547,3.141266851263765,0.2345907497769441,9333.502427555957,482705.5,0.0,128,130
129,6,587.325499498648,748.9100964944688,393273.9544903973,2.6358601055486877,0.14607211440639478,14360.328779295058,-79164.0,-0.0,129,6
129,31,710.1178873025954,449.7418909559013,449791.09003267245,3.3984860750544765,0.22353425487412004,10023.793850894075,403790.5,0.0,129,31
129,43,64.54697479645158,774.0109788574395,369316.3762793952,2.814680338696947,0.14384289527104469,11872.15300070433,362292.0,0.0,129,43
129,57,47.46512934847301,690.0286464607084,167560.86600395272,2.8689374107463212,0.10496193988313689,5189.6237667749465,-282615.0,-0.0,129,57
129,99,193.4261590899921,844.193181737878,299149.81932313665,3.010595989655164,0.2240723287897143,8886.342066395457,31350.0,0.0,129,99
129,130,145.10200786093077,955.0027339740211,325737.75478579185,3.344572206948174,0.3592641133571667,8530.888383739639,460382.0,0.0,129,130
130,6,586.9152560411399,748.7492129464548,385524.4808835718,2.5714667274336396,0.07754069496189432,14146.99331342777,-15257.0,-0.16032778291153132,130,6
130,31,710.829033676025,449.7036800283296,444382.0252570841,3.302891295379082,0.20622051720871593,11120.898487026108,324539.5,0.007527693970100285,130,31
130,43,62.0732641208714,768.884972959705,329844.33607778116,3.0295562396453892,0.2001087743494979,9607.851073825277,337312.0,0.007242669335676736,130,43
130,57,46.339060790439916,689.5464151793974,155465.6217063854,2.8114295746188205,0.08990683090249092,5522.623058183033,-234729.0,-0.010409297136273438,130,57
130,99,193.19473102270695,844.1372030511756,305559.9250959078,3.1906880481099327,0.24696086597120004,8548.717884584696,44267.0,0.05516881408365399,130,99
130,130,148.9529773614109,961.3483872802584,334686.08780002384,3.2876350624419173,0.333276315070796,8926.979737884903,477836.0,0.005112796960422322,130,130
131,6,587.1920212369652,748.7438059691469,387205.53525330895,2.5686155761148415,0.12762550576452483,14664.02784509521,-35270.0,-0.12760396724067444,131,6
131,31,710.955759347387,449.8531877292881,461352.87604953395,3.389782817063988,0.2559575352156932,10828.820562531848,312668.5,0.01429450721456543,131,31
131,43,60.554338423072586,764.764168551935,316893.40173964726,3.1366595492130913,0.16725415733518756,8347.215850284965,343234.0,0.013022373628357831,131,43
131,57,46.11225189334254,689.7786402923738,168297.9195760158,2.8642975017848635,0.11497130980676523,5264.009995675204,-264529.0,-0.016921754424311364,131,57
131,99,193.29914754323818,844.3532348698618,312155.7927435396,3.2528918994438776,0.2846398662248154,8648.016421466406,-4699.0,-0.998460042156966,131,99
131,130,143.40501182243614,953.3916271281178,348627.8619992892,3.4259704481574227,0.34191548191892346,8422.415993080325,475360.0,0.009404484170378539,131,130
132,6,587.5216709616917,749.2720571503291,405364.27917013265,2.536666356622265,0.11806041554774292,15720.075585287523,-97613.0,-0.0,132,6
132,31,710.9682226967122,450.26794988934887,455195.39255456347,3.2692014502597653,0.23157554084618362,11141.412793456206,373104.5,0.0,132,31
132,43,59.70264119039166,760.8593825948972,323864.0814755352,3.2113356598268266,0.15061992584833264,7783.72674611324,276861.5,0.0,132,43
132,57,46.05569210663369,689.8096520722704,151706.36050267765,2.7282153422562403,0.07742995467084637,5647.017443258625,-333045.0,-0.0,132,57
132,99,193.42599720962426,844.5151653273679,312951.60182167054,3.258287129129321,0.28196125535855543,8165.281978765849,9948.0,0.0,132,99
132,130,143.27832941934372,951.6664399913028,338286.8692698038,3.4140538354348577,0.33546944256852135,8241.593025296372,470939.0,0.0,132,130
133,6,587.4448647410857,749.7026018515119,348783.18797527556,2.485466896159755,0.10387812239809777,13432.25071184155,-145011.0,-0.058120203444922275,133,6
133,31,710.5275285746353,449.8401243643769,476882.8444814255,3.226269678861081,0.2071901900430316,12066.259114027156,431786.5,0.019300198122620325,133,31
133,43,58.762710939890454,755.3170592111952,290197.32611345814,3.081146270967387,0.08126578204452718,7664.730632180772,206871.5,0.040160686593111436,133,43
133,57,45.64097345267187,689.5535729410876,158682.69061277222,2.8628793951846014,0.2107207562700968,5008.635858652782,-288144.5,-0.02912662773157717,133,57
133,99,193.99637618535047,844.974504887592,323436.4549936084,3.1907891840548133,0.26558191270934545,8878.945385793568,35163.5,0.22969128372242306,133,99
133,130,142.26390848975194,950.8731094434531,330569.9666710836,3.2715345750374927,0.2958794251700015,8651.280119491168,431042.0,0.01933343948002088,133,130
134,6,586.674801717386,749.3556900695881,324505.93070310476,2.632217967526897,0.14520064925067805,11628.000839147797,-151440.0,-0.058015449173341165,134,6
134,31,710.4833531725612,450.3888546816724,471511.5836960395,3.2571483215587564,0.20742246385841817,11242.967698778666,430572.0,0.02022560153535694,134,31
134,43,57.320317390659056,749.0395320089832,262823.62161596975,3.216160118344054,0.12180481260869655,6160.530245906118,200858.0,0.04324369347408657,134,43
134,57,45.45077421308745,689.3891677561485,133529.49308001512,2.9870925713791436,0.08808887647800144,3542.304891396018,-263601.5,-0.03323723559036985,134,57
134,99,193.92738969952453,844.9912936794327,331744.55374204443,3.136258734328797,0.280777182161691,9779.841765375962,17138.5,0.481542489343756,134,99
134,130,146.06549048226432,956.4890479201052,343757.5877215614,3.329769600347425,0.29936764230306445,8701.748972342391,454708.0,0.019154349218524366,134,130
135,6,587.0340296906796,749.3172174102583,340700.1319019581,2.6167988304801595,0.14683898320721714,12443.226865341512,-132894.0,-0.06279821965931802,135,6
135,31,710.8789286538823,450.530230546104,478339.0155719627,3.1773064210430513,0.1992101983436682,12824.920940965485,393838.5,0.021014304030552235,135,31
135,43,55.260398440435054,742.4294465576495,269323.3397602752,3.2588184912915406,0.08339607899423107,6488.799285607537,213542.5,0.0386884841333509,135,43
135,57,44.99919500515186,689.7246736307031,161761.94924943967,2.7313225183757597,0.13822350020608545,6183.444025108359,-282136.5,-0.0294820889018804,135,57
135,99,193.57662690654502,844.6712870537216,338257.28981796466,3.0261778203546186,0.21477202959443337,10458.417672096853,13337.0,0.58556526145846,135,99
135,130,140.50839789308966,948.7110588807398,332073.8457928563,3.404999704626382,0.31696394688437224,8091.914403228223,436206.0,0.01897710157491454,135,130
136,6,587.0779317361051,749.933783362622,304871.8627502886,2.6572358298877234,0.12880106718801637,10850.076318431324,-181729.0,-0.04028815770819766,136,6
136,31,710.8221293570795,450.6478968042,506897.22743995354,3.1387855415609343,0.15790629942548037,13371.572927644236,502256.5,0.01446550699803015,136,31
136,43,53.29788161079183,736.8370916332987,254059.8856252405,3.104302132416126,0.05434100219688096,6647.581969743134,141277.0,0.05116032031237466,136,43
136,57,44.64528636428631,689.6706002370228,159389.1492975193,2.7895160526954217,0.1613932931229382,5272.220182899728,-318847.5,-0.022906585698137874,136,57
136,99,194.11834243122217,844.5366391709892,327183.287292415,3.005871570006941,0.1805644082652608,9856.759472377751,13079.5,0.5161571025192049,136,99
136,130,144.33892365532049,955.1944479904241,346209.1253437488,3.4187611220731933,0.30986409021231115,8099.352744744509,497992.5,0.01458911168342264,136,130
137,6,587.6141623758797,750.5095036176571,357390.45524778945,2.714273364065448,0.2368037202276297,12993.17029591175,-117798.0,-0.06101242055671703,137,6
137,31,710.6989744394053,450.23719255025645,499062.9747393573,3.0260786208098525,0.1542346252722085,14010.707728724115,515319.5,0.013867808497810885,137,31
137,43,51.95376103609918,731.0352901443573,246870.23562232323,3.2621656600964477,0.10093023433964991,5792.136156008853,142061.5,0.05016545637739522,137,43
137,57,44.68071609115779,689.559010567058,154196.0571261816,2.887659723756081,0.09561582407019599,5479.047715143509,-235251.5,-0.03048018613888824,137,57
137,99,194.26914598788454,844.647716775955,317784.7674783235,2.943432197868379,0.17407295199617095,10018.830107690988,30930.5,0.22728691316006097,137,99
137,130,138.52378053330744,945.9844632815513,310114.1006771226,3.2180554482868002,0.30859899704068644,8766.476344229613,348838.0,0.02047584435391281,137,130
138,6,587.5637758721864,750.9945508171514,342008.778442846,2.5995244511761713,0.2061488169948259,11935.981546933268,-77857.5,-0.0,138,6
138,31,711.0148319185886,450.0036744256084,519956.32032882504,2.9638481909545833,0.08469014865600186,14354.383036834779,466665.5,0.0,138,31
138,43,50.248587102850884,725.8975305645135,240903.99357470544,3.2575639361227373,0.06475654673552612,5616.932492674479,179903.5,0.0,138,43
138,57,44.168753429780985,689.7686040919633,184812.6815992478,2.653637086098868,0.12267999912335364,7177.1915184173895,-188805.5,-0.0,138,57
138,99,193.74090870385254,844.1864245360799,338654.2215374988,3.123393390279969,0.21043960874942252,9127.51530059603,32077.0,0.0,138,99
138,130,142.45035539511838,952.7200610502066,355973.0967232451,3.6248587751250585,0.41598633325849355,7411.2303722788265,507755.5,0.0,138,130
139,6,587.9385571680914,751.5546938560865,349176.3247449135,2.766996753581042,0.27509625168487306,13083.339966883677,-88781.5,-0.06093549093441033,139,6
139,31,710.7816379706409,449.9610043815742,505079.59740418603,2.9962491416564476,0.12868835802181122,13788.430144739685,493715.5,0.01091559258508043,139,31
139,43,48.64603733430577,719.7611972347231,230016.08468724837,3.2433121295185714,0.02315200945859084,5327.3480104676055,136029.0,0.03955720449841712,139,43
139,57,43.981259580814516,689.8001929398226,186535.5237194613,2.649558377693925,0.1412223387446938,6894.215072369842,-219048.5,-0.024649640286461043,139,57
139,99,193.93612940006477,843.9321639251926,326143.3789349506,3.0095532095742565,0.08928036986317837,9009.485605937862,-22257.5,-0.24545544287366608,139,99
139,130,142.16112029345942,952.5415166626439,333742.68418517645,3.374058728070613,0.33878780057998303,7991.022015701408,477382.5,0.011288829143695717,139,130
140,6,587.7367048698437,751.158714581487,336072.85952270107,2.7488737387208673,0.2436770200998592,12066.96674434506,-89899.5,-0.05136703003698382,140,6
140,31,710.8161625100826,450.25460757811686,532435.318362498,2.9778925438879322,0.10391577238745789,14574.388405507669,646600.5,0.0071135772394152015,140,31
140,43,47.04930987677115,715.1763547596306,203884.7238232847,3.3972792839912085,0.10399350702062768,4231.274053211904,76797.5,0.05967978555716706,140,43
140,57,43.65009454707383,689.5016960268633,186724.5568297031,2.7401063779809935,0.13960624688722156,6581.98186055185,-193578.5,-0.023810915986925914,140,57
140,99,193.65115086969786,843.9870215630741,329961.01922361716,3.1085789169531584,0.16577502901968016,8697.618887157803,78328.0,0.05851828665184047,140,99
140,130,142.02199453046222,951.7601749738633,317502.26784471545,3.3633234632811417,0.3123541185272557,7914.049618044487,494031.5,0.009309038594359024,140,130
141,6,587.7156131630364,751.4187265410394,369946.5240968538,2.78285836465984,0.24904069644274912,12764.636690957372,-4278.5,-0.0,141,6
141,31,710.680099609338,449.6921667303371,517879.54574741336,3.009521275860856,0.13368467418753466,14056.296356113773,546345.5,0.0,141,31
141,43,44.86678355574044,710.5487963064697,187442.61140828475,3.4287584155778053,0.1372071177264149,4330.858877289108,100716.5,0.0,141,43
141,57,43.52665647864379,689.0165870349362,189342.11091586767,2.57643973994102,0.1413788364916628,7673.978010635086,-115090.5,-0.0,141,57
141,99,193.88434052253143,844.1357209272758,309466.4597754129,3.0164863312135584,0.16628746810926492,9497.49753791471,85116.0,0.0,141,99
141,130,140.51196412979414,950.9422237390561,319115.9172739343,3.2972932622293176,0.2879636560665716,8129.857892454993,455921.5,0.0,141,130
142,6,587.3753375991063,751.3778971799914,315166.0617080658,2.851839745164551,0.22915384406281497,10109.517783658397,-12042.5,-0.44384192581532,142,6
142,31,711.0199394690967,449.99229248863406,507099.315396354,2.962660525999671,0.10308623796172163,14315.667518465174,514180.5,0.010246130930443131,142,31
142,43,43.7463908687788,706.1349433975005,182340.28060890437,3.583314902433785,0.10111311260812622,3542.020829310971,117256.0,0.044880584493833954,142,43
142,57,43.022195850057855,688.8688244841761,214439.84437453502,2.748897044661237,0.17356534179631258,7010.249558011296,-65843.5,-0.08024523026727667,142,57
142,99,193.73947302339138,844.3535896103676,328153.47141553933,3.1921804054515706,0.18087534943693684,8043.33896656033,100333.0,0.052437811033821134,142,99
142,130,140.4492824364259,949.642465921814,307196.5148421161,3.2683268081558063,0.2816384814664663,8117.131067170975,494467.5,0.01065447544328338,142,130
143,6,587.1531454116628,751.4883242973393,310323.69705399533,2.885223996938355,0.2290556005321885,10203.638359173543,-46554.5,-0.0,143,6
143,31,711.2192167633383,450.23622965128357,500347.97664150264,2.9811981627513195,0.15284270643672682,14048.487595963574,606210.5,0.0,143,31
143,57,42.81399708176221,688.4507682937335,192168.5224311017,2.736539691027603,0.17996481910436482,6654.546755982745,-16611.0,-0.0,143,57
143,99,194.3525964395697,844.9090233659672,329769.7614631449,3.1215294629941917,0.1803173607270263,8724.850191177376,167846.5,0.0,143,99
143,130,138.68163733375349,948.0017887559885,322006.12358116504,3.365250940431942,0.32892943198861835,7911.516698779486,592079.0,0.0,143,130
144,6,587.9238167426839,751.5389969458042,356489.29735495226,2.91607651925875,0.2529987285807391,12705.531199506951,104977.5,0.04469268016240793,144,6
144,31,711.1518213195335,450.50047233375255,526949.0540835975,2.957232909467267,0.10146176429270218,14835.36012890407,690531.5,0.006815076766799891,144,31
144,57,42.79844839309739,690.5308053259859,240817.55377562597,3.225962081460607,0.29472389438433894,7270.79531070051,263834.5,0.017821286362843473,144,57
144,99,194.32732928649116,844.8977561297044,326818.5770971441,3.07709917387183,0.19522527523352742,9620.951370724917,214854.5,0.021876847555367465,144,99
144,130,134.772527589623,940.4115053992135,348777.8477829972,3.42912475856633,0.32474123149803413,8519.315717588475,646579.0,0.00727807490470295,144,130
145,6,588.2493493526474,752.2339710311435,408762.64076132333,2.9639096727692986,0.3329883254149978,13972.303191414292,248319.0,0.0,145,6
145,31,711.2030080938661,450.116525837059,519158.39045598725,2.976216348159405,0.1362158827520582,14772.799728422402,658021.5,0.0,145,31
145,57,41.91907781932622,689.5287255821778,262126.22966392853,3.052156281679506,0.043345426759434695,8004.965370081104,375170.5,0.0,145,57
145,99,194.21682102633912,845.2247624238921,337882.3110298779,2.9318484810491627,0.17494066556080023,10843.089455837133,262753.5,0.0,145,99
145,130,138.31292411906063,946.1723546437267,338755.5799793413,3.4097226248022108,0.3451021864534711,8223.282607446952,618773.0,0.0,145,130
146,6,588.4238696385937,752.4173745103869,385218.8573156332,2.964708082279347,0.3583154417873168,13167.96789201759,155635.0,0.0,146,6
146,31,711.1710479825693,450.5653788983738,502093.87176964246,3.010772381529817,0.1297661973584268,14135.106776742046,630629.5,0.0,146,31
146,57,43.48874191437552,689.6569633769701,181598.92443172281,2.5085678664688444,0.06121422636337795,6546.786296596316,52315.5,0.0,146,57
146,99,194.03200853433464,845.322900055023,332695.77634521277,3.024164752589549,0.22288111255479529,10043.365341369348,214674.5,0.0,146,99
146,130,133.67687580631735,937.6857165184699,339614.53913593385,3.38403571197032,0.3430863216714266,8704.249962520102,663332.0,0.0,146,130
147,6,588.7696945825487,752.9740506030865,418294.8359472665,2.991476482698988,0.36632275603733533,14013.861762086979,187767.0,0.0,147,6
147,31,711.2777315744806,450.9183443852492,522906.4202361428,3.0381465792674156,0.10201982898760202,14544.115990922703,728334.5,0.0,147,31
147,43,43.596091619119974,690.6354985363664,198087.82977220244,2.729766517306148,0.13430850240566566,6893.304974864406,-1967.0,-0.0,147,43
147,57,33.245175380981195,676.4784791902624,121958.47263221642,3.673896504795734,0.03688749401174571,2727.021748298007,101858.0,0.0,147,57
147,99,194.20321325606614,845.1507249908609,315728.51796961366,3.1283715018135116,0.1735394258326344,8711.319473729744,212147.5,0.0,147,99
147,130,133.74275724192313,937.1088657306954,358906.3623176655,3.4976926604281573,0.4016426186868513,7726.561620177687,732782.0,0.0,147,130
148,6,588.7093866796542,752.1856955649209,391261.38162760844,3.0956127692883206,0.3987598442191382,12711.900579091127,205678.5,0.01918049899896524,148,6
148,31,710.9485311413981,451.24329748585853,537955.1545679177,2.9780534836473627,0.11197038929620116,14895.539942370584,854229.5,0.0046197778201789615,148,31
148,43,44.10943906817452,690.92461818612,204794.17742756623,2.707356484055864,0.11528819034098182,7408.77641112673,71074.0,0.055458986097282906,148,43
148,57,32.15011953298213,667.9801336566954,133357.97540028114,3.471353107602397,0.1072289792304893,3041.4976845678157,136168.5,0.028964993272990167,148,57
148,99,194.61233281565802,845.4494926167282,306099.4464597096,2.986892810668033,0.20331267800582156,9046.505933586322,276470.5,0.014270839555479394,148,99
148,130,136.93066454776599,943.7014088826025,340725.72779171244,3.321038590869076,0.3258809287033803,8812.544573234953,701707.5,0.005623794097973443,148,130
149,6,588.7930878385944,752.4680369158857,413288.8092210326,2.9344286395987424,0.3262079987881806,14334.952658054797,278530.5,0.0,149,6
149,31,710.6482483554297,451.1479274849783,542945.2466953789,2.900083114350893,0.093363160058524,16403.179658470664,821444.5,0.0,149,31
149,43,44.511642759618645,691.3306741150496,188208.65703784383,2.7314429517585816,0.0797506620242366,6204.681001247599,82953.5,0.0,149,43
149,57,30.348327469321227,660.3170491797031,136788.2547171597,3.5319929121075977,0.11370296285261657,3494.5904489785325,143459.0,0.0,149,57
149,99,194.65911061976522,845.6327829607875,304100.6872335605,3.0828917250477237,0.18588355454792632,9271.362415657331,268331.5,0.0,149,99
149,130,136.40597918042872,942.165146697145,346820.2725180123,3.5433625930699653,0.4101393080933072,8344.226174091598,747799.5,0.0,149,130
150,6,589.0124637242906,752.5073991770521,464443.8965961687,2.941896693707337,0.32286603069613634,16371.030638107346,347122.5,0.0,150,6
150,31,710.7508776424385,451.3206420608349,554447.1883234803,2.9166433931414777,0.06888784721831244,15548.7414279741,886253.5,0.0,150,31
150,43,43.90083122028052,690.5307970722074,202432.65282189357,2.7783718386593335,0.14779712273528195,6727.8208101811015,69078.5,0.0,150,43
150,57,28.685184734298588,654.1001460233988,137696.06591503986,3.446031880589798,0.09970932238753526,3588.171098763254,153596.0,0.0,150,57
150,99,195.08597383371594,846.1096893492241,334372.6942660007,3.094675695694898,0.21203270984864575,10241.238344386788,321807.5,0.0,150,99
150,130,135.80287583619898,941.7493012839187,354481.40313198644,3.422178143752143,0.31809719123593794,8746.167053235431,853209.0,0.0,150,130
151,6,589.1761784811322,752.243469377778,483991.0703149064,2.967994659161077,0.3280026640795957,16282.673958086776,403023.5,0.0,151,6
151,31,710.8595090318894,451.3613146949105,539991.2947688871,2.955996858912397,0.10890926454824275,16054.412173627616,941939.5,0.0,151,31
151,43,43.93925776546694,690.9147013879056,196457.30915785072,2.6942719743424832,0.09293626401879973,7152.20257972036,123686.5,0.0,151,43
151,57,27.816572431969824,648.6679059198731,133380.96938563607,3.516159420146309,0.08386748173787781,3195.664982428246,197384.0,0.0,151,57
151,99,194.77882863177064,846.5673235816465,341023.10598198563,2.9869192735974557,0.18972404204833251,10728.303869580539,472025.5,0.0,151,99
151,130,131.2034562850464,934.0286327820837,347794.8722542741,3.401905343332868,0.3447166460997656,8293.511502016161,843213.0,0.0,151,130
152,6,588.9968447759345,752.1909697603453,480779.5271775486,2.81846452762224,0.2886205290644202,17117.76676603171,511275.5,0.0029976765125404067,152,6
152,31,710.498819975432,451.1201332496145,530206.1524283848,2.977554045226247,0.11686165462464368,15561.606150937918,899592.5,0.001703650050025906,152,31
152,43,43.85183768739104,691.0914941824548,217714.28034026478,2.674158412112139,0.1156680541405062,8299.523280500223,234700.5,0.006530744201979683,152,43
152,57,26.388359922102207,643.6831559678808,124270.54054820423,3.5084020455951275,0.11312672598237007,2741.806798022395,255303.5,0.0060036367659467346,152,57
152,99,194.87349335143088,846.7292938584775,337316.3390431876,3.1014623230502942,0.2470398702143157,10374.40410062528,480099.5,0.003192350213517446,152,99
152,130,134.78681045798328,940.3908134472608,334945.0466773304,3.1714643054444056,0.2598446719701265,9262.860804129714,814098.5,0.0018825699959581523,152,130
153,6,589.3670925022709,752.9645973407472,519603.8149449237,2.884884412666692,0.29074102167358445,18178.13514360914,657269.0,0.002418581598494423,153,6
153,31,710.4240818116311,451.036497548023,545925.7546328697,2.9021743359761327,0.07021340405433536,16287.60908867379,929820.5,0.0017096383682269926,153,31
153,43,43.84042831901854,691.2721181442697,206503.61523139983,2.5192218785250806,0.11911724085224057,8361.942166060204,236011.5,0.006735562956508356,153,43
153,57,24.77107914509459,637.1181597885374,142880.14222876783,3.5247579455990468,0.10919931947784721,2835.789082403026,237587.0,0.006690897214944584,153,57
153,99,195.35916371008835,847.1070986656961,341748.94069985184,2.989912117117342,0.19137916987747508,10179.755680421118,461347.5,0.0034456921745246827,153,99
153,130,128.34445985968102,932.5226995786202,351128.8584339541,3.4485839723532186,0.3425793758492335,8361.942166060204,855692.0,0.0018577446097555268,153,130
154,6,589.2044240819185,753.1100974498593,527327.739961371,2.887929696345547,0.2711203943745858,18401.919753134734,658384.0,0.002693366753734547,154,6
154,31,710.4302193027703,451.014770147066,535401.3094973312,2.907859111701184,0.11840545738013322,15274.320743708675,928621.5,0.0019095920291588068,154,31
154,43,44.25579360897002,690.8911603175704,187146.79654077342,2.5974964777275886,0.07965156022921092,6837.07690432674,209446.5,0.008465800629823399,154,43
154,57,22.331400153631122,630.6561635237406,138778.11418569594,3.656647259770887,0.08988290742324076,3127.599009426062,264718.0,0.006698351984120236,154,57
154,99,195.5771521482651,847.1148831329671,333271.1316555864,3.069079542165928,0.22154425535899208,9819.206192384148,512192.5,0.00346207977905696,154,99
154,130,133.082860371795,938.0890962546755,367238.3115951671,3.3998124212816463,0.3218885770686795,8800.91814280357,993313.0,0.0017852289980975315,154,130
155,6,589.3436123008197,753.7122624573889,528719.0912971416,2.881614216280785,0.28058294037178577,17960.2466688101,699072.0,0.0,155,6
155,31,710.7406407088805,451.317242954316,545609.3658239801,2.906224512334636,0.11651705228559729,15896.728966436174,1039784.5,0.0,155,31
155,43,44.380246634121384,691.1471190571467,181818.83755361373,2.752812005682494,0.055151328241552534,6419.832851829993,232838.5,0.0,155,43
155,57,20.504410299155445,625.2075467985024,110665.69011249798,3.466194276498497,0.08128736388142882,2827.783518067973,253027.0,0.0,155,57
155,99,195.49076060589672,847.6570239307355,359969.19919189607,3.084685822608815,0.22124690123189983,10699.721419716656,627806.5,0.0,155,99
155,130,126.37781530948067,931.2366625988188,342696.7917572106,3.338206369636261,0.3032784267414183,8789.05688048154,915850.0,0.0,155,130
156,6,589.2614235366227,753.8563024190136,510391.20258533815,2.898752739596918,0.2813027168887821,17618.026930486307,761885.0,0.0,156,6
156,31,710.9121861977058,451.29884597657735,541374.6292561934,2.896977979540585,0.0910549840770637,15187.954250419229,1037714.5,0.0,156,31
156,43,44.17210132125372,690.8408651584149,198354.68251047513,2.7765838850004343,0.12732316117003298,6758.639641436556,334661.0,0.0,156,43
156,57,19.775340696457988,617.4372901534562,144817.14377774735,3.20248330492151,0.19837462572963133,3645.109020100615,312065.5,0.0,156,57
156,99,195.59532278443194,847.5049637705807,330186.125404114,3.169251999079697,0.2700503158693037,9188.712321503634,599116.5,0.0,156,99
156,130,125.3425691340541,928.8660665388179,324718.4618739631,3.3162016885157746,0.3008436299851959,8657.13392273896,867566.0,0.0,156,130
157,6,589.2153645726846,753.9093468641875,515623.39494671137,2.8284009548700824,0.26445430304893186,18014.37767689473,714051.5,0.0,157,6
157,31,711.2223096830642,451.22581061534316,569513.8637597947,2.9379728999355885,0.061539037880811706,16793.063936088303,1087513.5,0.0,157,31
157,43,44.25420957211135,691.3656639287858,195639.19485542874,2.535198948898392,0.07309331227292072,7862.207206441342,287849.5,0.0,157,43
157,57,20.027458900308396,607.4536302754416,119230.75394622696,3.5841806361100614,0.19729153044301895,2747.9559168144497,222078.0,0.0,157,57
157,99,195.84439709893857,847.6287520871684,350669.70782904397,3.055929098594696,0.20712918788148335,10075.838361652983,596659.5,0.0,157,99
157,130,124.11397936962338,928.9379826110975,340135.87681458856,3.2281234439654494,0.27899364129472226,8778.192512046158,972818.0,0.0,157,130
158,6,588.9649300504019,753.904743150133,485337.3982379558,2.8528846929580522,0.2985763504586854,16219.302243641312,638589.5,0.0,158,6
158,31,710.772823392066,451.2116401414931,574039.1325177741,2.875662280961304,0.109173561627593,17228.158364059193,1131732.5,0.0,158,31
158,43,44.03011342930224,690.8945133212325,205573.835614382,2.5731282619552083,0.08164614558108316,7993.244646387824,295551.0,0.0,158,43
158,57,20.081297927901574,604.870459209502,155674.2598121745,3.1651139255191834,0.19807401958012488,4501.050383402852,257654.0,0.0,158,57
158,99,195.62289416219258,847.4871396702315,330749.5988631544,3.02240189026832,0.21676190307503584,9778.143936357921,578823.5,0.0,158,99
158,130,123.7346280609592,927.0913862774066,339441.28236213926,3.2705682028442515,0.3104358610426014,9390.122351581813,982863.5,0.0,158,130
159,6,588.9300330309475,754.043368961003,474334.2921847112,2.831087468471494,0.30895543212131577,16245.400145968766,636362.5,0.0,159,6
159,31,710.7855069691151,451.3459046913816,571492.7722847563,2.9333435286498974,0.11700601529434099,16559.32092173628,1091103.5,0.0,159,31
159,43,43.81965124858064,690.9197023489994,212838.2859703734,2.7217982733310646,0.1254650640796803,7612.578812362175,340922.0,0.0,159,43
159,99,196.0379605254245,847.9271091901958,361165.852520523,3.153676551761994,0.22109253810530594,9888.50443667664,709133.5,0.0,159,99
159,130,122.32248947163826,926.2227357286855,326634.5671860966,3.214911497171703,0.29826355382887604,9182.182691199738,933039.0,0.0,159,130
160,6,589.0100217994294,753.8268981367714,503860.2383894765,2.941015362781178,0.30413171693832264,17126.246634985968,733204.5,0.0,160,6
160,31,710.638756037541,451.2958639634742,543038.4220633161,2.9910322753201273,0.13771064018743362,14928.630916337324,1022152.5,0.0,160,31
160,43,43.34700761474524,690.744321782195,229537.17282023226,2.6514850669796313,0.154292719315688,8260.003908024206,340141.0,0.0,160,43
160,99,195.5567079355091,847.7437802775277,334264.9287916951,3.0537020729000406,0.2722565133467564,10306.059921938459,578185.5,0.0,160,99
160,130,121.61870143464076,925.0095974621735,349875.5783793372,3.320834265801694,0.30060730329381397,8942.022579328956,978787.5,0.0,160,130
161,6,588.9293509808399,753.1763518992113,484478.49142679665,2.8919151882409992,0.30003444927164247,16472.905342533984,647362.5,0.0,161,6
161,31,711.2095813834688,451.738324547962,527530.8672253999,2.9554953022328747,0.10686792132671682,15836.271319634121,965780.0,0.0,161,31
161,43,43.48822478649253,691.4443204694097,225368.44410655193,2.5406997790434898,0.10716873192499891,9469.93109063548,301884.0,0.0,161,43
161,99,195.68327755123954,848.2491464007487,343304.89684875176,3.0602056466693996,0.24180402003308782,10584.040630710242,559139.5,0.0,161,99
161,130,120.72580435547788,924.466644203336,351740.29765217495,3.3621192950051837,0.31202280232647434,9072.034826323064,1048375.5,0.0,161,130
162,6,589.1639664166355,752.933213701868,529906.1776402199,2.902808793364591,0.26164005200148277,17091.252956580356,681763.5,0.0017825590330275796,162,6
162,31,711.0352701739822,451.8716162505903,515289.67624296347,3.042892136751769,0.15902312322505482,13611.13357628119,1018756.5,0.0011928751552440064,162,31
162,43,43.67242691984258,691.6211827539487,218783.50504147436,2.6373878697565627,0.12430224715026571,8197.614540260261,276239.5,0.004399936388660799,162,43
162,99,194.44053401832406,847.6694341895295,315298.8158551046,3.1201906823991212,0.20884057434110243,8970.974402548965,557172.5,0.00218120405914796,162,99
162,130,119.36888019060972,922.4614946137668,311896.0324610343,3.2355268151239396,0.2913812037298456,9202.982361235578,881951.0,0.001377922472779397,162,130
163,6,589.5101559138282,753.5778072996387,541930.866876986,2.8963199263150075,0.276139302537477,18069.46659832844,761857.0,0.002069670411533687,163,6
163,31,711.2408147180873,451.9276311626077,522866.04830502084,3.0589464390108962,0.11117960873117778,13858.362094480712,973572.5,0.001619559045380139,163,31
163,43,43.57804861719846,692.2019642452511,224260.456214,2.7538111026245433,0.145245653901639,8192.512398394674,322142.5,0.004895383236934847,163,43
163,99,194.4396724948421,847.7123126832246,315679.70671571256,3.0473663893975216,0.19032462240026093,9340.9954448986,524199.5,0.0030081397002806876,163,99
163,130,117.35641771357128,922.4978530054018,333749.173314041,3.2282234948625765,0.24951808526018082,8728.47115342984,857504.0,0.0018387961695881068,163,130
164,6,589.2660950153047,753.4597276426441,527958.7618935967,2.8996622106156633,0.29148319731500755,17598.625396453226,716582.0,0.004471315853818432,164,6
164,31,710.7423739810849,452.2642869857795,514836.97979975,3.060313258700702,0.14966698654771715,13662.090768299215,931543.5,0.0034395646971840444,164,31
164,43,43.22040049309495,691.8634984837539,232178.35610759343,2.68844305571641,0.15835969489183213,9030.87355870626,267654.0,0.011969841949189505,164,43
164,99,194.38834020776835,848.0271544891813,334065.13471863844,3.0484761806564236,0.2253969086512093,9648.369186651988,537995.5,0.005955453865004033,164,99
164,130,122.48879850844314,928.1514581144078,355137.1730222863,3.285978192897678,0.28322574114051746,9108.060512199476,955265.5,0.0033541538150840765,164,130
165,6,589.3535849757033,753.1585805654184,508215.3709819391,2.8037258260070357,0.24356221410884493,18291.87099905613,626089.0,0.0,165,6
165,31,711.483911074796,452.1621917421586,512097.72727561626,3.036037618421329,0.13698873342823384,13886.889819691592,877841.0,0.0,165,31
165,43,43.41065505987244,692.2775202398088,223011.50479257412,2.576515711300666,0.07777477876500458,8287.337473041756,194287.5,0.0,165,43
165,99,194.6619277600919,848.4433189229915,335973.14079899015,3.098063911542175,0.2533467237192257,9332.587244416392,534271.5,0.0,165,99
165,130,116.08048553383661,920.2549507035925,370242.4011604871,3.526153258978915,0.40074266268094694,7988.694681220431,1016766.5,0.0,165,130
166,6,589.6152181262312,753.7775956756878,515179.8262671878,2.9283610499620436,0.2834956372190863,17661.506134657186,626003.0,0.0,166,6
166,31,710.9652712568555,451.84469882223584,498937.54830406554,3.0613718283728613,0.1485474702622357,13246.12960099289,942315.5,0.0,166,31
166,43,43.486555048582545,692.0012892376569,220453.44264509596,2.6629310386749028,0.08704787989863505,7726.908933912519,255473.5,0.0,166,43
166,99,195.42345959660798,848.4340243742307,339037.8409777942,3.102099813966977,0.27178652327357966,9934.597200744667,537574.5,0.0,166,99
166,130,114.45395801372284,918.3940530742932,334780.15646318934,3.339517736047157,0.31744481136827096,8830.753067328593,843257.5,0.0,166,130
167,6,589.6526105313931,753.8953150090338,554000.7996990572,2.820174771161877,0.2606308451365684,19177.244617909717,704609.0,0.00025221520709193363,167,6
167,31,711.0064244045773,451.88009038985166,512895.7893228205,2.9530311997667362,0.11584098750030568,14516.639352202576,904936.5,0.00019637435938348947,167,31
167,43,43.96399596643285,692.3662614483634,217749.59028303862,2.5970293420577235,0.039521323132190776,7945.949961205621,333308.5,0.0005332814129398036,167,43
167,99,194.7580690268069,848.3486241365315,326165.96523448837,3.19613405501617,0.29156224246765866,8939.193706356322,526322.5,0.00033767030588491455,167,99
167,130,119.4426286305674,923.4984046930731,370556.32030622364,3.4377827906172196,0.3050122399225311,8327.966786263583,916410.0,0.00019391541661610863,167,130
168,6,589.700940777093,753.7489775391409,536187.1208241447,2.7658028119285993,0.25772907290977676,18868.530965032587,684982.0,0.0,168,6
168,31,711.0151893622616,452.00339370582236,535194.0402470377,2.928445351740925,0.09968421466943819,15201.77191109913,931309.5,0.0,168,31
168,43,43.56049995787681,692.452414630805,213741.49651887116,2.5443176958718823,0.12231129708113063,8479.380312221121,245735.5,0.0,168,43
168,99,195.43581069517367,848.2207400434401,285243.2980705736,3.202001248884442,0.3230795116127441,8173.817057726667,434384.5,0.0,168,99
168,130,117.73636986526279,922.1190242200316,352849.16812747176,3.4334359402045354,0.3841787591532018,8555.771125844736,962936.0,0.0,168,130
169,6,590.0380053371339,753.7324766780306,564752.1579406561,2.729361540868198,0.24597046325356733,20320.55880836282,681580.0,0.0,169,6
169,31,711.0485293186612,452.12322354514265,536622.1294726088,2.951569279512377,0.11683251085039897,14981.431592047884,982459.5,0.0,169,31
169,43,44.086830733251176,692.6390983187495,208704.09223177345,2.5431743504946978,0.09368799016614555,8287.600455175425,212847.5,0.0,169,43
169,99,195.10887553821433,848.8416753550564,327599.28337717475,3.1244751444428713,0.25187539111901913,10120.435171223837,496301.5,0.0,169,99
169,130,110.95725576546936,913.9214092601126,338994.73400304094,3.3572018034703035,0.33001504849727586,8367.288921090572,888401.5,0.0,169,130
170,6,589.8824085230675,753.3704305217889,560035.7135214072,2.772438634931268,0.22221946554958927,19115.96857586599,744031.0,0.0,170,6
170,31,710.9569719800651,452.32345737804815,529419.0809242886,2.9318798688787497,0.10328177163819342,14764.36597322983,949634.5,0.0,170,31
170,43,44.52286266034504,692.5398049327536,209498.582441198,2.723741644501928,0.07090340038646224,7926.133311944434,224307.5,0.0,170,43
170,99,195.63219476209483,848.3113447742154,347118.01474956656,3.143319373264056,0.2613074868453439,9868.813045264149,557745.5,0.0,170,99
170,130,114.931163709584,918.6922773671038,326525.6095763776,3.337475611221359,0.30737567357255285,7926.133311944434,826079.5,0.0,170,130
171,6,590.1496583949748,753.7663196718975,562549.1665570422,2.768671173104457,0.26494480327215836,20201.38536432133,770504.0,0.0,171,6
171,31,711.2167044716035,452.05460541721004,539971.1476204478,3.0469718670649795,0.14115482083184688,14101.359195487046,943976.5,0.0,171,31
171,43,44.58502553577834,692.9232175413572,206212.5729542291,2.692671575802809,0.088142266129265,8238.996383880072,308832.0,0.0,171,43
171,99,195.68137213961631,848.1972682121616,317201.36077938275,3.1861573096126943,0.2946101544132878,9031.20757463777,479343.5,0.0,171,99
171,130,112.95488334393752,916.9905655609073,328609.20192629367,3.4017410030004775,0.34815406262411325,8080.554145728532,873705.0,0.0,171,130
172,6,590.0661572837766,753.9563946092329,576577.1815946789,2.7416586334940662,0.24232847475092514,20286.82700166899,703731.0,0.0003820695893767957,172,6
172,31,711.048657771418,452.1824506113164,519790.03986953455,2.91666154476092,0.09746857409808155,15894.010131228853,890891.5,0.00030179452494161793,172,31
172,43,44.75235353709255,692.3195384634885,185696.34952315118,2.7027664043640804,0.036353357361706265,6469.421209193654,172809.5,0.0015565799729952035,172,43
172,99,196.3656252535581,848.3037753192124,283775.96983043273,3.108326614564321,0.22124436139592832,8466.156150302806,409432.5,0.0006567669079813818,172,99
172,130,105.84063824024611,909.9133866982171,316202.9452740454,3.2744697370109646,0.3187486732911513,8226.547957369708,837266.0,0.0003211262759061372,172,130
173,6,589.9320580402156,753.557600359973,569162.9109864504,2.7693004225026794,0.2568094306166734,20132.687238388797,690589.0,0.0,173,6
173,31,710.952387696,451.5449267617671,517133.73102528084,3.092887679576043,0.1510780380796845,13421.791492259197,912252.5,0.0,173,31
173,43,44.50517578824049,692.0517855164884,189089.356611534,2.8202962577025232,0.06318908773698363,6474.040602148554,172174.5,0.0,173,43
173,99,196.14129668912514,847.9945209850881,289121.1790861952,3.102561440676579,0.27344281744649346,8368.881753996911,444653.5,0.0,173,99
173,130,111.80910704587524,916.0955081692753,322754.6095315035,3.3193526117682115,0.34954287397415945,8289.930039336563,835099.5,0.0,173,130
174,6,590.0560788797052,753.3029249383668,572724.7668455832,2.780922388912562,0.2398436263155081,19516.88033484214,734344.0,0.0,174,6
174,31,711.0954645681953,451.84653932247727,509428.84513219324,2.9662058937043048,0.15115252976978874,14465.452483471232,874998.5,0.0,174,31
174,43,44.50794310528324,692.2892710265371,192872.69977961644,2.726850616684802,0.06068418120369141,6811.77392078804,232912.5,0.0,174,43
174,99,196.19151952885966,848.3202811275472,273619.0086159241,3.27819667295503,0.3007984625788199,7347.531420175864,418624.5,0.0,174,99
174,130,103.60017649646231,908.536082598595,333929.99568986765,3.3346471549398835,0.28354559283646597,7883.288919563687,835426.0,0.0,174,130
175,6,590.2718160100625,753.6848343153279,593175.7653513065,2.7150591875229124,0.23091774793885816,20791.72785767466,808492.0,0.0,175,6
175,31,711.0780430798037,451.524480380039,506339.7254751359,3.120783790232579,0.18254626419926134,12801.181465313419,817609.5,0.0,175,31
175,43,44.31439578732002,692.3833892916782,194953.0247360789,2.6263153681948075,0.07170991748180372,6849.039764881065,224876.5,0.0,175,43
175,99,196.1224519720387,848.4388089661066,251131.45804563907,3.2902847940526403,0.2973731157089214,7093.648327912531,358830.5,0.0,175,99
175,130,103.36721443219673,907.6146416746194,343185.81393314764,3.448669863858867,0.31814064762031036,8153.618767715554,925185.0,0.0,175,130
176,6,589.9664439407994,753.4641014859208,602325.0782922886,2.759698720018682,0.24178973093618047,21211.558481498905,749884.0,0.0,176,6
176,31,710.7083442818091,451.1136905001033,495601.8252265509,3.161853022371357,0.18162159578167025,12810.11767117973,859996.5,0.0,176,31
176,43,44.232370205456206,691.6965735802147,181753.94228264748,2.563964321802911,0.09510771251851224,7735.980152076071,165984.5,0.0,176,43
176,99,196.1099570488919,847.7413915781925,228918.4664356274,3.333399950884703,0.2963472105083749,6820.971746991805,293899.5,0.0,176,99
176,130,109.45610774816566,912.3566147771404,326574.8180328028,3.1611498001665823,0.21561772791127168,8817.353721721114,883633.5,0.0,176,130
177,6,589.8851595800758,753.4591148005906,596625.5697194963,2.7779909981003663,0.22535667924183345,20388.57146589005,787025.0,0.0013093290200209863,177,6
177,31,710.7788496764224,451.0786446933066,489565.5807280187,3.0647111901578725,0.16352985438164425,13032.694701725797,907517.5,0.0011354624132003908,177,31
177,43,43.86145235966717,692.3303219221375,195090.64461479106,2.557374422024712,0.0795404779473762,6956.10085306837,197792.5,0.005212449392874657,177,43
177,99,196.2663121826425,847.7837501736708,235308.10127103693,3.425930976844685,0.32257457374236975,6156.549030876604,381997.0,0.0026980727019669717,177,99
177,130,110.53995234629568,913.5307169540572,343087.68690248707,3.1041878629539865,0.22864750953549573,9354.75631964367,912847.5,0.0011288316463936065,177,130
178,6,589.7654823331841,753.0420246350019,603286.2910732138,2.905311817283442,0.28277310344429374,19743.070357247117,855783.0,0.0,178,6
178,31,710.6238754435868,450.86900926525277,508132.434331815,3.076231916419163,0.14313604236829716,13858.861152734251,898828.5,0.0,178,31
178,43,43.89979373178508,692.3045946775726,204166.57463553196,2.549249445261804,0.045710163932085095,7277.837700318545,302318.5,0.0,178,43
178,99,196.9033433013921,847.750174739634,259214.90021985627,3.472971245375736,0.33390049618842876,6271.328231125554,466692.0,0.0,178,99
178,130,110.9765868142107,914.1896211831844,391919.3025426859,3.282407640891035,0.2819737741854871,10297.366107897515,1038177.5,0.0,178,130
179,6,589.5307823904368,752.8573383310135,592081.160346801,2.8851194522753385,0.24288616062254653,19203.077722829155,934991.0,0.0,179,6
179,31,711.197987048286,451.21260865243005,512137.01703716896,3.038588851410734,0.16609999994888064,14258.079167594178,964630.5,0.0,179,31
179,43,44.15884246738051,692.0280614028048,195904.35942989227,2.5832377697072793,0.0770271136880361,7252.664547677964,284857.5,0.0,179,43
179,99,197.33283141081282,847.6435746974993,243623.59548790977,3.342027453001703,0.2636085190805347,6593.331406979967,419034.5,0.0,179,99
179,130,111.77047421149594,915.9056376266009,438374.1219215806,3.265007578503556,0.2509498093372668,11373.496677040443,1223720.5,0.0,179,130
180,6,588.9774398088489,752.9732499300277,557024.7009900938,2.9257631054108453,0.24331432333754885,18512.810844853768,783147.5,1.0015687598374236e-05,180,6
180,31,711.1717267379953,451.05080065505695,510859.84356685076,3.0556510039767266,0.17058011044564336,14060.362666977544,980657.0,7.998242072530751e-06,180,31
180,43,44.34025780953867,692.251608407119,170208.50139635595,2.6469652369422123,0.03333666819856507,6483.389451995201,240209.5,3.266451737163625e-05,180,43
180,99,197.04768923949766,847.324042245271,214654.8700491905,3.3775631810837408,0.30788398519660626,6249.050074212242,424451.5,1.8482017737289634e-05,180,99
180,130,111.73945076152309,916.4563748884732,452743.6778766769,3.379647197990457,0.2968326962536707,11638.855763220301,1324228.5,5.9229180535735445e-06,180,130
181,6,589.1238355090347,753.3008447817668,577488.9338079486,2.86286079112624,0.24640689009892097,18900.19433557219,994233.0,0.0,181,6
181,31,710.8651433063898,451.881039095096,501888.1564656599,3.1365964892235962,0.19965979095694553,13084.7499246269,1015907.0,0.0,181,31
181,43,44.12962723872062,692.1087839989816,170560.86305259276,2.676853579761728,0.01783409455257068,5968.482421759639,351614.5,0.0,181,43
181,99,199.90512099780776,846.3746853199787,233842.08052432636,3.7028890659260876,0.2590203835971478,4897.216346059191,608896.0,0.0,181,99
181,130,111.35302195573476,917.62560834941,466230.2999459164,3.410529067164132,0.30216651571283965,10789.179762411655,1324192.5,0.0,181,130
182,6,588.9648276854564,753.9080926776082,592189.580575604,2.9154303963137815,0.2893447987509168,18874.568305198532,1026728.0,0.0005367435213422725,182,6
182,31,711.0493504506163,451.96460869956576,495378.7739768565,3.0688764813195797,0.19389581939381956,13133.55377903398,1018030.0,0.0005413298304968786,182,31
182,43,44.018427352864585,691.1291147717635,160276.54252497756,2.677918281038742,0.08310685313341093,5819.658560769548,409608.5,0.0013455801229031088,182,43
182,99,200.3192932909933,846.3811909147083,243403.2871024561,3.7281187137456193,0.22388410697068445,4639.998041694639,629109.5,0.0008760312398127841,182,99
182,130,109.09737382056832,912.189266239482,446462.1844525503,3.2910595177984456,0.3076778013899054,11953.893259959072,1330997.0,0.0004140345635075144,182,130
183,6,588.7865421986252,754.1188063963372,568912.7720861027,2.933288916912179,0.2810311626943998,18478.311892694775,1018001.0,0.0,183,6
183,31,711.2860527086301,452.577743129644,508075.2791173576,3.0268231185162446,0.17168886504202305,13858.733919521082,1129332.0,0.0,183,31
183,43,44.12319521080758,691.5360301443153,167244.38221523748,2.8898310669493497,0.09535917432233416,5402.557290660761,464945.5,0.0,183,43
183,99,201.76235224079747,846.4556527419807,214536.3329914563,3.4950956253952388,0.11621743681207587,5480.855222409467,601782.5,0.0,183,99
183,130,109.55142401598226,913.3715328778297,490536.54240564734,3.287792118605373,0.2778241252263494,12684.264943290482,1547751.5,0.0,183,130
184,6,588.7051550070413,754.1097379960687,523322.12445361324,2.9576513625708074,0.28145278468413776,17825.290147176576,959972.0,0.0013295739781412031,184,6
184,31,711.4227426758265,452.6036116079895,501632.05900903995,3.1048248109866425,0.2010317608107894,13092.912231996956,1192747.0,0.001070064129807144,184,31
184,43,43.85450429201768,690.6798258006502,203334.50442221778,2.861762031331758,0.11383258917274877,6230.964254986503,512468.5,0.0024909314319417997,184,43
184,99,201.80583272870675,846.4870646259187,237801.99023777602,3.464628179840363,0.20194383799639895,5836.599428721534,688674.5,0.0018534598337920153,184,99
184,130,110.07132967992143,914.0775620909292,496426.4433023424,3.4143708330486837,0.3325219132064968,11752.071822696062,1534198.5,0.0008318877218475434,184,130
185,6,588.8830497990498,753.9322019755587,528140.4160990646,2.945588520578952,0.2807918355626164,17313.589485346765,1047313.0,0.00019511307294011197,185,6
185,31,711.3660811840498,452.3424456737344,474680.91172325716,3.0190034281080522,0.20819780211496697,14048.307257847157,1142812.0,0.00017880669356559384,185,31
185,43,43.24839086941322,691.4883552122097,214065.8278911953,2.7667385388944434,0.1295568990181027,6834.31163895267,603937.0,0.00033838335665388296,185,43
185,99,201.85190802164826,847.500806841324,225987.9048613683,3.2708183514484634,0.19838918188733204,6150.880475057404,763375.0,0.00026769734566330555,185,99
185,130,110.92264303590315,915.8278263170038,451368.3153548297,3.635083090017673,0.38318259724001963,9416.162702557012,1480966.0,0.00013797573363624085,185,130
186,6,588.960008354031,754.1878104545926,508285.1332384851,3.00704612260033,0.3210201163351509,16334.606100311874,999790.5,0.0012205665359397528,186,6
186,31,711.1953212269568,451.85084190262637,482149.7634779861,3.1998646889256865,0.19305992859330834,11872.469799738874,1133992.0,0.0010760977582726387,186,31
186,43,43.532048943766306,691.7661531608355,212270.19829868697,2.7642614096971982,0.09622245521305052,7011.928472328999,604938.5,0.0020174718636339363,186,43
186,99,197.2036214080603,847.5117605346074,207728.3809927466,3.6768175562260565,0.3881038632645443,4940.22233277725,647055.5,0.0018861195930019571,186,99
186,130,111.70420557086183,916.2268840036946,469480.48362457345,3.605386518586408,0.3672353402068639,9482.039638717624,1572631.5,0.0007759193303782603,186,130
187,6,588.7480165508526,754.2392399787188,466420.42991299805,2.9997197335594263,0.32925014804761493,14587.893049237875,893709.5,0.001476093927606072,187,6
187,31,711.6140210041406,451.2349917509803,498105.9610522029,3.1703088386744827,0.2346829654762851,12470.2956711227,1112759.0,0.0011854684533152558,187,31
187,43,43.59245413568583,691.9997670456196,217720.38228324914,2.5350567978449146,0.0950921403869126,8313.530447415133,565506.5,0.0023330794534137094,187,43
187,99,197.00461044153022,847.8698341432075,227916.2215112111,3.5305178219131714,0.37150297491621076,5882.21493920882,692038.0,0.0019063775996377005,187,99
187,130,112.2719959663153,915.5492224209177,386265.4476747126,3.5872871980961274,0.3519300380960103,7999.812317323996,1393993.0,0.0009462691437490696,187,130
188,6,588.7808771652338,754.2426668638209,426686.3453115047,3.02173235512227,0.35158301046503204,13632.39767511486,862186.5,0.0,188,6
188,31,711.3110466887141,451.35352342677174,497004.8711724079,3.238660198635436,0.19193554984974587,12092.013757022787,1256521.5,0.0,188,31
188,43,43.7284056594417,690.9450265819034,214652.4989861306,2.730379003225712,0.11303538911265601,7316.823610937355,560480.0,0.0,188,43
188,99,196.2191082579497,847.9561210987732,242918.54388312018,3.486635413407042,0.41761797721805366,6315.574064177506,751901.5,0.0,188,99
188,130,114.79774939844519,920.7690731703761,383324.53801721276,3.562270758321964,0.4314181860222433,8703.169137220222,1324983.0,0.0,188,130
189,6,588.9675454710363,753.768117492526,459758.6930343064,3.055920061792265,0.3560745706398275,13887.659799660203,944605.5,0.00028947460061050286,189,6
189,31,711.5879626104573,451.57519172529584,474186.4284928423,3.11881017305347,0.17783295887641754,12498.893819694184,1126086.0,0.00024281763283981293,189,31
189,43,44.16096307050164,691.5298187237685,207003.2846804907,2.676007061002079,0.12398400066150143,7098.137230937437,593025.5,0.00046112772893513933,189,43
189,99,199.09952069722698,847.7218276977325,240025.0535374605,3.5447272970448176,0.4073181528221575,5555.063919864081,727307.5,0.0003759757520094969,189,99
189,130,115.02504694190324,922.1681883720187,369025.9823431931,3.2465102124406595,0.29834606894262,9798.51552531581,1266989.5,0.00021581094483808996,189,130
190,6,589.3522326367084,753.9936513850837,481441.21058582887,2.8821877389976547,0.2922147058357017,16162.557669683194,955014.5,0.00041401982954671415,190,6
190,31,712.0440159110495,451.88089843854857,499087.28804161825,3.0050541489376794,0.1629889483787664,13273.598086213251,1169207.0,0.00033816501304717556,190,31
190,43,43.94430234002235,691.8808626672504,226744.28730801932,2.6828452065305326,0.1038156575873797,7964.158851727951,570463.5,0.0006931764950809164,190,43
190,99,195.9236174704391,847.7910167086569,232444.12648621676,3.464731852860633,0.4150255244650507,6012.159133167179,672355.5,0.0005881084973185943,190,99
190,130,111.88969198407864,912.2652660829307,346831.309993878,3.407423630059385,0.39485186007072715,9135.358682864415,1231941.0,0.0003209428218491662,190,130
191,6,589.3973249014863,753.8819961576596,512369.51279950957,3.0332095539393515,0.32673835910581017,16225.419060587801,930871.5,0.001998125737766775,191,6
191,31,712.1782775319094,451.7046884220024,490376.7646889498,3.0699083801893474,0.18757970614226804,12841.919351270913,1184893.0,0.001569740342108654,191,31
191,43,43.765959072081046,691.5536710290759,243381.285908817,2.7419853049063327,0.10952802479378275,8612.544714624804,550650.5,0.0033779602063519383,191,43
191,99,198.40832242547893,847.6197513321886,227771.04861355954,3.622552958788905,0.39174283061925164,5075.249563975331,689813.0,0.0026964370911208035,191,99
191,130,111.88294859646025,910.014212857427,356420.93528826756,3.3087442580629123,0.3244397687059851,9073.93103862256,1247957.5,0.0014904112570500853,191,130
192,6,589.5260818074664,753.4648297091585,513766.5799826798,3.0052661612974996,0.32835286572232913,16632.73100663352,971428.5,0.000261757174876208,192,6
192,31,712.6000730095119,451.4903835905912,487354.4191712201,3.1553499349830947,0.16653645818707144,12551.55163926511,1240878.0,0.00020491229657666787,192,31
192,43,43.923124836064666,691.5015842426473,225311.90243245222,2.6796363797760976,0.12986859322329414,8316.36550331676,568270.5,0.0004475016182061292,192,43
192,99,193.5658211097745,847.273397698517,236554.39653878784,3.5871769599040784,0.4208400183174035,5621.24705316781,728383.0,0.00034911505862903657,192,99
192,130,113.98943000645818,916.2863454557449,362223.9197000189,3.2732034070949036,0.29247411794951,9317.40949908637,1218118.0,0.00020874139207088262,192,130
193,6,589.3523441284889,753.9071499694055,518218.5822507497,3.044707237670945,0.344219494676787,15936.895933131062,1020032.5,0.0012657783459466506,193,6
193,31,712.511162577411,451.78932713268597,485343.92252395273,3.1784140683441033,0.2006020679015509,12703.322845249397,1116466.0,0.0011564275585076943,193,31
193,43,43.98840205188103,691.6581566873504,229044.76039161792,2.5082050229147517,0.06866476440771353,9007.810744813209,582570.5,0.0022166159178659,193,43
193,99,197.05583572545078,847.4260898425583,230276.59775843,3.5762693467711992,0.3261919243468438,5235.308808951267,691912.5,0.0018662205751864907,193,99
193,130,111.12075559195316,906.0398419112262,378097.0817758775,3.4045736841909178,0.3682688366859972,9007.810744813209,1253132.5,0.0010302865170764867,193,130
194,6,589.3595269324528,753.1741707611188,500639.7220289577,2.9000863490935087,0.30703975856660204,16513.762959950487,971900.5,0.00010445880015493556,194,6
194,31,712.5417680275311,451.97577889205587,478671.87221984926,3.16555384227517,0.16957736166715193,12498.949029320323,1077845.0,9.419011659124505e-05,194,31
194,43,43.65296481616462,691.9393966464428,256796.58914785393,2.6929932026242716,0.12504001219602545,9544.651986026429,588854.5,0.00017242220989676778,194,43
194,99,198.2394158970688,847.8707568939924,262856.6856469183,3.553867074266593,0.37374822554990567,6211.598911541009,724715.0,0.00014009337813958295,194,99
194,130,110.32818451711908,903.1643762681604,363227.0339126724,3.0948846085685546,0.2788473399260976,10680.920079601005,1238011.5,8.200320075889946e-05,194,130
195,6,589.2020569952505,753.3102912555706,479009.1470758652,2.978228043878539,0.32983078469757754,15186.047517619432,931110.5,0.0022954060405636213,195,6
195,31,712.7283156587746,452.8223861573485,465654.5826759486,3.2744554267125654,0.19190196507648757,10683.651519933268,1185479.0,0.0018027876639277445,195,31
195,43,43.75482929477852,692.0021553681216,221304.21005576057,2.654079488454421,0.06643034838715439,8012.738639949952,528859.5,0.004042029672501871,195,43
195,99,197.60107675928154,847.7254372466241,229622.19588199432,3.5699811908315886,0.37188370545575,5189.202166824731,708445.0,0.003017083113824026,195,99
195,130,112.32574930036277,908.5341810556827,376980.27506050246,3.3947446881872736,0.3393010992274655,9386.350978227087,1309650.5,0.0016318314162254727,195,130
196,6,589.1909171008547,753.3946592254104,468619.7098373115,3.0219303193873226,0.32276706042074865,14492.585476413009,963401.5,0.0008850821667613947,196,6
196,31,712.9342991156628,453.4161089966757,463214.36714610877,3.237668326871201,0.23390918111730158,11045.700282022888,1146719.0,0.0007435801592774122,196,31
196,43,44.26025360778476,692.3230911533184,226789.37813089546,2.5913367026953003,0.06360627331527648,8303.85978648529,568924.5,0.001498865837366497,196,43
196,99,197.73960433515307,847.6154662446235,237835.07841291834,3.5154468096402414,0.3094808540199136,6110.387390055214,760748.5,0.00112088222060542,196,99
196,130,109.76785690341892,899.349983088453,376728.8840868657,3.542511336164475,0.34497398035141985,8147.183186740286,1234331.0,0.0006907977066564725,196,130
197,6,589.2735748624082,753.4565691518357,476307.8986437867,2.9814358956717486,0.3218022435096705,15241.852756601174,925137.5,0.0005177878036343845,197,6
197,31,712.9283145343079,452.2467899597383,432030.3163858603,3.141542474047781,0.21440988639623693,11431.389567450882,1008236.0,0.0004751079078241476,197,31
197,43,44.40476807524467,692.2740805645984,206603.31411572892,2.79873238946266,0.14838510931323295,6935.0430042535345,536284.5,0.0008932949995780893,197,43
197,99,198.67191332394654,847.8352186192913,257587.31158655987,3.5308027482907165,0.39648477372468865,6249.159630206482,746185.0,0.0006419810167666494,197,99
197,130,110.88009182346362,904.7221943827359,358107.33051634463,3.4142273338003646,0.3428123655708658,8078.181960998623,1186980.0,0.00040355706177142323,197,130
198,6,589.2036711949283,753.654134804787,477781.4731420596,2.9332683733105673,0.29177789507675367,14980.830064924601,895911.5,0.00104694683338966,198,6
198,31,713.2377256436524,452.4283763278527,447131.9177541271,3.2130077502892527,0.22752012142761863,10853.458516424966,1049738.0,0.0008935182164352705,198,31
198,43,44.378159568701804,692.4562527249599,232508.5972321461,2.769230769230769,0.16704395179426088,7643.280645369694,518618.5,0.001808708540788904,198,43
198,99,198.22283473745725,848.1333346545501,246113.63678090417,3.6211078912742227,0.4062000583350184,5579.594871119877,671505.0,0.0013968598166369018,198,99
198,130,110.61920346727155,901.8711724332911,369094.02236490254,3.2687644261841404,0.2786721969234755,9477.668000258422,1236126.0,0.0007587816826991518,198,130
199,6,589.4624654924711,753.4665033648777,518833.51122428663,2.939839662235405,0.30203276204217366,16660.14220752607,910955.5,0.00034583294822807187,199,6
199,31,713.2620890517885,452.68096847657347,440500.2737806434,3.1924453241698623,0.19907988637637153,11386.977930832038,1066133.0,0.00029549161487358433,199,31
199,43,44.02964803032478,692.7978206256577,224224.1157655114,2.8333032597946852,0.12581106514227072,7260.153714288884,500883.0,0.0006290229768244155,199,43
199,99,196.53126033952435,848.0740576823853,231407.84680912358,3.4017634714930063,0.35538853213161475,6343.081666168183,653290.5,0.0004822542965265304,199,99
199,130,108.09408722400823,890.4379449432032,378597.9105324961,3.3715844572128844,0.3500285268259821,9017.87513985356,1213196.5,0.0002596691945941844,199,130
200,6,589.3067754084644,753.3134936605701,527361.902621195,3.085791975100179,0.3660886775919861,16068.11890844049,946739.5,0.0009088490463873479,200,6
200,31,712.7779537034504,452.4041946115202,479313.5470503243,3.143101762589284,0.18343141168773688,12090.089469943088,1099321.0,0.0007826873446791395,200,31
200,43,43.85012604103461,692.4952437107632,237433.75707423716,2.8368353302925065,0.16612275430780957,8268.061185896564,542955.5,0.0015849241282585441,200,43
200,99,196.24214123483213,847.8993483239892,242815.79690279247,3.4205215796200323,0.3294529335461632,6474.04790971146,676680.5,0.0012716443630610504,200,99
200,130,109.36075697453745,897.9494208492422,366680.71353679005,3.3478094512197436,0.29683424824271615,8892.065803700078,1169756.5,0.0007355527958072822,200,130
201,6,589.2164051964033,753.4376819927295,481693.8298748764,3.0790876989476246,0.34620113711909095,14812.23339098636,889798.5,0.001084797911349981,201,6
201,31,713.1357711564863,452.3482203700111,456587.09427715454,3.0348342587532176,0.15576652844146274,11923.84787974402,1038587.0,0.0009293769799847406,201,31
201,43,43.55472211263041,692.2478881541182,250919.23364330895,2.8432068629706575,0.17131073474965525,8517.034199817157,484845.5,0.0019909963711929445,201,43
201,99,194.4622629374848,847.2182136917062,230700.53506461254,3.4045574214507024,0.3417816365266424,5924.893356394544,592718.0,0.001628592360184439,201,99
201,130,108.7430517510012,895.881945411205,376304.7892980085,3.359400795672257,0.3481525428020237,9331.707036321406,1232334.5,0.0007832507362979369,201,130
202,6,588.5623845148543,753.1826535961527,422769.6936612697,3.1200821583865603,0.3233949622944395,12501.057862022672,748252.5,0.0013188706463542479,202,6
202,31,713.3181120272999,452.23693694511144,457641.065592175,3.099701108954899,0.1758992932785669,11916.213049764301,1067877.0,0.0009240944150375601,202,31
202,43,43.79738294506945,692.8603341265742,250971.53006037328,2.846443910602736,0.13793733256035454,8553.35537927867,505159.0,0.001953632473817777,202,43
202,99,196.65406407667047,847.1448982241591,256600.6613783601,3.2501150538477654,0.2799646424784541,7091.243348632744,641739.5,0.0015377959257252966,202,99
202,130,108.18143711515464,894.0632765536485,373057.88461930817,3.4851101206991952,0.37196519682297435,8407.144176214077,1218736.0,0.0008097001673938332,202,130
203,6,588.7338408807386,753.4561350734688,443320.2211313726,3.0712419579688546,0.32962095251880336,13674.090241696736,806117.5,0.0,203,6
203,31,713.6460633734092,452.43156528785187,456139.6807329633,3.205662678338142,0.2029706675563357,11498.666794154075,1088358.0,0.0,203,31
203,43,43.939736382564405,693.3380806511416,244812.83154310466,2.7877412201921627,0.17779497066769487,8701.693790170651,515475.0,0.0,203,43
203,99,195.4307661858895,846.7556875322011,238131.17381136646,3.37063414677218,0.2822517194849882,6914.738815403463,634049.5,0.0,203,99
203,130,108.33727282157321,892.9251738195981,354749.4093385642,3.4057293717583415,0.41607629368984184,9245.549652056317,1113715.5,0.0,203,130
204,6,588.8856136636942,753.6161558593438,477750.3528561584,3.0389595392018878,0.34673798724920507,14997.341173801737,849646.5,0.0,204,6
204,31,714.0620401668453,452.5775082694954,453862.8352133505,3.2073359533358667,0.2305149677858579,11363.96470386008,986082.5,0.0,204,31
204,43,44.47128062879824,693.4159173211365,236401.3881932253,2.704669798351809,0.1363995769075571,8349.035292631896,540048.0,0.0,204,43
204,99,196.71563790773612,847.4659056341411,269952.14112843125,3.3212840641913703,0.26453395740288166,7189.447057544132,665311.5,0.0,204,99
204,130,106.43890518060293,882.883560524844,356457.4234659784,3.320121289718623,0.32901583961499264,8503.647057310263,1115913.0,0.0,204,130
205,6,589.1746937933899,753.8332406651099,483819.1875380781,2.9683098819108498,0.31434135754183096,15500.468359896144,821525.5,0.0,205,6
205,31,714.398296758774,452.00033397263434,483897.87011858524,3.0939489855528084,0.19134270755149443,13218.673525190621,963609.5,0.0,205,31
205,43,44.52425240412923,693.638212775091,239352.40990255872,2.7250150039698164,0.10904632888713003,7710.892889694529,476980.0,0.0,205,43
205,99,196.06338637758313,847.1409704513309,231484.15185185004,3.2103355352377627,0.229374436283517,6530.654182088223,549667.0,0.0,205,99
205,130,107.99168218454223,890.1168567609942,384364.40577712015,3.4585127053489897,0.3643238113110471,9048.496758315008,1230275.5,0.0,205,130
206,6,589.3237967484469,754.0525764273467,464778.4949062511,2.9602102129635406,0.33808689766369704,14944.391891337436,731172.5,0.0012571070576615753,206,6
206,31,714.7346924874983,452.1178340127725,428326.8300284386,3.1870202422854077,0.1970965980139754,11148.990776077137,879659.0,0.0010448764464326876,206,31
206,43,44.7360132684172,693.7805084448803,236184.64856838583,2.7631052433579346,0.117251186449938,8223.369083063986,401204.5,0.00229133613331245,206,43
206,99,195.355361090298,847.1727313700253,225747.29550142,3.2944787436929204,0.27567643152509785,6167.52681229799,565786.5,0.001624657202956348,206,99
206,130,105.52643079422495,880.0102119539614,335655.7861308329,3.2660223878484014,0.3661032588168243,9172.219361879062,1073944.5,0.0008558270881724548,206,130
207,6,589.2434608070299,754.207808852285,463984.2086724057,3.013973541301112,0.3368794369281366,15340.96229810606,755754.5,0.0012711136850633757,207,6
207,31,714.6335474852281,451.96649045900875,382485.34646371723,3.365239679903373,0.2309592987402409,8149.886220868844,861319.5,0.001115310132907238,207,31
207,43,44.62398918196445,693.1713738619949,210538.72737244514,2.8306401606642067,0.1351884671653688,6951.373541329309,423584.5,0.0022680801868882085,207,43
207,99,195.95103887516495,847.246789941,207901.99947745816,3.2932511988728987,0.287084204643907,5992.56339769768,514643.0,0.0018667191271911653,207,99
207,130,107.24169410545119,886.7301579040218,382804.94984492776,3.3399537677856443,0.34090771443394635,9348.39890040838,1146107.5,0.0008381568665099135,207,130
208,6,589.0691846391275,754.6621376244726,456039.1791441595,3.0961171393092397,0.37867776377478574,13749.174006640233,762445.5,0.0,208,6
208,31,714.4678876016458,452.0594064966884,389684.46980776533,3.3128356665255287,0.28849628916610126,9489.91901545277,743781.5,0.0,208,31
208,43,45.08268308074325,693.1585784252443,193385.1213542659,2.699962790973788,0.12029408317858961,6949.310775095335,356735.5,0.0,208,43
208,99,194.9005923183389,847.6567015402363,271919.8054900207,3.2656497455347426,0.289757589188711,6575.691916219242,536647.5,0.0,208,99
208,130,105.11796756543522,876.2038258961613,361513.6078485079,3.4290180126091276,0.37840334083117466,9265.747700127115,1089627.5,0.0,208,130
209,6,588.9757049044042,754.6836343442848,451539.2151314853,3.0601748870668923,0.3599013175210338,14444.119197381795,671429.5,0.0,209,6
209,31,714.4652912196004,451.4099448652368,402027.98432712664,3.2563158345546364,0.2814737804411041,9709.657904906651,782058.5,0.0,209,31
209,43,45.08358793010531,692.6285367066972,181915.6567803585,2.650082603102067,0.12314577531102981,7222.0595986908975,297540.5,0.0,209,43
209,99,195.01904894764,847.6040294112881,240574.829743059,3.3642550648587304,0.31144537211685025,6339.363425517566,494833.5,0.0,209,99
209,130,106.46231912325257,882.4515500838536,380040.82510444545,3.454610364465184,0.36809528285931553,8907.20683838544,1148081.0,0.0,209,130
210,6,588.7032987949368,754.2732253263273,422383.500630719,2.9902211614096808,0.30543866905734984,13843.81069012817,642418.5,0.0,210,6
210,31,714.1439425509112,451.95257406042896,425991.72788506094,3.178552803662358,0.21061811709905148,11413.780090265245,839839.5,0.0,210,31
210,43,44.8135871278432,692.3485809748629,180411.36271709582,2.6172894531619257,0.10785698222474843,7142.817217778896,297992.5,0.0,210,43
210,99,195.66596946603912,847.7970770803153,245801.27704067994,3.4859987002703257,0.38178263106693067,6553.7188905394,519426.0,0.0,210,99
210,130,104.40621017961384,872.3324228788152,346537.0909986338,3.280322924200882,0.3556360206802515,9572.84781764182,997754.5,0.0,210,130
211,6,588.6915435195114,754.220083745231,417635.00204707764,2.9834119186561434,0.300693793509418,13690.457178742301,682567.5,0.00014027094364731866,211,6
211,31,714.4109597307768,452.1474566726624,416798.3629972656,3.180431729404274,0.24486675189808085,10952.365742993841,825970.5,0.00011591399140195062,211,31
211,43,44.927495540295524,693.0242924884658,185505.69477195817,2.6267773030064796,0.14109662223876937,6921.286684808608,346124.5,0.00027666445482167845,211,43
211,99,195.12535373977119,847.794356435172,241712.62730023905,3.350229884187608,0.2679414257035871,5856.473348684206,530772.5,0.0001803957102877687,211,99
211,130,104.96749425600674,870.416807072406,367132.426676606,3.265573989744269,0.3135043137593837,9811.494311431981,1025109.5,9.339383008042393e-05,211,130
212,6,588.3793773058867,753.268295228565,441126.50413987925,2.9034113486834032,0.2812576423320645,13856.1878231373,701729.0,0.001617553889988447,212,6
212,31,714.4370448201182,452.0957950185039,401223.7118841779,3.149930279574819,0.22101826640980837,10676.079142417264,746871.5,0.0015197671595191364,212,31
212,43,44.800112174542534,693.2862267736938,202694.06995922705,2.8482344176210868,0.17630846222135715,6965.952348243888,341564.5,0.0033238918446972217,212,43
212,99,195.01112156319624,847.2986954831568,217913.16150267294,3.333240675107813,0.33068586139971995,5754.482374636255,422572.0,0.002686486998238621,212,99
212,130,105.96918467749856,876.7438980739942,360942.3352617241,3.2963545667646375,0.3200039038975299,9237.458548758199,1085316.5,0.0010457819389634508,212,130
213,6,588.6005318611541,753.5271493856781,445635.1476133703,2.884730425360093,0.25414828519632676,15118.3504785353,680344.0,0.0,213,6
213,31,713.9527644174481,451.61219972252366,418089.67134881386,3.2665852699742697,0.2519510455419158,10210.823098068344,763979.0,0.0,213,31
213,43,45.30090558984445,693.321390171251,177937.4443756406,2.6519649600751123,0.14505931419484752,6728.061731285343,275946.5,0.0,213,43
213,99,194.13362670407628,847.645209626692,202791.69594768292,3.346791722256163,0.294608503451188,5303.295717601388,414040.0,0.0,213,99
213,130,104.2633158776617,866.7097681122746,354845.89107473165,3.4408095266270946,0.3797295849922638,8231.981412396184,1028820.0,0.0,213,130
214,6,588.3076691614398,753.0025125207464,465367.38310818473,2.8873002176236024,0.2567222097387991,14932.84132554277,729408.0,0.0,214,6
214,31,713.859321902885,451.960693439173,430998.1451366974,3.0686015230162655,0.16853227698867562,11930.471111941579,845550.5,0.0,214,31
214,43,44.85134558806515,693.1813946002889,190255.45985135974,2.574230201354981,0.08510548722628485,7268.896306613412,318044.5,0.0,214,43
214,99,194.72935096505483,847.1029962894374,157387.406986673,3.464463889285129,0.3318704536472455,3871.477380696274,374975.0,0.0,214,99
214,130,105.31808641273302,873.7183355356503,362338.67893618596,3.3725631638174063,0.3401746377198431,8849.091155877197,994243.0,0.0,214,130
215,6,588.363383277266,753.3225631959573,451356.0984766105,2.873496692224208,0.25072898998049115,14517.971679457592,764796.0,0.0,215,6
215,31,713.4714237102,451.8241910323243,432177.0937842744,3.1047825498340282,0.20506498413433827,12302.070738908802,814611.5,0.0,215,31
215,43,44.94052464453051,693.7851306338487,208523.9195433672,2.8175235560045504,0.15126202948066622,7029.754707947887,393283.5,0.0,215,43
215,99,190.89012898760885,846.4169671199555,160538.20262389685,3.403528700543192,0.2998415891420674,3896.929240275459,316118.0,0.0,215,99
215,130,103.71256358452017,863.8830736222499,342547.7212579389,3.273672345671204,0.3174216696293559,8863.603762195162,980612.0,0.0,215,130
216,6,588.0679954755467,753.287364838513,417846.8584714856,2.973569352704003,0.27637833941297996,13329.165019341297,699071.0,0.0,216,6
216,31,713.3812897081958,451.3113085769728,444804.72030835564,3.007286325538532,0.2067755937329512,12879.86732206013,823727.5,0.0,216,31
216,43,44.5458252824608,693.3905906449645,215887.54354360088,2.6882795677420215,0.15790161122912,7787.826752873567,366288.5,0.0,216,43
216,99,191.55888226705088,845.7801708807049,149466.367295535,3.5613011290064933,0.34394084786763196,3744.147477343061,244784.5,0.0,216,99
216,130,105.20505057265432,871.8841943090384,367076.2186787137,3.284298662889589,0.3733985649115945,10184.081138373125,1061692.5,0.0,216,130
217,6,587.9319745485675,753.6145120998104,381171.8160011591,3.0720337133657467,0.28555201751577236,11286.875914104381,590930.0,0.0,217,6
217,31,713.6853953124188,451.4309737508172,446089.7951149621,3.017314019594153,0.1725141015696338,12909.825391949456,898172.5,0.0,217,31
217,43,44.94541276410705,692.9338363551254,201688.35783765608,2.7116346900027546,0.16307134646872962,7229.5022194916955,332569.5,0.0,217,43
217,99,190.57683345346948,845.3671522075311,157647.41064340566,3.3871263890619203,0.3448532432267731,4795.0780027240835,306365.0,0.0,217,99
217,130,104.5875214385473,871.363986793421,381835.7498784594,3.467557746215409,0.3827531395048154,8926.22212814791,1109407.5,0.0,217,130
218,6,587.8707870855997,754.1499327570344,347730.7810410786,3.065051628393257,0.2750022859628291,10629.325184661793,593893.0,0.003396483558541037,218,6
218,31,713.626089518911,451.37169672277906,456909.13543781906,3.0309141653907163,0.21211511786166395,12982.96147555119,914692.5,0.0022052637795771032,218,31
218,43,44.24853057793477,693.4259606299194,220102.95507381813,2.6895861669723127,0.152764810203731,7971.993888496344,443534.5,0.004547914673379093,218,43
218,99,190.6076400130597,845.7186579964554,140762.63494544974,3.181493139647916,0.19503203948746595,4555.4250791407685,308618.0,0.0065361483591028224,218,99
218,130,104.02722524776578,870.3880392704638,353273.2148873666,3.3361045862569827,0.34820498432416724,8503.460147729435,983678.5,0.0020506059623856456,218,130
219,6,588.2361497112624,754.6424840747362,344286.6658927191,3.1331151792687564,0.362354393592962,10574.0117418346,583386.0,0.0,219,6
219,31,713.3398837449768,451.2922270170801,474725.7808871415,3.064005817379623,0.21551644397497396,13809.343692694441,830452.5,0.0,219,31
219,43,44.470363736404735,693.9865378485293,224263.74156935772,2.8462847866225123,0.21952758900133845,7338.67979097476,433185.5,0.0,219,43
219,99,190.00210131494035,845.5214176438772,140145.11084700187,3.4032641988548593,0.3493891717640765,4182.258375501745,244877.5,0.0,219,99
219,130,101.76655520982904,858.8822062274918,343024.0973265299,3.266479339990218,0.372995177350503,9627.085317192696,1004536.5,0.0,219,130
220,6,587.9960468380945,755.1471022588689,322198.0796051088,3.150546614599974,0.28475837143284516,9183.233937587755,532103.0,0.0001410974868790946,220,6
220,31,713.1648923318719,451.1725901844893,461359.3938900925,3.0216413477051307,0.21036521850578138,12950.714527367347,824491.5,9.105320394850378e-05,220,31
220,43,44.66206326221596,694.5021642949919,243473.43311450613,2.8902669100084197,0.13695464452809397,7456.472000605442,452257.0,0.00016601464557832864,220,43
220,99,189.90981218859088,845.7771411317949,150856.20194909116,3.2778066827260606,0.26789724498463396,4473.883200363265,289562.5,0.000259329529113893,220,99
220,130,102.14710918103974,858.0111305738859,360893.2448293034,3.4792306149537313,0.3746207242488134,8947.76640072653,1113377.0,6.742536689215411e-05,220,130
221,6,588.2273864983199,754.3728582893831,357494.2267299849,3.015901383836148,0.2541865863560392,11374.816305044975,567754.0,0.0,221,6
221,31,713.513196126067,450.6870576620757,459498.26125769346,3.000830405351928,0.2124709687650927,13442.964724144062,853420.5,0.0,221,31
221,43,44.6968303541273,694.1096610489132,207405.74145822265,2.7324289727581377,0.15294982375262667,7164.657023307549,371116.5,0.0,221,43
221,99,190.75024616193448,845.5971795688413,149275.9983928305,3.3980522406494984,0.31242805062204243,4284.021725276679,280719.0,0.0,221,99
221,130,101.85245624425517,856.9111922914738,354465.86654487555,3.4008137976595134,0.3757330659243778,8863.49322471037,1035679.0,0.0,221,130
222,6,587.8372107203222,754.5407467478258,340337.7364989693,3.189158463814094,0.3436850737321472,10052.490762556265,569893.0,0.0,222,6
222,31,712.9618793193089,450.9950537713903,450153.58255659154,2.9829777036336647,0.1757241418138689,13174.85531759268,795227.5,0.0,222,31
222,43,44.244802958266966,693.9558537991938,224277.16133127426,2.6835979193741504,0.14010578576719465,8681.69656766223,423603.5,0.0,222,43
222,99,200.82668233771082,846.7523397443613,130530.06944713212,3.723525762949845,0.2198614412250335,3122.364555036416,304237.0,0.0,222,99
222,130,101.21361723915437,855.8968657871699,370038.2773883401,3.452586564056126,0.39436841331398864,8986.317499860905,1022323.0,0.0,222,130
223,6,587.6547889344579,754.3877513268488,336223.6311460045,3.051029323291559,0.26676528177072983,10274.564783024995,484598.5,0.005390151031871394,223,6
223,31,712.5761723401058,450.24077502777726,472323.2765927908,3.0698840876632967,0.22982301464920626,12804.868050486373,783042.5,0.0033360521151242603,223,31
223,43,44.0581034524717,693.8135234749823,246896.25821895883,2.7484043931114894,0.17827479333726498,8204.316655102048,373726.5,0.006988785955542666,223,43
223,99,201.82085755824184,847.2362401865527,134872.83174135047,3.671874262909219,0.33444334581313767,3297.0618333587668,197667.0,0.013210368750947395,223,99
223,130,103.0766296900648,862.1639299874356,323112.0596691591,3.2762394083239643,0.2987615508488021,8894.399364409697,977665.5,0.002672017121708281,223,130
224,6,587.0458113451532,753.6850882536264,304711.55758531287,2.933787118186783,0.2221218004360388,10059.781765039312,346376.5,0.0,224,6
224,31,712.443973006604,450.6953745238879,478492.36777068663,2.9774199720997347,0.1787842428546524,13745.808671313258,838676.5,0.0,224,31
224,43,44.875611533165774,694.4923461686889,207185.42902348138,2.8565921316098124,0.15856019040001332,7064.88490369173,274592.0,0.0,224,43
224,99,190.10846466965126,845.0563065697677,120794.17340768577,3.0921429047128344,0.2015967166298979,3916.403587916068,46720.0,0.0,224,99
224,130,102.49111327104984,861.2163312042242,351401.23173144954,3.4137089932958684,0.38803473548672596,8139.976084688297,992336.0,0.0,224,130
225,6,587.380957999257,754.1502979625826,296836.79889173113,3.0094943593425154,0.26389534834407957,9292.543060483378,392991.0,0.0,225,6
225,31,712.1671203238745,450.1627771608347,495877.07605821383,3.0054356076580233,0.18921585601145016,14463.393634462032,877579.5,0.0,225,31
225,43,44.270688149802915,694.4456631373381,235535.99063789725,2.7133729228613856,0.14500269320255466,8767.964016746413,361252.0,0.0,225,43
225,99,201.9049616835762,845.9654513701471,144933.69579818432,3.6408006210664445,0.24349482149318263,3597.1134427677594,243370.5,0.0,225,99
225,130,102.07074002872052,859.2442844749631,354165.79438584234,3.3428380501258874,0.379312201538697,8767.964016746413,911436.5,0.0,225,130
226,6,587.650649576239,754.7838688620976,306876.7855498345,3.1819702262421408,0.34733981254319773,8680.64244090679,366273.5,0.0051698060509420985,226,6
226,31,712.0488638945188,450.03479725111396,468674.31549006933,3.055368548625522,0.22076644199185314,12860.211023565615,704984.5,0.002686166087781086,226,31
226,43,44.60058615485151,694.0372260797882,225053.69291239826,2.662973633258236,0.14448677872039745,8198.38452752308,322799.5,0.005865941600216608,226,43
226,99,200.83323999024765,846.011578397808,164208.81950715344,3.6141615189516605,0.19017609596622287,4018.8159448642546,281442.0,0.006727757650179522,226,99
226,130,101.61228092288748,856.864737320336,393281.3283644159,3.503465336548675,0.38650366046232887,8680.64244090679,1017740.0,0.0018607432303303902,226,130
227,6,587.6955618485745,754.9289684673214,311715.5388532918,3.289787755241352,0.35694467726998325,8753.553923057694,346967.5,0.0,227,6
227,31,711.948597140229,449.6970800358593,474917.3916560624,3.096465318640073,0.2475315439139123,12759.417582762064,682258.5,0.0,227,31
227,43,45.14803783997219,693.8269863246715,194655.30079748636,2.7339470483926047,0.1436838103396353,7047.352734665093,214285.5,0.0,227,43
227,99,191.1662390519714,845.7317104318251,150516.6178803734,3.5223709475527456,0.4352389636547702,3931.6809993394727,95024.5,0.0,227,99
227,130,101.4416302942722,855.7610616801722,356521.86571368884,3.409064805257,0.34900929843646644,8679.371262692799,981646.0,0.0,227,130
228,6,587.8510253619214,754.7730145424676,340176.14578158665,3.1571556247567543,0.3376741414358871,9382.565224429447,342193.0,0.0,228,6
228,31,711.1075278268827,449.585880465135,509062.3198213167,2.9548261734247805,0.14449771889115823,14810.49551955392,853160.5,0.0,228,31
228,43,45.30424700161443,693.4552499349151,190752.9789429458,2.5960413891748613,0.1048718876664102,7754.186135892105,154742.5,0.0,228,43
228,99,201.95089249720138,846.0163782857943,130425.4108057052,3.4694179454059544,0.12358180746691903,3877.0930679460525,102264.5,0.0,228,99
228,130,101.34741907082044,854.3213538967773,329940.62008220906,3.3613549950957617,0.336478356365311,8452.062888122395,864395.0,0.0,228,130
229,6,587.8708750114989,754.4758236028036,352159.7137997705,3.0922908116267,0.3122673492414774,10549.832695991337,380847.0,0.0,229,6
229,31,711.3761914048806,449.76138683202885,498125.3094592328,2.9714143075642827,0.17618475848595674,13935.22677007811,820074.5,0.0,229,31
229,43,46.066428584392895,693.3563184701987,171159.2259782475,2.7316334906313684,0.08658170358026597,6062.217295457709,161246.0,0.0,229,43
229,99,195.428826194108,846.4885222274107,116284.34994014332,3.494361450951868,0.3422519277893768,3936.5047373102007,100201.5,0.0,229,99
229,130,100.89129124048634,852.9664778701137,347908.2886834755,3.352625772441426,0.3299805878111209,8502.850232590034,812671.5,0.0,229,130
230,6,588.0458361050277,755.0345059068844,366352.6603224025,3.1180687035092673,0.34048547260673334,11397.29137163238,389002.0,0.0,230,6
230,31,711.6466558298879,449.4213968986535,509911.69342125143,2.9874200417446346,0.1748762386353664,14519.836952901525,660101.0,0.0,230,31
230,43,45.760600032615955,693.060208433422,163543.32481897148,2.845672509028335,0.21754241806446653,5932.836604411376,156372.5,0.0,230,43
230,99,199.5901339716773,846.2743901727067,160576.9065167658,3.927143986798565,0.30442086714868866,3668.9910579912457,185561.5,0.0,230,99
230,130,99.50145468836277,852.0766381213292,350193.48693933466,3.320151525529274,0.3035382690205945,8821.191267085336,884267.0,0.0,230,130
231,6,587.4843703491068,754.577650559949,321808.63883092056,3.020383320822001,0.28939876805508424,10082.777195746858,280831.0,0.0,231,6
231,31,711.2971110005989,449.5307072616984,505131.86057177256,2.8716429061589412,0.14892926553926433,14895.011766444222,761984.0,0.0,231,31
231,43,45.26855209113875,693.3556866195416,156664.9699127031,2.8536546234430005,0.07254288270269395,5881.620030852334,103131.5,0.0,231,43
231,99,201.88701779979573,847.8103213845051,163692.36007943575,3.566448097178014,0.13143083554062862,3819.2337862677496,149265.0,0.0,231,99
231,130,97.05766632351236,842.559210333219,357480.28239466134,3.36999074284153,0.3514633982602253,9471.699789944018,900877.5,0.0,231,130
232,6,585.8008156714409,753.4140260406118,239416.87788365086,2.6089117550707592,0.12832943726325385,9837.996908220644,169577.0,0.011494389421508678,232,6
232,31,711.357198726145,449.5269851857505,564839.3693633869,2.8063551694902777,0.07371955363759862,18061.94744868634,881734.0,0.0022104658694076353,232,31
232,43,46.79108998158331,691.7785086004696,151105.48376220147,2.814274759358033,0.03700325803438312,4995.857804955796,75891.0,0.025686838638136367,232,43
232,99,201.98003838767266,847.63801714844,173702.13291077077,3.43929659406497,0.09199454983591013,3842.9675422736896,210524.0,0.00925856472051674,232,99
232,130,97.85517237181472,847.2293186858054,339872.0494386851,3.3076463912395284,0.3208645795475341,8147.0911896202215,877460.0,0.0022212329640210597,232,130
233,6,585.5578615849174,753.2123092025447,255529.46974356542,2.634660730276175,0.04931192723350893,9383.165080802022,183396.0,0.0,233,6
233,31,711.4977346147663,449.4510643549472,550694.7230181049,2.780027813097941,0.106886101522557,18766.330161604044,787895.0,0.0,233,31
233,43,46.33659224120037,691.8965086448322,135570.55754676028,2.945203616674986,0.1278406872736903,4368.0251238216315,55429.0,0.0,233,43
233,99,202.42245621308442,849.4430203312868,191707.7693232827,3.257448459167853,0.18259464638723522,5419.586727704616,307658.0,0.0,233,99
233,130,94.38642044150774,837.9348098293165,345316.6528443434,3.341428446314717,0.32361543999836284,8736.050247643263,814512.0,0.0,233,130
234,6,585.6339680307201,753.1982529146858,254511.70946223682,2.5938852038679996,0.08386673824363666,9801.171028132476,252954.0,0.0017170634151544273,234,6
234,31,711.3413104198889,449.62800917436766,563447.8076416645,2.8223204740342687,0.10707002285890627,17610.234123717702,757520.0,0.0005732311657512284,234,31
234,43,45.96526406551329,692.455353110146,150842.41265247785,2.9555609838068957,0.0350739516271861,4462.321768905843,145130.0,0.0029935513357418476,234,43
234,99,202.82778404187806,848.3021264817434,189568.99086119642,3.4363240278990377,0.12653596900061617,4781.059038113403,272001.0,0.001596785028513779,234,99
234,130,96.78951400419716,844.3031140102668,356985.74151246744,3.486901510346563,0.37176508277618847,8287.168999396565,879506.5,0.0004937164693539192,234,130
235,6,586.5662271422449,754.4690872119322,258989.9472487141,2.7523802093780807,0.1310737354464552,8625.36517509717,193089.0,0.0,235,6
235,31,711.5743119262195,449.5865784910268,569732.0855480112,2.755536179327743,0.12638790323342522,18930.004986053962,739968.0,0.0,235,31
235,43,46.50917962913514,692.5068635500423,149073.78926517497,2.6832243253850288,0.06576432018654539,5343.146568644263,79211.5,0.0,235,43
235,99,202.61215606063092,848.6139769492329,164187.26098791158,3.3757413910966276,0.26103438890764774,4045.525259116371,140166.0,0.0,235,99
235,130,96.41898561538322,843.3602453654515,356769.52945490414,3.399702974767836,0.3569707465653504,9007.018501428902,899601.0,0.0,235,130
236,6,585.7622691604982,753.3586858563143,275454.1410448675,2.603565158015721,0.09816220496599758,10281.575181061908,208116.0,0.0,236,6
236,31,711.3647296990312,449.6284866021136,570857.6070679148,2.8043984270489113,0.10497446507686418,18414.761518319832,795044.0,0.0,236,31
236,43,45.897174840097016,692.8776308533018,146857.72310860068,2.878776879481819,0.19905873665601548,4987.331244544955,52242.0,0.0,236,43
236,99,201.3957998144109,848.68053217936,201718.36679859518,3.5262963674015455,0.1951898901773079,4066.593168628963,221414.0,0.0,236,99
236,130,95.54564012487552,841.457467346749,348345.90538821684,3.392950712498626,0.34116356094821604,8747.011721201921,838052.0,0.0,236,130
237,6,586.4500224662064,753.8987838212355,285227.79760514933,2.5593473909099393,0.06288513169598837,10492.836077702385,269155.0,0.0,237,6
237,31,711.3139131492219,449.82980700995427,563731.3129351514,2.744553347344323,0.11265531197649781,18399.40974188658,915480.0,0.0,237,31
237,43,46.646529804187594,693.2143699102678,141136.03456627857,2.8660314244010743,0.061451620515883564,4507.485920703138,76146.5,0.0,237,43
237,99,201.80346162611124,848.8030796142423,187984.33085686527,3.548573546347388,0.20074151056497186,4581.379132517943,279326.0,0.0,237,99
237,130,95.46122014751873,840.4843915654894,357125.89270095516,3.3906920948779384,0.35864848878442024,8571.612570517442,797289.0,0.0,237,130
238,6,586.3078717061594,754.3276411980925,297629.8069169873,2.6441066591302764,0.11574998689334413,11097.308237024134,286456.0,0.0,238,6
238,31,711.5412761203155,449.6644681066393,537405.6468916221,2.8677004632870156,0.12523036984877237,17163.836739930663,709861.0,0.0,238,31
238,43,46.37644885131687,692.4278309975247,165275.9106767461,2.725012627996333,0.03839153149841977,5770.60028325255,137820.0,0.0,238,43
238,99,201.80862523266342,849.2913039173966,197680.0507288566,3.508330547929162,0.24600337376864,4512.905349723148,256386.5,0.0,238,99
238,130,94.96074442814715,837.957225554401,382635.18801259215,3.6358296908138104,0.40387438952921567,7990.061930657377,923884.5,0.0,238,130
239,6,585.7580715710252,753.9612106721562,307639.4485375332,2.522736727411165,0.10097609408651613,11685.411029355157,251551.0,0.0,239,6
239,31,711.1542979861196,449.6026292623242,571897.7633190289,2.7477895156329244,0.08823876628294675,18559.182223093485,876343.0,0.0,239,31
239,43,46.07961932288051,693.1820315072871,148549.83302023387,2.629670529765218,0.06964047163892283,5651.767425962625,53957.0,0.0,239,43
239,99,201.4343202248149,849.5478576643377,206060.38534117787,3.3104166525740735,0.22086183901526596,5346.266484018699,205776.5,0.0,239,99
239,130,94.49534087930714,837.7970717973496,363240.6199713276,3.2788795805299844,0.2994264496017112,9546.904435747678,862308.5,0.0,239,130
240,6,585.5032047995895,753.8423216225842,333263.3312475816,2.544850915505373,0.08069957510612599,12337.479671441244,303706.0,0.0,240,6
240,31,711.4739325065983,449.58730534072225,575168.7608790308,2.748457797715739,0.04565042823997564,19149.58501150083,824989.0,0.0,240,31
240,43,46.630938146298206,693.6140360356649,152515.46955800065,2.8402460313519358,0.06152566527548171,5146.924034711685,41313.0,0.0,240,43
240,99,199.57749367595835,850.3753597445076,232898.31257070374,3.5991458922529325,0.3285177093034291,5222.61409404568,307178.0,0.0,240,99
240,130,94.5317353038978,836.7834188683905,335458.34296826745,3.3276613897615466,0.32517449976843765,8628.666764075471,789459.5,0.0,240,130
241,6,585.3120932567278,754.0889125055153,309673.779362431,2.5868991819022567,0.11091158852667603,11602.47420864801,283666.0,0.0,241,6
241,31,711.4313579307525,449.17874304274244,556769.0526704767,2.7466765955452908,0.0764954061104205,18039.97602763981,753132.5,0.0,241,31
241,43,46.484676086829914,693.4134963620253,144694.08158268774,2.956837280711308,0.06915630826476056,4715.844355773062,100417.5,0.0,241,43
241,99,200.52877112659718,850.7911583532389,221345.26603207848,3.356206048437302,0.2645733563325415,5539.245751225501,279169.5,0.0,241,99
241,130,93.67074902868126,835.5730463240172,352116.3785643886,3.3460747132116695,0.3080276641101257,8533.432643779826,805959.5,0.0,241,130
242,6,585.4204986093766,754.6413068918491,295935.2532983621,2.616281388898153,0.11603174068992084,11001.310531537623,258845.5,0.0,242,6
242,31,711.0647229302132,449.42430503696136,569317.8200070721,2.7442895098246485,0.09690228317182559,18702.22790361396,839237.0,0.0,242,31
242,43,46.08971806480632,692.5482357648298,154096.92823103772,2.7950564649983947,0.1197783921523131,6050.720792345693,115909.0,0.0,242,43
242,99,200.3532906817145,851.082011183632,219161.82194613165,3.4034340323592303,0.28334052555603617,5579.2360552797945,223962.5,0.0,242,99
242,130,94.41247377885065,834.7743511113697,344105.27726859465,3.176939343838335,0.3092875577803417,9115.37158327403,836052.0,0.0,242,130
243,6,586.1775796341515,755.1436564221048,288828.0362104151,2.650234034548494,0.10658686326148523,10056.792608750935,228481.5,0.0029241482761223655,243,6
243,31,711.0780697931734,449.2872015647777,564932.7060143044,2.798058280594751,0.08009568379187917,17370.823596933435,871732.0,0.00076622529939146,243,31
243,43,45.23486167974295,693.3715845918256,157023.102777543,2.715259590421697,0.05498388785898487,5714.086709517577,41348.0,0.01618367247611922,243,43
243,99,199.40800391838735,851.5143732840276,177289.06364063203,3.2056031735165385,0.19899013588682515,4876.020658788332,143557.0,0.004654950122243004,243,99
243,130,93.18819903191581,833.5811072811154,339416.7505453441,3.4227075610195477,0.33000482663372915,8913.97526684742,830989.5,0.0008037960578167346,243,130
244,6,585.9073557043387,755.2441080112989,271872.79615585087,2.581192291959022,0.058730904503160306,9407.615532216942,186787.5,0.008753795671052476,244,6
244,31,711.3833219271266,449.3180362301975,540318.0114588784,2.7165057386766045,0.08750814622625544,18013.031290368872,781603.5,0.002092176132329238,244,31
244,43,45.11784090513927,694.1616839775464,161242.1545870671,2.8274675226406254,0.09834072918163371,5615.398418455074,113272.5,0.014433949191675706,244,43
244,99,200.33264644654926,851.1667144882192,147094.26766264785,3.293824693355771,0.29071163496487257,4594.416887826878,116131.5,0.014078675011237085,244,99
244,130,88.56441360788133,823.5812370212647,344216.6303260772,3.3228472067373236,0.34863806221528404,9115.906523466028,760172.5,0.0021511575816344163,244,130
245,6,584.9046222560396,754.8262689809995,280455.35631332156,2.5603650038568326,0.040198734024582496,10638.213047998168,291051.0,0.0,245,6
245,31,711.4664045687626,448.96023009582024,538978.5062742634,2.7444439184016605,0.06544272150768818,18143.25375994208,732915.5,0.0,245,31
245,43,45.4407159206038,693.8054539912855,153962.63130424745,2.715313883171845,0.1267173397992248,5610.564415725061,131693.0,0.0,245,43
245,99,199.77003368152927,851.2832177335622,157678.71942375368,3.2322313930454514,0.18192510628151748,4371.868375889658,165639.0,0.0,245,99
245,130,88.58374333239726,821.5694678687844,343628.8543449271,3.3558716408542413,0.32900955328434167,8452.278860053339,819881.0,0.0,245,130
246,6,584.878580880519,755.0977844779061,277249.4062200511,2.522280131703517,0.03308379025695236,10384.712332144194,224420.0,0.0,246,6
246,31,711.9841372426437,448.6038459801022,518339.0946792548,2.7364540982807832,0.061925924671000956,16585.655667165545,742588.5,0.0,246,31
246,43,45.14547913545945,693.7084664605783,171235.68823938482,2.7689534064048797,0.08101517353585876,5752.682371043906,120272.5,0.0,246,43
246,99,200.33002734493766,851.4623958678865,144564.16088272672,3.1930156337245363,0.2537769305486247,4407.899479111564,36556.5,0.0,246,99
246,130,87.76024235527514,820.4358061810702,368545.2225501245,3.364564148833493,0.3412457368295099,9114.63960087476,894801.5,0.0,246,130
247,6,585.1682239650577,756.1547083671334,219491.8080390837,2.764824745743142,0.16171862195848874,7879.9278343013075,83142.0,0.0,247,6
247,31,712.0310197010716,448.30800637881714,495074.3751168758,2.7942517012281187,0.06796947208922048,15258.405715510715,737676.5,0.0,247,31
247,43,45.57059965392822,693.8134415588127,154661.4926750593,2.907322534018773,0.13528172272219985,5659.22089918003,57930.0,0.0,247,43
247,99,200.40919426628915,852.1419433566662,144560.85790563672,2.9978518903362237,0.1840160708666031,4656.320992996228,36236.0,0.0,247,99
247,130,90.68446756983828,827.0563773021643,351946.2313629302,3.4566608119776046,0.34515784396392124,7665.020711547636,830921.5,0.0,247,130
248,6,585.5124720233842,756.9909771479576,214681.63101842342,2.9698660068922216,0.2123949553822871,6425.084597818788,117680.5,0.0,248,6
248,31,712.4849774341367,448.3189019418178,496198.10942937486,2.7935786426469296,0.021562919808776934,16272.225122736712,681913.0,0.0,248,31
248,43,46.10265765546737,693.8829938422589,157763.76202687653,2.787755431397368,0.08478107741449491,5237.840704743577,126812.0,0.0,248,43
248,99,199.85833841697098,851.9748506097976,141631.21265626632,3.2597146569861626,0.37075729162844967,3980.7589356051185,100937.0,0.0,248,99
248,130,86.95242323354695,816.8557759713689,348491.00155560597,3.4503927922544824,0.3831656918606473,8101.193623336732,741186.0,0.0,248,130
249,6,586.3008064243367,755.9816426126582,236878.46673705694,2.6828134907331247,0.04932299615248943,7288.568207294059,175723.0,0.0,249,6
249,31,712.3436301405444,448.7621083175128,508563.5653211916,2.8310369832805007,0.04682823432000733,16138.972459008275,700225.5,0.0,249,31
249,43,45.62501123631128,694.541499405403,155068.00726742973,2.6257350232782484,0.031266631783269674,5801.105307846292,77829.0,0.0,249,43
249,99,200.57812036099443,852.1603371739898,156406.72387693272,3.0381157661392857,0.2685332769539022,4834.254423205243,100305.0,0.0,249,99
249,130,89.40322990194876,822.9297401623364,354908.64780823723,3.379713652888938,0.3315150615777557,8478.538526852273,805445.5,0.0,249,130
250,6,586.8422045402358,755.8889681188426,276530.0305286071,2.6956616981807873,0.09387397311845067,9215.086427584498,165572.0,0.0,250,6
250,31,712.16511930875,448.6332724687311,545393.7286510724,2.7118986769770688,0.008453115744202159,17733.233545519746,742691.5,0.0,250,31
250,43,45.86318858663365,694.8780089367809,140859.17825022017,2.8196670486035686,0.07419072522626777,4723.699765400456,11971.0,0.0,250,43
250,99,200.08442769875796,852.3353564560853,168814.18833726223,3.2525924734225677,0.2772048778242642,4878.575167544734,62824.0,0.0,250,99
250,130,86.23914459962717,812.434764248072,350715.34815571585,3.394305102935972,0.39030766740895806,8518.14711793525,821564.5,0.0,250,130
251,6,587.3927819525674,756.0691001108754,318566.270946356,2.6907265987597087,0.1391148218736941,11349.977876759915,193918.5,0.0,251,6
251,31,712.478377052181,448.54021404907223,525319.9219986852,2.7112902630502234,0.025607927015517548,17024.966815139873,797754.5,0.0,251,31
251,43,45.810906442606345,693.9687880403898,140417.63170505004,2.9436729213031336,0.06451640450923832,4294.586223638887,20744.0,0.0,251,43
251,99,198.77209074938563,852.296394301792,155448.68348778613,3.2933384198569646,0.2137138183659981,4064.519104515375,69916.5,0.0,251,99
251,130,88.36488390509294,818.9705378557204,341112.84862046014,3.3141496842322016,0.36421560297455735,8972.61764581696,756601.0,0.0,251,130
252,6,587.4609995839481,755.8235312346286,323257.03063059907,2.72758402720171,0.1497564137616212,10762.421947273217,284925.5,0.0,252,6
252,31,712.48027901283,448.65241265577293,495302.0329020095,2.741006203666164,0.02608208358097073,16835.50290323453,727127.5,0.0,252,31
252,43,46.285130786758835,694.5502348208943,149443.91618213666,2.721655269759087,0.08587478567069687,5304.336531156085,56648.0,0.0,252,43
252,99,199.65047211605167,851.6594451844618,122768.48464139519,3.1279338138209276,0.11813674306982365,3997.471008987194,51577.0,0.0,252,99
252,130,87.9445318860698,817.1936818913905,352008.0721183147,3.4976671475419927,0.3607821476412705,8225.565345415958,823571.0,0.0,252,130
253,6,587.71870908369,756.1596052285603,332148.1634511166,2.7563330941238857,0.14682010749469804,11689.869666275807,285479.0,0.005568757744606513,253,6
253,31,712.6404028210535,448.9380734044614,534694.6385354555,2.7229342781147907,0.04787481009211127,18002.39928606474,723291.5,0.002197900920691075,253,31
253,43,46.55212075323924,694.3753490736588,145499.91111291287,2.720215341675798,0.0640087292337695,4675.9478665103225,33399.0,0.04761419628848143,253,43
253,99,199.51978613220285,852.1317268533209,155553.1990259101,3.1676597254554575,0.3183555499804853,4753.880330952162,38689.0,0.04110182764034867,253,99
253,130,87.23240788225316,816.0057707351549,339084.1527864402,3.323789293871208,0.3504383437877679,8728.436017485936,819789.0,0.0019391818598893725,253,130
254,6,587.4538679495363,756.8136175262315,321956.8271145942,2.7084118439813833,0.08753014729441386,10901.996307194473,182716.5,0.0046758144121826955,254,6
254,31,712.8245373170187,449.14927254413897,498089.7887301191,2.710610196501831,0.0851650676539813,17396.802617863523,592338.5,0.0014419547266576924,254,31
254,43,47.200210891185954,694.3809668148779,137009.48550601848,2.8978079985375604,0.06634873389841055,3943.275260049065,-1946.0,-0.4238336328323043,254,43
254,99,200.16181510686317,852.6769289388162,176055.64249277883,2.991570649256833,0.2034656131834135,5876.253328700567,59135.0,0.014458839885114533,254,99
254,130,87.48154514374819,815.1405826570015,348477.2862164928,3.4502711456460813,0.32633709942987593,8195.82701108237,818281.5,0.001043770174632245,254,130
255,6,587.9424029042647,756.4403576438413,333787.27530132985,2.654626204966272,0.1477119476664455,11945.1219385351,190266.0,0.0,255,6
255,31,713.0777541314048,449.55235984149874,516119.41960840335,2.6987516657020425,0.0689154677856661,16828.347888250708,669196.5,0.0,255,31
255,43,47.15384666420334,693.4389265598464,138383.11075963304,2.7771950166840815,0.048001369925526664,4207.086972062677,-14872.5,-0.0,255,43
255,99,199.27605497643913,852.6137551547031,184135.18158081465,3.16582371911031,0.2924053275011085,5559.364927368537,50608.0,0.0,255,99
255,130,85.75098888496133,814.2039770936127,368420.61626777437,3.3565329156293253,0.31395010010266156,8789.806709488092,776731.0,0.0,255,130
256,6,587.8998486138297,756.3302812319141,381468.3573308105,2.7936429304723616,0.21837521369067142,12821.812784596403,317732.0,0.0,256,6
256,31,713.2274379496025,449.91304397811626,516913.3251099107,2.662827337388445,0.06763529544230124,17173.45833573215,664957.5,0.0,256,31
256,43,47.30726356595845,694.1985461324425,141039.94063056042,2.8507405639737544,0.1549569184992599,5128.725113838561,28870.0,0.0,256,43
256,99,200.42284575773925,852.6598092933166,181525.78584737694,3.1287990606051768,0.3045313312916025,5439.556938919685,76018.0,0.0,256,99
256,130,81.49067478091172,805.9958370106383,332590.05283680366,3.3221150790017555,0.3305621859598707,8237.04336464981,697258.0,0.0,256,130
257,6,587.5797280848839,755.7179594789427,373481.741126672,2.8584175425325156,0.2223387637297782,11473.485691391406,257174.0,0.0,257,6
257,31,713.1103525804449,449.25322985828086,531736.7161803466,2.664470822115484,0.06401451988932189,18515.832081279925,614776.5,0.0,257,31
257,43,48.78525883864171,694.3819243881709,158017.59259109406,2.7202204688404668,0.08833843745385464,5538.92412687861,49600.5,0.0,257,43
257,99,200.48219980358613,852.0899860174375,170836.2455704417,3.1309981805007827,0.267074621185522,5538.92412687861,36610.0,0.0,257,99
257,130,81.15663907242862,804.9948396931695,330673.77037465305,3.3104141475332907,0.31419548821603377,9020.53357805945,728934.0,0.0,257,130
258,6,588.0864722562159,755.5732917940218,378025.29775304184,2.7032143826182002,0.15938449825225598,13053.674204682433,222107.0,0.0,258,6
258,31,713.0911124696721,449.44041312235055,559941.9086171336,2.695688957139895,0.06320881522780278,19125.150578953333,703670.5,0.0,258,31
258,43,49.514527280007215,694.4248916694893,138353.7678786981,2.7848426036193903,0.16031400199295676,4705.394190059947,-44333.5,-0.0,258,43
258,99,200.0758670376259,852.0556016764494,205519.47526906992,3.0906419959005644,0.23362554763869958,6147.369828949285,80530.0,0.0,258,99
258,130,84.18275389482557,811.2292388910872,378784.2322998257,3.48474650796936,0.3843171112825495,8500.066923979259,821436.0,0.0,258,130
259,6,587.5549348735593,755.1794136663179,406643.0606093023,2.81657556923055,0.2094986846791411,12922.498302209755,283363.0,0.0,259,6
259,31,713.2167100058346,448.8742026806022,548488.2612715696,2.6495761006931966,0.04948070306602282,19194.822039539635,679173.5,0.0,259,31
259,43,48.84929682928429,694.6303982372629,140031.51669002735,2.7977324871432647,0.1534819975823384,5063.201089169904,-15122.5,-0.0,259,43
259,99,199.70316890605915,851.7874721786312,181066.11656195656,3.0391161618265143,0.20743994069142502,5970.0430752898865,73615.0,0.0,259,99
259,130,83.44058301887961,810.9886315850861,335682.67519541364,3.2814817487466006,0.3026443059438509,8690.569033649836,684031.5,0.0,259,130
260,6,586.9925505210533,755.1863091962341,358865.77706873877,2.86297665912008,0.21505029852939112,11368.917997589497,209088.5,0.0,260,6
260,31,713.1839032463519,448.8807796356014,573855.9367197071,2.6491058848869757,0.09118224509161056,19993.614409553942,658129.0,0.0,260,31
260,43,48.95356574586532,694.8793227851961,151088.9998714135,2.8187783093459537,0.1364189182576403,5645.255833285819,17913.0,0.0,260,43
260,99,199.93072935282112,851.6329784171736,177903.96507952115,3.126113728377474,0.17410945578239798,5018.00518514295,757.0,0.0,260,99
260,130,80.44704887786305,802.6825989131164,371724.4153556676,3.530952118674877,0.3907535141505257,8232.664756875152,810581.0,0.0,260,130
261,6,586.2270432003576,754.9086176653644,331259.07532836066,2.8296561259166526,0.1939163240719333,10402.931930455472,140290.0,0.0,261,6
261,31,713.2497026920524,448.52474243735037,510412.42450213316,2.654211583942334,0.04823622438643889,18056.517565004855,592392.0,0.0,261,31
261,43,49.085422940315794,695.1706125945917,161988.51148852092,2.8591555820209984,0.08687439790814758,5127.159308581626,5133.0,0.0,261,43
261,99,199.68941253016152,851.9508333014936,187550.00137478294,3.1803302961159594,0.27317544832472146,5870.225875042731,10023.0,0.0,261,99
261,130,82.75523228377335,808.5713912160548,370790.21666409145,3.379859005015975,0.2595595824849822,9362.638737409925,826849.0,0.0,261,130
262,6,586.4746488430804,754.7577567228545,361383.4383246984,2.7164405426417924,0.17847334239975077,11934.623436469847,167534.0,0.0,262,6
262,31,713.7107882904384,448.6503791359425,478069.08784687176,2.726173906628902,0.1202007344288202,15735.458925791454,590639.0,0.0,262,31
262,43,50.07544211674928,695.3073093399111,158494.83990471103,2.6240905698822297,0.02904158561101043,5853.286653555275,-35110.5,-0.0,262,43
262,99,200.16264761952263,851.9458957989881,159331.02371236178,3.189842538409589,0.28014222171023584,5169.136265477386,1714.0,0.0,262,99
262,130,79.15928876791783,799.6045507055184,357810.6529647361,3.179329617624735,0.27169168092190965,10034.205691809044,682368.0,0.0,262,130
263,6,586.7594329960597,754.2887568933022,417060.1584585163,2.7723674204445707,0.18510942018356988,13436.412094495337,271503.0,0.0,263,6
263,31,713.7819111138008,448.30318759009094,494338.50598504883,2.6704774163901166,0.06262635768119865,16093.329740299501,611103.0,0.0,263,31
263,43,50.046974902683814,695.9015659427445,163134.7434523756,2.736360481206455,0.10590266949031894,6224.778484455467,6416.5,0.0,263,43
263,99,199.35564162503132,851.1135375879409,186515.61873545224,3.5705004899136688,0.3416691766132276,4554.715964235707,66518.5,0.0,263,99
263,130,81.57399817887175,805.5203109818111,388289.53595109406,3.507567576402528,0.39896883937547245,8957.608062996893,815923.0,0.0,263,130
264,6,586.4985290745956,754.1166098214433,443772.32493345137,2.8284595428063843,0.18764829081173823,14404.493217168694,285095.0,0.0,264,6
264,31,714.1459423993906,448.1713753226168,517747.9426419618,2.7844608557406296,0.08869567834521025,16845.93274550237,532003.5,0.0,264,31
264,43,50.35054430990763,696.0742184184281,162437.10995180064,2.6829828164912226,0.10208145190804349,6347.74277366756,2159.5,0.0,264,43
264,99,198.94960458184593,851.3751214196498,204267.10720391764,3.4665159840579247,0.2953674547564987,5127.023009500722,94444.0,0.0,264,99
264,130,79.18505327014967,796.8781444632599,338627.662579881,3.1235090170621165,0.26068334453567027,9765.758113334708,703507.0,0.0,264,130
265,6,585.8920789979638,753.5167725956294,510897.80073842726,2.710133308533347,0.14822423524283548,17609.446615199187,386332.5,0.0,265,6
265,31,714.890529569229,447.35049335413964,547609.0199531645,2.653773276656653,0.04910699176790604,18803.307402670318,672439.0,0.0,265,31
265,43,50.77197215048324,695.2092381243879,150202.6103237117,2.5553971598968217,0.11434584463269984,5969.303937355657,-51052.5,-0.0,265,43
265,99,199.7154242190796,851.1828392942487,174825.9890653038,3.4362681124052163,0.2923013145739991,4626.210551450634,-19451.5,-0.0,265,99
265,130,81.03752606303027,803.8866777260943,344951.15127994,3.3362306249131963,0.3381750282797566,9028.57220525043,712411.0,0.0,265,130
266,6,585.916099745032,753.6719879216474,496020.361262371,2.784493437234855,0.184334189886153,15858.68984302211,418951.5,0.0,266,6
266,31,714.9779330944681,447.3086208330908,576679.6306553495,2.708320512790168,0.08142134870874486,19349.119186462383,747585.0,0.0,266,31
266,43,50.643484155327265,694.7375544265486,160180.35530440035,2.828762067861195,0.08727449993168766,5539.159610242173,-1011.5,-0.0,266,43
266,99,197.96742292333477,850.3060271940853,197892.1679933094,3.589296887586657,0.3512104588050417,4400.976128685562,118591.5,0.0,266,99
266,130,80.33580888781596,802.1894714102265,350484.6334206657,3.455842121914076,0.3975587938850854,8498.436662289361,696603.0,0.0,266,130
267,6,586.3584166046584,753.4508870020046,521023.12345547136,2.7838950803582696,0.18909790229504472,16838.58126651552,489427.0,0.00304878487692238,267,6
267,31,714.7343274159629,447.5036348667726,555523.5055170876,2.590384191582919,0.05151938328096545,19083.725435384258,691414.0,0.002158079692171575,267,31
267,43,50.33990125533984,694.8254339320819,182156.0302342168,2.5924167270024454,0.09961470734849366,7259.299479342247,67787.5,0.022022063273881558,267,43
267,99,199.4417013449425,851.488950776782,153043.99417788553,3.4055901118278973,0.2581092002397304,4116.097642926016,47688.5,0.03131038244953843,267,99
267,130,79.94218668865345,800.3841307388952,355555.9982098455,3.3936002765937845,0.3820276035492817,8531.547841701198,764930.5,0.0019506599154681724,267,130
268,6,585.5760281619579,753.8078736450834,488065.5593800682,2.697812866631738,0.14334168122801208,16703.677879695944,439033.5,0.0,268,6
268,31,715.0352887723269,447.74344959680036,540483.2913930188,2.6570743591609127,0.046267214967448636,18294.504344428893,689020.0,0.0,268,31
268,43,50.694189324057845,695.4160070166655,181115.59300984602,2.6442569583268716,0.08824662378225018,6920.09512158832,66992.5,0.0,268,43
268,99,199.6500709841694,851.5094937523546,193524.03943476302,3.6020156936264334,0.31626789299124686,4454.314101252252,98933.5,0.0,268,99
268,130,77.49452645495762,791.1009704618592,356981.45868607337,3.40369150548748,0.3980775615379566,8988.169525741152,767912.5,0.0,268,130
269,6,585.4507317350402,753.7057767429002,447600.4982801756,2.713186669812926,0.1774933104961772,15999.40211057922,346579.5,0.0,269,6
269,31,715.0664429542843,447.634078679874,531654.7734831229,2.651052197483048,0.07556407315420888,17683.549701166507,718466.0,0.0,269,31
269,43,50.420533064284804,695.1596296032419,164587.150898303,2.6233300335863725,0.07445968589475271,6813.142525557659,2878.5,0.0,269,43
269,99,199.82021390640423,851.6977089386941,211743.283434747,3.561818492868331,0.24913492105452287,5052.442771761859,153616.5,0.0,269,99
269,130,79.10560065903816,798.4881085201165,353977.20267616416,3.3336973561323378,0.3553980001043128,8880.05093218751,747193.5,0.0,269,130
270,6,585.0578259150884,753.8294309078279,431286.5114151836,2.7977114494587636,0.20078038860700964,14735.55784371244,374475.0,0.0,270,6
270,31,714.7790605120061,447.730862613299,550179.1965436634,2.6651273632640797,0.05766734956069289,18535.78065603828,775657.0,0.0,270,31
270,43,50.18699201928695,695.2227386241607,167985.3594183218,2.6456640602092545,0.06589292993632959,6592.223245871355,42571.5,0.0,270,43
270,99,199.7542362995783,852.1464033415095,209400.03251591363,3.2047996412788025,0.28488020741641973,6282.000975477408,165650.0,0.0,270,99
270,130,76.68100415367336,789.8770414318711,353420.7215463031,3.4538240534941935,0.3904093155744446,8763.779138628977,742848.0,0.0,270,130
271,6,585.4691766281849,753.6755498173826,414529.05991968897,2.8049534951555843,0.2153582398436512,14322.548922695476,378003.5,0.0,271,6
271,31,714.4695732872437,447.7648771983729,544706.7820652352,2.6188963021489973,0.06362232700447855,18746.79178363282,664918.0,0.0,271,31
271,43,49.14564242149916,694.7432862337479,141950.70738566772,2.8192605984973844,0.13650465598906927,5324.088866551721,57622.5,0.0,271,43
271,99,200.16066076789627,852.1764767935628,221962.0147182126,3.2437049220947367,0.2790467173261271,6148.947705031565,183106.0,0.0,271,99
271,130,79.04253240296268,798.2198341681826,339166.956949485,3.3171913673049636,0.34948329688406987,8623.524220471098,778191.5,0.0,271,130
272,6,584.9679889053994,753.4536556286389,416315.28840047296,2.8552485924391338,0.20359909897184056,13594.275157944363,304500.5,0.0,272,6
272,31,714.5883128357667,448.1047891028119,525445.0221269545,2.6652905254222587,0.05535183342310051,17424.70627979609,652233.5,0.0,272,31
272,43,49.312415175638414,694.5332520066195,148936.17479670537,2.7665970985669914,0.12929843341478198,5107.241495802302,8128.5,0.0,272,43
272,99,199.09999517391114,852.3963145792111,242518.864558024,3.1910858342398956,0.3415360346768552,7060.010303020829,141778.0,0.0,272,99
272,130,78.40447357824394,796.1707780139288,352249.45022518816,3.4737517124124273,0.39053808135591245,8487.033662142061,832444.0,0.0,272,130
273,6,585.428265798902,753.6095617701052,395307.5115365401,2.846319192999476,0.21589923450564927,12906.715487157591,275837.5,0.0,273,6
273,31,714.9180342546947,447.6496137126663,534212.1019928398,2.6496461332983703,0.0478358386780337,17313.88662911384,747421.0,0.0,273,31
273,43,50.04597792230573,694.7411567439455,151968.70491281286,2.6586384416731446,0.08651477865558935,5745.062381478684,35600.5,0.0,273,43
273,99,199.38769857225395,852.4638249546531,235941.05506401497,3.2524430187773614,0.2999279723496432,7004.254136323327,160194.0,0.0,273,99
273,130,77.9553172002808,795.9512546652343,335810.7011201307,3.2929037905470184,0.3625905007827297,8814.342283912501,673243.0,0.0,273,130
274,6,585.4126456463588,753.71241867636,405583.6914904908,2.8178422610401257,0.22631252040249467,13557.801680699145,338189.5,0.0,274,6
274,31,714.5844959774367,447.592205569409,552583.1291072833,2.675373024055499,0.08050383689690124,19145.259343047885,746281.0,0.0,274,31
274,43,50.243626166628935,695.5885690132073,173046.85054274183,2.6286463391731196,0.07355079857563054,6491.311107728682,90070.5,0.0,274,43
274,99,199.17300691784874,852.8098579413928,185865.1357681301,3.1116847182884806,0.2698160081359393,5587.457662348738,141468.0,0.0,274,99
274,130,74.52920292709155,786.9168873209777,323908.2074261578,3.3379344196301095,0.3125894835588776,8545.52348359219,718150.5,0.0,274,130
275,6,584.7881509021255,753.749870314404,432610.1894461183,2.8378053462237287,0.23448395427248547,15053.00205334451,413438.0,0.0,275,6
275,31,714.4186400231287,447.59986543421263,565551.1043194054,2.6800018567650006,0.06892526010323252,19470.73091682605,740444.0,0.0,275,31
275,43,49.65869428913673,695.9742502111649,168364.55557490763,2.5816124868132264,0.07626250870897332,5890.305151308721,89779.0,0.0,275,43
275,99,198.78462258253202,852.3752911470198,214178.04008508657,3.3696393071590633,0.3251477256513022,5726.685563772368,167283.5,0.0,275,99
275,130,74.6589753539436,785.8558742893676,350473.1565028689,3.363310582828169,0.3379638690497025,8262.789170585846,843263.5,0.0,275,130
275,299,697.4567778404258,1029.9898664714494,381642.68792854424,3.145694074627544,0.25605017175708517,9980.794839717555,764965.5,0.0,275,299
276,6,585.0352918710624,753.9613213041596,411815.3554974385,2.813266312906036,0.20165045436778772,13803.866664718611,381794.0,0.0,276,6
276,31,714.5761333653257,447.7098680034264,556517.9577758681,2.6314345160500276,0.05125681270028763,20229.80459484624,783927.0,0.0,276,31
276,43,49.94577181131729,695.5717666745714,156364.48963310564,2.542185926447374,0.04684163123016619,5870.60996085734,52329.0,0.0,276,43
276,99,198.6720074348442,852.8451589019722,245296.29728339048,3.3446874328232674,0.3134810579351912,6505.2704971662415,268416.5,0.0,276,99
276,130,77.25198704132268,793.6786339354436,327008.8413331616,3.280550065709172,0.34566083506857936,8726.582374247397,787394.0,0.0,276,130
276,299,700.3754466682908,1021.5869554011231,381430.9823216499,3.234331229558259,0.2106614753976393,9202.577776479073,797157.5,0.0,276,299
277,6,584.3885136064391,754.158639643347,433395.7086117842,2.760645048859694,0.19727194232392808,14684.102669430375,487312.0,0.0,277,6
277,31,714.6592828353029,448.2136648965084,522015.556300978,2.6630417595414007,0.03701570041339612,17689.62075966466,844497.0,0.0,277,31
277,43,49.58498768037669,694.7586322707886,180932.18903210407,2.838059190983073,0.17678039777758778,5925.164235033309,161192.5,0.0,277,43
277,99,198.98488340696525,853.3228687515129,237951.16080112028,3.2340997106288216,0.27935589566669183,7642.6031437386155,303826.0,0.0,277,99
277,130,76.43826407019793,791.9200056755175,343144.2939593203,3.4696236522551387,0.3719121716895601,8157.834816350208,857876.5,0.0,277,130
277,299,703.4330759552537,1012.3084612042169,390803.2236758926,3.255068896705996,0.23815541812875488,9188.298161573392,878291.0,0.0,277,299
278,6,584.4407206940663,754.4866927657558,455275.5214635886,2.7265564376406037,0.1895018575424131,16085.93801962641,570964.0,0.0,278,6
278,31,714.873440889293,448.8061703418523,496490.3032003611,2.70687002994589,0.06247710511530162,16868.497166527155,845781.0,0.0,278,31
278,43,50.45106235490856,695.44881262337,179814.70175452658,2.602632204272372,0.0847140652141996,7129.983338429004,256397.5,0.0,278,43
278,99,198.3489498681549,853.5772696669638,281547.3908516233,3.3774311811745483,0.29710148691216576,7390.836387395919,436121.5,0.0,278,99
278,130,72.86843285637227,782.649371305185,345108.58378322824,3.4434933951452074,0.34277958097966654,7738.640452685138,922602.0,0.0,278,130
278,299,706.5778486505594,1005.3909242813444,395192.36918487586,3.1945016018227954,0.2599316718141298,10086.317893387371,899541.5,0.0,278,299
279,6,584.4686802517272,754.4265915582455,473773.0867361069,2.700595387259535,0.15920198007175787,16670.11041384714,615651.0,0.0,279,6
279,31,714.9064694830927,448.4412534871983,510105.3786637225,2.675889030127851,0.0900426407615346,17439.50012525547,821300.0,0.0,279,31
279,43,50.62597804454847,696.276853424786,185935.84692367964,2.451928633339173,0.1108057624501952,8121.335842643478,250177.5,0.0,279,43
279,99,198.17956736278225,853.3574361738221,266550.7911301302,3.2707128489199113,0.30300071258696937,7608.409368371258,353167.5,0.0,279,99
279,130,76.57704119830026,789.302015295238,342036.4705938585,3.3136467730079397,0.3048290218579704,8548.774571203661,973856.0,0.0,279,130
279,299,710.2168574566007,997.3387351430857,371957.1815930713,3.199308992273102,0.24374968784387005,9916.578502596247,840445.5,0.0,279,299
280,6,584.462672782144,754.3601598755336,519237.9486782254,2.697136642052921,0.13636046438147234,17808.429981566573,647792.0,0.0,280,6
280,31,714.8113208251551,448.66000224395015,494620.4131154716,2.6880394245171626,0.0764413032778721,16498.98660056903,875893.0,0.0,280,31
280,43,50.98288056158514,695.9281616755666,215708.97296299512,2.6316413547734396,0.1380804793746914,7682.06783518558,272516.5,0.0,280,43
280,99,197.97999624236084,853.3848125820363,238231.39911615284,3.2828099752836613,0.2710425676403448,6547.216904987711,386426.5,0.0,280,99
280,130,75.39729965375291,787.4068860150799,342375.7960181574,3.4284037197029202,0.394909405735048,8293.141412984434,965137.5,0.0,280,130
280,299,713.6520399255922,989.8032876119531,399467.5274296502,3.144641073718507,0.15040241876086477,10300.954597180666,988290.5,0.0,280,299
281,6,584.3146035805561,754.2895890961976,520356.6620398326,2.7112442181540897,0.10195021166732908,17592.43603846965,827155.0,0.0,281,6
281,31,714.5362460656248,448.441141947301,518631.9134086101,2.7181049365857795,0.12024238592173925,17506.19860690852,965645.0,0.0,281,31
281,43,51.09202575014451,696.3539876697291,224131.08462736575,2.5498492965599695,0.15855034208973626,9054.930313918201,325834.0,0.0,281,43
281,99,198.21039621142012,853.8341539464163,234307.1015515786,3.2510013745661492,0.25692157985916336,6985.231956451184,472558.5,0.0,281,99
281,130,71.41436591173002,778.1406416185366,351590.0084747096,3.221943100239705,0.307104674556401,9744.829766407207,980444.0,0.0,281,130
281,299,717.2596079997041,981.7872528161075,376512.62619587494,3.0730158602462145,0.19043628972719234,10003.542061090584,963934.5,0.0,281,299
282,6,584.4153589845329,754.3370997009823,499413.6434979592,2.741858485316986,0.12901787883888524,16359.798818355126,763598.0,0.0,282,6
282,31,715.0116652581318,448.2742300161844,515597.53050106316,2.738207867721314,0.10519759486395663,18030.961063240866,922250.5,0.0,282,31
282,43,50.37896800147327,697.1309143478686,194118.6881296224,2.5513307561144645,0.18487710378576588,7300.340332921911,361386.5,0.0,282,43
282,99,197.8998343551791,853.7786260933966,247595.879965966,3.151080335760361,0.26321196316414525,7564.208055798607,496161.5,0.0,282,99
282,130,73.61752326888006,785.4251965635516,355957.55816066236,3.2444665025375836,0.28250124183417485,9499.238023561042,1075132.0,0.0,282,130
282,299,719.4018682181443,974.1745592264764,400111.42378869606,3.1241266090998367,0.10640494763148571,9587.193931186606,1029784.5,0.0,282,299
283,6,584.620265785959,754.601352885703,481004.1737534025,2.7465106919724085,0.11223182642844291,16551.228848052495,837271.0,0.0,283,6
283,31,715.062888502882,448.48227127252875,547972.9920155226,2.7773089236699797,0.09604370301357704,17569.76600793265,959144.0,0.0,283,31
283,43,50.169200359291224,697.9961409558721,213807.92547817554,2.492704719014449,0.09914077727983321,8233.175375697907,375017.5,0.0,283,43
283,99,197.55258131423938,853.8423025829248,247504.5298508773,3.2517274084009493,0.24594079340432137,7129.760119161075,500046.0,0.0,283,99
283,130,71.9637735011736,782.8352017774104,375246.06531917985,3.337767540002904,0.3165097237675713,9336.59063223474,1154063.0,0.0,283,130
283,299,720.0486374114543,967.883386201509,403680.2276991675,3.2990492297049494,0.19279588117436858,8997.078245608023,1035186.5,0.0,283,299
284,6,584.865445832412,754.847742569181,451976.89047169266,2.76816277028542,0.14983403621061195,15375.600967474355,707252.5,3.862893797599124e-05,284,6
284,31,714.993305741213,448.878706208112,537899.3664664023,2.77680372881013,0.10147214570960468,17431.16259414205,1034199.0,2.6415631530533767e-05,284,31
284,43,50.416248374048024,697.7784389703934,211393.9576865057,2.4946461536914564,0.09254133573339844,8468.913901870901,384160.5,7.112683417255316e-05,284,43
284,99,198.138756947812,854.0690872989783,242967.38427212148,3.307735895029867,0.2630924828673605,6988.909530670161,541990.5,5.041002912999559e-05,284,99
284,130,68.29010672665845,772.4439868151121,351501.0381601757,3.3373659817146866,0.39288534886783144,10277.808133338473,1054422.0,2.5908945291934356e-05,284,130
284,299,722.1710208398985,961.5151798514664,339003.2234700362,3.172920835932385,0.1573144426043162,8633.358832004316,958050.5,2.8515468917203844e-05,284,299
285,6,584.1090775427072,755.0805624560608,464504.9983207372,2.755519334476164,0.1717548452719619,15094.944881338275,780821.0,0.0,285,6
285,31,714.9526883800684,449.2332128934797,532767.6935063448,2.6525546106607085,0.07707515110097841,18700.959491880196,1025652.0,0.0,285,31
285,43,50.61238909653082,698.3468965811919,216444.7374374116,2.6611560005384614,0.09353813370161551,7379.75083087649,480688.5,0.0,285,43
285,99,197.7811058944611,854.3047670194962,238919.43314962636,3.234108758137156,0.30045469227405214,7379.75083087649,554262.5,0.0,285,99
285,130,70.63626327419378,780.9694336069261,370245.45361726935,3.334876954778206,0.30302018562297334,9224.688538595612,1120599.5,0.0,285,130
285,299,723.6956977699468,953.9145134560583,315232.76560528093,3.259789928878903,0.08173449761167531,7631.333245565461,976618.0,0.0,285,299
286,6,584.2009211155206,755.0990535601566,468102.95241953584,2.786989687261996,0.11606545808302836,15910.930221455927,884027.0,0.0,286,6
286,31,714.5578475078802,449.8613208519906,519305.679993902,2.7054137139733156,0.0536069966730338,17265.0519424309,1060169.0,0.0,286,31
286,43,50.86467798444221,697.7079641950642,214374.39495185035,2.5943696819430104,0.0986042852751819,8040.097718288899,471586.5,0.0,286,43
286,99,197.7905400302455,854.3912875395044,231300.9164640375,3.2060590277741143,0.26261053262168593,6939.873819996734,537635.5,0.0,286,99
286,130,70.15153353510001,777.8473594090774,377630.69493689545,3.5472415277645846,0.3867311464330021,8971.056401459193,1271856.5,0.0,286,130
286,299,726.4586714479393,947.481065942772,374414.6558495799,3.1783199811143645,0.1603998646921125,9394.219439263872,1051612.0,0.0,286,299
287,6,584.5086370035015,755.2639076469335,421866.84378647374,2.87449736644824,0.21996477817407012,13472.62843597085,767367.0,0.0022607686926886562,287,6
287,31,714.7459285638524,449.768855218074,533119.3460859631,2.7079555490838385,0.07105769688168383,18183.915680451453,1108131.0,0.0015654230741228275,287,31
287,43,51.01774026978477,697.6091601294099,240606.2661172463,2.5174758478388783,0.17957503660296825,9422.574488961209,475826.0,0.003646562337123227,287,43
287,99,197.61536903535048,854.10478752872,238953.18287356888,3.1486299612687043,0.1813701375255785,7686.837083099933,573251.0,0.003026596527123506,287,99
287,130,70.20443648790273,778.3681733779869,372274.3464761516,3.2976591622340883,0.31742399975494023,9091.957840225727,1179993.0,0.001470071340094957,287,130
287,299,727.4614976823764,941.3044548532769,365331.3968527065,3.1678175252534935,0.12722986834398733,9505.228651145078,1064999.0,0.0016288344880998789,287,299
288,6,584.538220469261,755.1425310768923,412061.472430799,2.820181174860905,0.1644573323794377,13300.452021259702,851107.0,5.443441743895796e-06,288,6
288,31,715.109472128702,449.77141383633904,516865.6671552821,2.688254098428917,0.08151687797978932,17593.635901539732,1114830.0,4.155616211242915e-06,288,31
288,43,51.17154977510464,697.5344107681148,232000.28968728948,2.5183650558302118,0.11783868142367485,9175.628293147516,519998.0,8.910310694072076e-06,288,43
288,99,197.85627520557816,854.4952035525589,268955.34308813134,3.151421171322715,0.16967412046581484,8165.467380140451,696114.5,6.6556415141581045e-06,288,99
288,130,69.78044697464026,776.6260146491369,375274.779182125,3.442405702569889,0.36033500828468923,9091.448217063595,1189564.0,3.894516033088284e-06,288,130
288,299,729.0919579999588,936.7262275322419,348168.79468310205,3.2048832421392017,0.09512458997439341,8502.18768447614,1135519.5,4.079892111578872e-06,288,299
289,6,583.9397548045933,755.3133107731315,397183.90096560045,2.9814160792842967,0.21730250717346153,12530.25645646294,831977.0,0.0002661095145743995,289,6
289,31,714.965228799427,449.8549680636487,482036.4430097018,2.6512844324328637,0.0496740631385041,17744.188673246175,1060529.0,0.00020875425139701745,289,31
289,43,51.18783432688465,697.4480975896029,234374.66271249807,2.456218721012828,0.12531586307160486,9334.62058166031,563208.0,0.0003931276303444506,289,43
289,99,198.23542925987482,854.4755159564652,254725.81749413587,3.117433063793048,0.13866908831510472,7484.515601511421,689488.5,0.0003211130632821138,289,99
289,130,68.92009562652254,775.7225216324547,366825.36015497544,3.389339221387277,0.35252355304200544,8745.9508152493,1240292.0,0.00017849523645358404,289,130
289,299,728.9859709215339,934.1163285441716,346978.7794588328,3.142904356558447,0.11960036826701631,9250.524900744453,1133246.5,0.000195357575679773,289,299
290,6,583.6255338238277,755.6813114557837,382602.95577587234,3.047655451876279,0.24104004055951891,11625.112150473333,749360.0,0.0008809733292513285,290,6
290,31,715.0510791301363,449.66956931994054,503555.40940028237,2.6916129315236756,0.04782762945059193,17095.753162460784,1043865.0,0.0006323876716594374,290,31
290,43,51.55778717189269,696.9469931272986,255325.0734813518,2.5614640523987124,0.17669001623828126,10001.015600039558,575184.0,0.0011478202499901173,290,43
290,99,198.0809071999508,854.4830421970771,208226.27351877236,3.0186883698965086,0.20324191974544664,6496.3862017350975,554752.5,0.0011901063009520832,290,99
290,130,66.75044851368807,771.8451390717893,388500.99061692134,3.6254205780070183,0.4004911834528663,8804.312878667304,1316836.0,0.0005012825321876061,290,130
290,299,728.4743794972909,930.770548348622,345676.12894495705,3.268673055086493,0.12577761399035603,7864.046454731961,1097579.0,0.0006014350890197078,290,299
291,6,584.1269346040388,755.5858771357238,364070.23122683074,2.9692629303645806,0.21605085772846888,11587.538368090096,754448.0,0.0017906282339033382,291,6
291,31,715.3681069955619,450.14419175994766,484546.54925976746,2.6697018363854,0.06952760933176241,16614.48516012918,1090895.0,0.001238287152287705,291,31
291,43,51.22047991779566,697.3521744309357,233880.82956181848,2.4258024041931847,0.126988722391628,10479.906024081483,510128.0,0.0026485173583441646,291,43
291,99,197.79852289152421,853.9613120140111,202015.0990495707,3.383974937415479,0.14670020763929414,5538.16172004306,541957.0,0.0024929214058518195,291,99
291,130,63.586246397033264,764.1721173348416,370375.21533887973,3.38316785080112,0.32595368488538684,8946.26124006956,1204675.0,0.0011213158931107719,291,130
291,299,728.0285940156791,925.9032117476927,312181.9160344273,3.299381310271319,0.13507562042428942,7412.616456057634,1066615.5,0.0012664789634154539,291,299
292,6,584.559255092166,755.3369987231408,359610.0731861928,2.832504941848705,0.17598748080894852,12494.78121970113,801498.0,0.00033314658177546026,292,6
292,31,715.2569813365765,449.9236014513473,499106.60324176017,2.661775349456437,0.045123375048614085,17372.880736981708,1156318.0,0.00023090810982063413,292,31
292,43,51.38845832872014,696.8312395608372,235346.90653546646,2.6321094202179363,0.150354236969204,8472.488635276794,530352.0,0.0005035112030663253,292,43
292,99,198.39069882350665,854.8889963700985,196236.52970393622,3.063081517366502,0.20140438461245297,6846.455462849934,585575.5,0.0004560164844528588,292,99
292,130,66.16121097142627,769.2872414400949,364317.0113169021,3.400175484976502,0.3409927455181331,9157.134181561787,1236158.5,0.0002159927633663871,292,130
292,299,728.8610252896766,921.8298539128784,323409.4399263737,3.1605198858200003,0.10800266799971259,8643.650021848041,1098098.0,0.00024315204507941539,292,299
293,6,584.9795385817687,755.9606853466308,354040.91109595785,2.906127432832083,0.20782466755037565,10904.919216248816,840023.5,1.2172680422094612e-06,293,6
293,31,715.4806230235582,450.6431750422576,423160.0607147379,2.7120405100144978,0.021161893796207108,14266.586042310482,979302.0,1.0441254990303343e-06,293,31
293,43,51.5141603583857,696.925373793789,258766.35373294185,2.5941095407195545,0.1682272288567339,9839.02485676585,587612.0,1.7402518645855892e-06,293,43
293,99,199.10220495673315,855.5244710239699,214900.70124652743,3.020027263117552,0.24643950069397524,7379.268642574388,581548.0,1.7584015941491242e-06,293,99
293,130,60.99985886872949,758.8117673281934,363060.01721465983,3.432370217743581,0.3420507500206788,8773.130497282882,1281691.0,7.977635335049085e-07,293,130
293,299,729.3845264273995,913.7800052058301,293940.86759587977,3.3885523912474382,0.14109584877735207,6313.374283091421,1020560.5,1.0019096539874404e-06,293,299
294,6,586.764354015249,758.0923153365922,260946.2998019916,2.9011226501012284,0.08450669071764658,8280.181417007128,847204.0,0.0024703973241904367,294,6
294,31,718.0112936448656,449.9725647753276,434588.9392266071,2.7084567688653314,0.07279111988084357,14550.610062896021,1111234.5,0.0018832736463181056,294,31
294,43,51.9056370907948,696.4408173805557,290931.81114707567,2.622305324883193,0.1562488052481235,10048.763855591174,720783.5,0.0029038641513777397,294,43
294,99,196.67459856457322,847.7979738432743,158368.5183641169,2.888362787793221,0.1940581229490335,6511.5989784230815,590731.0,0.003543481850461242,294,99
294,314,672.1593987429898,813.423737567524,168336.89210886337,3.583297238884426,0.13334441642067996,3858.725320547011,821029.0,0.0025491834693441243,294,314
294,315,44.50531692240695,726.5066327280963,363122.13068564265,3.3894835340221925,0.3430888367784605,9084.082525454422,1381909.0,0.0015143187133739573,294,315
295,6,587.4144882880391,758.3637157280526,284110.4788656019,2.8110880574044623,0.033889658193711474,9758.919495660564,821217.0,0.002102478347535679,295,6
295,31,718.2366470943825,449.91785624698684,457488.70184092625,2.706975017441829,0.09976744722301994,15582.79080758703,1169990.5,0.0014756147405256075,295,31
295,43,52.14110594363489,696.6866931282827,292924.9867971663,2.5847795724077893,0.168131490372402,11018.134914455475,679511.5,0.0025410694713163006,295,43
295,99,199.10136702250034,855.773717788445,190456.33209273036,3.1422868968553397,0.18469577354544167,5666.469384577102,617832.0,0.002794838849467275,295,99
295,314,665.4371316872108,806.6755298940178,169128.37093689156,3.421322024121788,0.056314709151287126,3935.0481837340985,842757.5,0.002048726142824136,295,314
295,315,38.56018936759266,716.2373318013126,366667.78976034326,3.4066208278427457,0.36851565056934116,9050.610822588425,1308219.0,0.0013196731300086282,295,315
296,6,587.4612603446008,758.5052012238809,234036.7263939309,3.0768841082312473,0.12238768718427935,6554.570590933814,751248.0,0.002524950968238331,296,6
296,31,718.378878125897,449.7291992517467,433912.5731198185,2.6477320787480942,0.06646934261943374,15422.519037491327,1189513.5,0.0015944842388659535,296,31
296,43,51.99668633189311,696.8329021857629,289095.1193577749,2.5357407849293723,0.14227182059710164,11027.1011118063,673357.5,0.0028171192424266142,296,43
296,99,199.5316553395015,856.3895629037534,194323.73987239072,2.957905737038682,0.3235864146025621,7248.583947620924,589467.5,0.003218186298702496,296,99
296,314,659.3334795292534,800.8469426490608,141964.28774010768,3.434654209421147,0.01330488077554046,3624.291973810462,785785.5,0.002413941267808232,296,314
296,315,42.55340566125181,721.382634546825,342379.92263230745,3.3047195298801335,0.2946707366087637,9870.41218399445,1311815.5,0.0014458038925971104,296,315
297,6,587.5118074191685,759.0950797022041,216049.85439566913,3.027841138961439,0.18009739358248067,7172.760580082411,766411.0,0.0046811310653248036,297,6
297,31,718.4449654927487,449.95561709057705,448100.4823930605,2.7147922104320137,0.08210557521434024,15449.02278786981,1215405.5,0.0029512128120849127,297,31
297,43,52.03343401690912,696.7681907715222,277215.3731884598,2.5389767987384744,0.1020111438942036,10483.265463197371,722601.5,0.004965106586308432,297,43
297,99,198.919895313112,856.6038171924074,197290.32672468436,3.000865503063912,0.36397173289661183,7015.117490410271,604511.5,0.005935725470178378,297,99
297,314,651.9304174942882,796.3752127394465,149682.11364369778,3.5399621862595434,0.07376262892683004,3231.6833382788886,759600.0,0.004723128686443381,297,314
297,315,40.47330322361938,718.5584340000643,362579.1062459241,3.2969353358377615,0.34137157652640676,9064.477656148103,1389652.0,0.002581048915792809,297,315
298,6,587.5481835365478,760.5651239206876,191976.0432448493,3.2471072607054636,0.1911162322832761,5941.5421163190495,735882.5,0.0015943473301948908,298,6
298,31,718.8257858487601,450.27817729774796,447382.06313688844,2.806354956291794,0.12499026495315226,14372.108632717702,1183492.5,0.000991258729336956,298,31
298,43,52.62445107073104,696.7910131727169,300690.2057515519,2.690139240295237,0.1406839655095538,10759.008697118279,781827.5,0.0015006327852191239,298,43
298,99,199.20850284991485,856.8361678717359,184669.55226397046,2.9138350644140267,0.37341993959833353,6744.453213118922,509353.5,0.0023036571360505087,298,99
298,314,642.7645421556454,792.6838107623861,141392.6441464574,3.5902416800043464,0.19653855196489117,3532.808825919435,815734.5,0.0014382438328781936,298,314
298,315,34.54798940762703,708.603725213139,348383.12490146427,3.398852890015243,0.365320642149507,8671.439845438614,1333307.5,0.0008798629515160864,298,315
299,6,587.6299722345622,762.3622245052333,233278.74819118742,3.3609489730301587,0.3931636127253527,6335.1739797538,705755.5,0.003366430071791547,299,6
299,31,719.3375581334855,450.4695608144471,445948.1329292517,2.955188914656577,0.1860378504951945,13071.30833797303,1207404.5,0.0019674177013511143,299,31
299,43,52.33426632312638,696.9437818855113,286927.246829862,2.6868934312302284,0.1766548796320716,10184.393613021932,703821.5,0.003375684366621699,299,43
299,99,198.59360897908854,856.7786830569911,167120.2857443914,2.732736776183881,0.26172044189902177,6816.326433912317,536100.5,0.004432353742473559,299,99
299,314,634.8507943874406,788.8936519883571,128387.51318463082,3.506396403740227,0.08831883822132373,3127.490952030357,809224.0,0.002935838656569989,299,314
299,315,33.10202442244709,707.2728118898675,345948.6145399734,3.2785601846789225,0.27528211098877126,9382.472856091072,1324816.5,0.0017930167539973911,299,315
300,6,588.0065156714621,763.2431043679586,288683.4560661386,3.2475213061462234,0.36461476211313715,7987.608203059732,766914.0,0.0013256806251451996,300,6
300,31,718.7518255163754,450.6914359207153,403737.2873546555,2.8696014200846567,0.10253987011125536,13312.680338432887,1222158.5,0.0008318129085384435,300,31
300,43,52.555931945517784,696.578751896506,282390.1889970612,2.6422393100225747,0.1914470885081758,10811.510093030343,715586.5,0.0014207892843496662,300,43
300,99,195.7494895746412,847.7016114049828,175404.64882274604,2.9463151170723805,0.18235233565732303,6615.998713645435,650171.0,0.0015637725779906707,300,99
300,314,626.2125973688674,784.7732472340666,123606.21986957079,3.8173029178439104,0.1468193489800634,2097.755689692455,746238.5,0.001362417873833442,300,314
300,315,36.33851613917055,711.2193977390308,391876.89941677894,3.596460410751456,0.4090747182333022,9359.217692474029,1475177.5,0.0006891274526096043,300,315
301,6,587.192225867478,763.9711249704784,264599.335116104,3.252698224616464,0.35280436595009596,7488.660427814263,818420.0,0.0024936139099974073,301,6
301,31,719.0867828110048,450.77191472009804,385325.6183766248,2.7862963217819843,0.1214627801485588,12405.457678399385,1136877.5,0.0017949638164645664,301,31
301,43,52.72284560758999,696.1144457941143,286157.5999840541,2.7339999058274973,0.17987932490437522,10438.738778165336,753208.0,0.0027095780947865703,301,43
301,99,198.4988639769009,856.9052210172281,170045.54183562085,2.7429138725916125,0.3117511355496598,7337.37435856549,556930.0,0.003664926835984302,301,99
301,314,617.3487244918533,779.6771750306006,125491.7944418572,3.6455361327241,0.1487255278265667,3101.3644195998463,761601.5,0.002679706709671823,301,314
301,315,34.98929388063052,708.9938604491582,390015.4865233368,3.4446752288304223,0.3506990424269916,9682.308431921472,1500398.5,0.0013600043175101449,301,315
302,6,586.8457576386932,764.80312535292,270782.42315609957,2.9690138939833695,0.26364941391281255,8663.821566038549,803194.0,0.0021263204059159043,302,6
302,31,719.1275186570139,451.9101355444892,390251.9626456838,2.9840536919134024,0.13813325858101574,10639.780870573657,1167006.0,0.0014633143083201627,302,31
302,43,53.44711120194108,695.9934732129657,316077.4902908274,2.6425231481678697,0.17773553259430577,11399.765218471775,762392.5,0.002240150255585755,302,43
302,99,198.86278547202747,856.9080425069532,151844.87271004406,2.705886513108379,0.31227735617834895,6155.8732179747585,483690.0,0.0035315352498438033,302,99
302,314,611.1255747443506,773.9462830780327,143485.04488316475,3.7177996043769066,0.08499188860594749,2355.9514784841667,807306.0,0.002115486966880069,302,314
302,315,34.181447408583715,707.3062006731257,379688.1802098999,3.434914687605633,0.3067014661779969,9043.813739987609,1451903.0,0.001176133033081541,302,315
303,6,587.0320566572843,765.0470592838849,283495.5255212597,3.1274460391692123,0.30264711068994743,8630.46992617045,903787.0,0.0003699261814815982,303,6
303,31,718.711326611138,452.12987398203717,378970.0990795203,2.9433101128654684,0.06282222315489083,10711.029640515113,1185491.0,0.00028201240844470796,303,31
303,43,53.29911239168899,695.8723605837336,276175.0376374544,2.7586612792387957,0.17070427434524812,9169.874296556103,725937.5,0.0004605715045965791,303,43
303,99,195.40901070568373,847.7055850394056,190101.51167734378,3.274126252276966,0.19665145031752532,5316.9859366585815,708954.0,0.0004716068253436915,303,99
303,314,601.9407887432731,771.4994476065592,139859.84746428006,3.8528727073670046,0.2954486542329609,3082.310687918018,732714.0,0.00045631116497515245,303,314
303,315,33.410511236870036,706.8264193278383,361786.2169943774,3.3669761242860403,0.3442713485885847,9246.932063754055,1381390.5,0.00024201558526762494,303,315
304,6,586.9506876438546,764.6331798489531,234181.4435159982,3.1402610222827905,0.36380711270652016,7178.27101087272,995491.0,0.002493753134613794,304,6
304,31,718.4298390633749,451.56579048916893,411708.5760429579,2.809306137621555,0.020552574387584628,13275.942084624814,1293378.0,0.0019192623246661914,304,31
304,43,53.28624431271866,695.6167154235521,289446.4117287387,2.6343879744638983,0.17931974353243363,10574.442241823253,785853.5,0.0031592580540888812,304,43
304,99,199.7206880670899,857.0522854892955,183933.54643988915,2.8519195705868174,0.30426383483405733,7255.45672066705,583443.5,0.00425585702375132,304,99
304,315,31.569514240963933,703.6165872217691,354977.0793441251,3.3283720416929747,0.30729572017444157,8799.170916553656,1448376.0,0.0017138286776853201,304,315
305,6,587.1207003482049,764.703335920481,259870.78360576654,3.2973027393126104,0.3401274743263787,8248.727605482516,1088024.0,0.002728258634864484,305,6
305,31,718.3154020232538,451.7800277736259,440482.0541327663,2.8187672170653975,0.0478050703113286,13197.964168772025,1279558.0,0.002319782833378122,305,31
305,43,53.565196999849775,695.2798773261561,309147.9650402577,2.7211468852727703,0.22922924955075893,10902.666052463846,858640.5,0.003457342962419464,305,43
305,99,198.93510497223443,856.7789751780349,164328.99951443862,3.0116897232430393,0.33235155240055386,6383.7978859821205,564423.0,0.005260449613140683,305,99
305,315,30.417675517200383,700.9089810372178,363733.0233687116,3.374361322742838,0.32072470428273653,9109.464399098082,1461544.0,0.0020308768798434304,305,315
306,6,587.7386228905226,764.2615553203856,262465.95455114864,3.3761860154535195,0.4285760516631315,7468.251511168115,938921.0,0.0007083321639314383,306,6
306,31,718.5107425772522,451.7916046308291,462744.3532496859,2.8520305419631296,0.04079592645279485,14146.591804808833,1286079.0,0.000517107445171467,306,31
306,43,53.80909914398554,696.3913504816019,305982.8816258398,2.624778574941594,0.19400448513313706,11561.427820173716,767653.5,0.0008663937482213068,306,43
306,99,199.3950324028829,857.193451951163,156402.42107042455,2.5468971381152357,0.28970106018166686,7181.011068430879,448915.5,0.0014817416920091704,306,99
306,315,24.755586216884986,691.3641875200177,374848.7777720919,3.3880848239007184,0.347027966116805,9048.073946222908,1431332.5,0.0004646255418453139,306,315
307,6,574.4653854777612,757.2387366513648,102693.23714690431,3.9310332710746296,0.039723000107787405,2543.0226241768005,617663.5,0.004392635515224567,307,6
307,31,719.0284908596406,452.3179791859605,385193.1327797212,2.889485458276652,0.043214743324647004,12490.72877169193,1198746.0,0.002262902913084328,307,31
307,43,54.69281162115702,696.2844188960418,340540.6472904992,2.7367876404759937,0.21389533359825866,12415.933988627907,826306.5,0.003283160944011465,307,43
307,99,197.303642714751,848.1786044332894,189006.41680278748,3.0373613400078754,0.19152507012605163,6357.556560442001,688368.0,0.0039412921664296946,307,99
307,315,23.821961921580794,688.0650937423774,347346.9725493253,3.3837594085146563,0.32857252104442913,8676.19483542673,1400194.0,0.0019372783876272746,307,315
308,6,568.6435602838037,756.9390967970978,115789.94009416962,3.4994433694666207,0.15320458695204117,2330.8364564410767,727547.0,0.006715538417713909,308,6
308,31,718.6121558288519,451.7585567357776,370076.6786646123,2.754074223274669,0.05750446482323808,12481.253282878024,1182050.0,0.00413163135320095,308,31
308,43,54.90461095772281,695.6992175826035,341805.88809616567,2.7586603225455244,0.19718426333061873,11654.182282205385,883958.5,0.005526181064214598,308,43
308,99,197.23400208499316,848.8160721581853,176993.194143945,3.0631279374615477,0.18687486664758696,6315.814914227434,690320.0,0.007078110137075698,308,99
308,315,26.53328699990804,693.3985495110834,380678.22512777976,3.384941849618868,0.3124853630169593,8571.463097880089,1509655.0,0.003234563166313523,308,315
309,6,560.0626190529982,753.6596823575221,112359.60650542902,3.928140381644382,0.1792224556466453,2323.647632867445,702389.5,0.0012771725168197444,309,6
309,31,718.4390274996509,451.6791668005537,373732.48701538966,2.811179047550098,0.08845134049480863,11918.063665352378,1123815.0,0.0007982122159640079,309,31
309,43,54.84973878156288,695.5857325009182,327634.3162343097,2.6948861474128605,0.20056136956019702,11918.063665352378,879567.5,0.0010198837599664124,309,43
309,99,199.70933115955012,857.3663164495978,139793.63984831562,2.5034025103219673,0.24613933550218742,6521.204647079603,439684.0,0.0020403742176689104,309,99
309,315,25.705989864160045,691.0855738853726,362938.7689788441,3.346350049449249,0.2407539813934413,9069.721405708413,1456571.5,0.0006158513686984556,309,315
310,31,718.9903197752485,451.68766024108334,355782.0189401676,2.8335464540477147,0.05088888559383782,11525.760204370306,1116261.0,0.002764708286703765,310,31
310,43,55.28497278810856,695.7351659000186,343043.0208195478,2.75843694127206,0.168396447193526,10994.968616011147,814613.5,0.003788764494659848,310,43
310,99,197.0883166474785,848.7517512964516,194648.8581882801,3.143125269981621,0.2085292348544378,5990.362211481935,667113.0,0.004626768307617207,310,99
310,315,24.376485127240134,689.373354094846,374511.3792722694,3.3714797768645806,0.3163233388721869,9326.766481168077,1422016.0,0.002170155009895904,310,315
311,31,719.1300155616334,451.4634570471291,348171.49072313047,2.878578946448103,0.07863619614262062,10944.938046473435,1138908.0,0.002646185312379925,311,31
311,43,55.174048145649024,696.1502974220921,324291.6258944612,2.7522171207114834,0.17472366474498915,11098.01410306747,836892.5,0.0036015482479862158,311,43
311,99,197.8997833078208,848.3607039214826,194789.28201590833,3.0018331007297094,0.2192506727694726,6735.346490137498,691585.0,0.00435865986871654,311,99
311,315,21.95022831100203,687.1558907366402,387358.9612112032,3.487097622959386,0.3639573449446799,9031.48733904801,1506623.5,0.002000185794260126,311,315
312,6,535.4786516166906,743.0847798056103,107229.14657193319,4.122622458612355,0.19125308053385465,1965.1556742266641,695370.5,0.005346807869268692,312,6
312,31,719.0495604602871,451.24132334939657,345354.7493575729,2.920817126557005,0.08749306010076673,10082.10302429332,1127072.5,0.00329818376990796,312,31
312,43,55.53026129368516,696.0300688971779,330829.6856785062,2.6621970979680962,0.13628018289974522,12474.46645378665,865579.5,0.004294975411141139,312,43
312,99,198.76026373594445,848.0228927550206,198053.5153416264,2.9773374674645545,0.25506485507592536,6835.324084266657,654692.5,0.005679199502561558,312,99
312,314,587.02763598106,779.5580796166917,215141.82555229304,2.7580483712418116,0.08717859165212226,7262.531839533323,817778.5,0.004546134398021935,312,314
312,315,20.99130992807362,684.815597189176,361075.99475138617,3.355389248506342,0.3201068298380622,8715.038207439988,1485326.5,0.0025024884997005108,312,315
313,31,718.9656604320296,450.98035980156595,341023.1606834045,2.929190088560142,0.08104841558537933,9862.549648285943,1109012.5,0.00302077562977078,313,31
313,43,55.45666319861505,696.2478234700261,316281.764582963,2.757833417973305,0.21498763019501063,11137.879344184988,811798.5,0.0041272629774453074,313,43
313,99,198.04216334541667,848.2896270451779,214850.54276912566,3.0416577447453506,0.26149344425707843,7056.8243173080455,709338.0,0.004723751724606942,313,99
313,314,586.5043434057039,779.7994040156256,220376.97145135488,2.916997335753004,0.051416650123176845,5951.538580862207,814283.5,0.004114661564787479,313,314
313,315,19.70750949507699,684.4860449802815,337282.1935754339,3.1182476835688795,0.2715897178112824,9267.395790199722,1360841.0,0.002461611358441458,313,315
314,31,719.1573471743299,450.6242906886108,321131.23403931106,3.005645834523937,0.15315577740434233,9588.432595303317,1119206.5,0.0033358070725457503,314,31
314,43,55.475382545787134,695.764991295284,348027.60004817037,2.9248506530277623,0.1958973511224321,11538.62227570399,893792.5,0.0041772889920490604,314,43
314,99,197.5567232854419,849.0545637431311,204851.17434542085,3.2103313983801773,0.29982427779216086,6175.600654602135,706646.0,0.00528391383132245,314,99
314,315,19.73511533341538,682.6398861875392,345346.0892376194,3.2144526567291267,0.3249692685107161,9344.658885253231,1419681.0,0.002629683789071893,314,315
315,6,516.1627227062843,728.580856694838,107749.08088029762,3.7729130140337146,0.16084942317639256,2573.6245433192107,682207.0,0.0005221504805980517,315,6
315,31,719.1766915630026,450.91605516374244,314411.13170883025,3.032565404595824,0.16877662812503647,9436.623325503773,1121032.5,0.0003177328358254354,315,31
315,43,55.4156102692818,696.0396698896578,325477.71724510286,2.7310954662858853,0.18072631088381205,11581.31044493645,862551.5,0.00041296188171199296,315,43
315,99,198.1585351081476,848.7771710607384,209493.03782618375,3.0312324537010005,0.27763177116117993,6348.27387352072,775351.0,0.00045941357001660405,315,99
315,315,19.027801247680365,682.822217098378,318528.93097814097,2.9949234361441035,0.27636470773297706,10294.498173276843,1450549.5,0.00024554811626143565,315,315
316,31,718.2631828883943,450.68327228025714,332808.67303241737,2.9982250094591447,0.154528945402852,9832.782194995561,1102978.5,0.004453084232244867,316,31
316,43,55.457264403222,696.8041969567707,311725.7706683728,2.77113157731858,0.18071973430858174,10187.116688508915,894955.5,0.005488989780807804,316,43
316,99,197.13078858024596,848.9408087334418,232266.26049800328,3.2607856587221655,0.21610441057493768,6555.188129997042,834635.0,0.005886030780372339,316,99
316,315,18.551115811174103,680.5775306758119,349816.72872105835,3.318036989037787,0.3498681169078629,9212.696831347193,1456830.0,0.0033709337826512286,316,315
317,31,718.4527600141548,451.38930780061344,313747.983311271,2.9906505970317894,0.11616382555922668,9272.034406890923,1047697.5,0.0011682295204137971,317,31
317,43,55.52605622841752,697.4925853737604,304652.55908355897,2.653572926332027,0.18441052885189277,11479.661646626859,832551.5,0.0014701784703339616,317,43
317,99,197.58160237059454,848.941723524714,243810.35235643658,2.9885087173195783,0.1991180279132918,8035.763152638801,821168.0,0.0014905628821843602,317,99
318,31,718.1282020815984,451.16939755827485,322458.7713560063,2.9414756195446077,0.14956121275643586,9423.05792970635,1140286.5,0.0021551276012386085,318,31
318,43,55.659341017278955,697.5646799196595,312603.463062552,2.6831682006390047,0.1768918255321244,10546.908875451145,799204.5,0.0030752538347888795,318,43
318,99,197.5710282841553,848.7770883462423,251051.0112648371,3.0429659665001574,0.19856735940108475,7002.455892717564,879421.0,0.0027946422758357175,318,99
319,31,718.1860651534894,451.6698816346852,310573.69909550075,3.076931335186786,0.13200487650404955,8357.837880039242,1119770.5,0.0019158511684473152,319,31
319,43,55.93039766684829,697.8617557857564,322932.6295776864,2.7891683980037683,0.21157586378426843,11291.972454946635,914118.5,0.0023469757162965627,319,43
319,99,197.8654374887813,848.635583762044,244866.86725136248,2.9548158689116506,0.2181148237312639,8180.011542166067,835237.0,0.002568690686575317,319,99
320,31,718.4484738061539,451.57201089213993,293585.5294427102,2.995334718389244,0.15174843261394574,8829.639983239405,1026367.5,9.53367531403012e-05,320,31
320,43,56.018677583571204,697.6281197918402,324224.38018455094,2.8326604352820337,0.17290478911785123,10065.78958089292,935408.0,0.00010460851151085471,320,43
320,99,197.19694216013735,849.6535337132773,263299.864300199,2.9560269346024635,0.16436489959294343,7946.675984915464,857099.5,0.00011416733523920865,320,99
321,31,718.045242347,451.83438350574704,295589.96888233244,3.090574647480894,0.1717309822535419,8166.449590743118,1034062.0,0.004452946887275209,321,31
321,43,55.80632491147135,697.7393111214731,309082.3638583428,2.7357799018658624,0.15257896569916365,11095.719552640106,851620.0,0.005407678471420797,321,43
321,99,197.28048462445327,849.8284514430311,264965.78291704576,3.062716850422619,0.13970092072254295,7633.855052216393,856691.0,0.005375642863544514,321,99
322,31,717.7687281893807,452.4807048756345,316339.8293215167,2.9977528581808577,0.13171524075982785,8777.928667748216,1122926.0,0.0007462864746681497,322,31
322,43,55.470474573230696,697.89540247313,289504.4473944007,2.675003811991098,0.1687951456450054,10115.517798071754,812262.5,0.0010317856062513908,322,43
322,99,197.5215283755426,849.9123152487522,244946.00949049785,3.1346897555390116,0.278885151942726,7105.942254843794,908261.0,0.0009227075228047008,322,99
322,315,18.63127554901418,682.4245778296063,355046.31478025403,3.199180198732238,0.2825527017799976,9948.319156781312,1467420.5,0.0005710632708375882,322,315
323,31,717.9346649312675,452.7628919908627,295430.28205153794,2.9498049639488593,0.13238561495263063,9124.233598593226,1021341.0,0.0035462985725868233,323,31
323,43,55.62499636819989,698.4594843492683,327497.9768349433,2.7386374796224993,0.19818526668890699,11427.43819629637,904720.5,0.0040035740515489806,323,43
323,99,197.71766937254563,849.7168888424912,244582.61131763007,3.0973578253098184,0.21656392589852766,7795.46171530295,830730.0,0.004360286893484366,323,99
324,31,718.530163695886,453.04077846637534,338678.5068547117,2.939643618865481,0.17094696077371305,9966.230370596684,1004513.0,0.0026118398933570332,324,31
324,43,55.72556748141215,698.5665901943995,309299.7929796484,2.795144491122749,0.20790880404214226,11179.510589625846,818125.5,0.003207129492409302,324,43
324,99,198.33048210956727,848.9911925778059,275847.92408355867,3.0175421772869946,0.1924381267322223,8666.287278779726,872207.0,0.00300819088221529,324,99
325,31,718.5882179484324,452.8683426237687,336584.01075245347,2.943534259932087,0.13119165709262787,9774.535665790947,1087139.0,0.00023409159325748398,325,31
325,43,55.70566257406093,698.7806535129293,303265.593526453,2.6295470973572104,0.14067232483182984,11134.471062770557,750290.5,0.00033920472642902616,325,43
325,99,198.54474162850494,849.1242379890308,289921.2274435906,3.069745309471931,0.1618988069856211,7904.624494943983,909353.0,0.000279864165845607,325,99
326,31,718.6510472559174,453.38821839016606,327027.9880276307,3.0501891979150595,0.17616655572342238,8583.853520025305,1099528.0,0.0028025294659378922,326,31
326,43,55.99967347125085,699.2708596588529,315414.53914759646,2.6306825974440926,0.1468207803155986,11697.60430670115,868564.0,0.0035480671526615317,326,43
326,99,199.3624824510131,848.7769840522432,275777.33318747964,3.022295344371813,0.14974005529064574,7658.143826689242,935373.5,0.0032945488627952085,326,99
327,31,718.8882151297483,453.97301379440995,328371.9885408983,3.2409736690157467,0.27267668168558606,8303.46269250968,971880.0,0.00374843739317998,327,31
327,43,56.18149245054479,699.5809773159609,319126.8960585164,2.588093818572639,0.10354791399884368,11727.571019317797,881325.0,0.004133771717922072,327,43
327,99,198.93425305860973,848.9228271902166,297726.21901596565,3.1013176817043773,0.12615063480721497,8217.859984339477,922043.5,0.003951134780621206,327,99
328,31,718.5764152382588,454.2998030063694,335732.3792689931,3.285159900843905,0.3126274632318743,8147.993546977129,1001565.0,0.00031724324660376777,328,31
328,43,56.045518167674466,699.4201472070644,332315.478749293,2.646598182651941,0.14230271473269246,11302.055565161823,852084.0,0.0003729046887379153,328,43
328,99,199.23142376720634,848.7445417914399,287370.09499016113,3.0225272094238154,0.13500672410791018,8410.83204849252,853710.5,0.0003721941305280072,328,99
329,31,719.559981377236,454.65284089518224,331555.02445408015,3.1976400209843487,0.30526714354487566,8430.101539199417,1057795.0,0.0026271152481239122,329,31
329,43,55.84879234597375,699.870778866503,318866.4180136357,2.6669392065689235,0.16592310652545936,12254.065123990904,766300.5,0.0036268978616880226,329,43
329,99,199.82509955692495,849.1241000333649,319996.225436415,2.9677334125257673,0.16049243690743037,8777.73459236228,960696.5,0.0028927354675523965,329,99
329,315,19.32932807439652,679.3045448412696,391956.2674411275,3.3656013916197396,0.35249728077330555,9907.542015141582,1527082.0,0.0018195953509910804,329,315
330,31,719.3652725478443,454.9709987312556,343773.24968825333,3.1868100819195755,0.267954614515417,8895.198241552978,1057026.5,0.0019558201610638502,330,31
330,43,56.05376034657564,699.9061208798051,332174.6088438754,2.659607134078227,0.17372530253666374,11947.472147968216,824547.0,0.0025074467751526777,330,43
330,99,199.53684264408267,849.0038617635485,333133.8949287488,3.070975423600134,0.09904213987763572,8371.951286167508,991250.5,0.0020856382678898105,330,99
330,315,19.121356592150654,675.276134480183,331651.36188849,3.198203216304334,0.3174246649179269,9418.445196938448,1407726.0,0.0014684801639643374,330,315
330,342,401.90524325208804,681.0284829116961,118951.47452429669,3.8098113807114182,0.24804393204975136,2616.2347769273465,687824.5,0.0030060675319279542,330,342
331,31,719.3687453329828,455.14346843752816,378020.21696966153,2.926989256073092,0.17266901078739774,10584.221872813196,1063345.5,0.002899450124006106,331,31
331,43,56.12873299848164,699.9741029569019,343341.83148394024,2.659215781283755,0.12140855924077297,12391.284143781302,925964.0,0.00332975084743584,331,43
331,99,199.11940212654477,849.2023763257461,336457.78473739506,3.0327707149929206,0.13118538817264064,8605.058433181459,959525.5,0.003213253889531281,331,99
331,315,19.645633822924324,674.4814654257826,386969.47774017026,3.434834437635221,0.39868159334601755,9293.463107835976,1411974.0,0.0021834188058832576,331,315
332,31,719.5736014464349,455.55542653974777,384876.4944559319,2.9278099424554513,0.17842095742622843,11164.620594741447,1098648.5,0.0006174747769392756,332,31
332,43,56.202002529561135,699.9747734423679,338660.1580404905,2.596022040932021,0.11744508037166866,12462.832291804405,849883.0,0.0007982475160267143,332,43
332,99,199.18569819769945,849.6874697743706,301185.1137186065,3.0348076497966665,0.183570810720992,7962.365075319482,840058.5,0.000807584834641178,332,99
332,315,20.41805376186681,672.8030567588122,400455.0348206874,3.4908878264934478,0.38219719041864014,9433.671665324167,1476695.5,0.0004593784915235558,332,315
332,342,385.0389881935084,678.1233728178062,111559.65850094361,3.372181177819994,0.13780085680633414,3548.4453053054212,618298.5,0.0010973104315982493,332,342
333,31,719.4178137719243,456.2912630348466,417615.0799899888,2.852522200603662,0.18546224166309175,13204.883190217924,1179057.5,0.005969396981274945,333,31
333,43,56.06759812046093,699.9912323658925,313935.4487480842,2.6478018839831967,0.1016424138846183,10308.328167847541,775880.0,0.009076339989328,333,43
333,99,199.23966515175246,849.2305747822084,330548.0437293261,3.0846310076909114,0.12616517918207018,8263.701093233152,929612.5,0.007573337965506519,333,99
333,315,21.820096574451917,668.6959212944621,368799.6085835703,3.3851482182067683,0.3351255237864023,8774.85786188675,1393271.0,0.005050785255521036,333,315
333,342,374.8059717862849,677.0306001725343,108961.58451799178,3.8731852165443295,0.28854708205531054,2385.3982537167863,687669.5,0.010242726225681549,333,342
334,31,720.1450656783317,456.3270764616927,400381.0482087688,2.945748228724151,0.1856279791360879,11943.067679545666,1105701.5,0.004000467573884146,334,31
334,43,55.96772071313865,699.6927247826601,307719.3162122938,2.5508742255891725,0.15619537791033938,11860.701695548798,744430.5,0.005943147570781747,334,43
334,99,199.7244307186371,849.3522758893541,309860.83179621235,3.0226858011409203,0.15247521342568685,8154.232415689799,889077.5,0.004975711950009818,334,99
334,315,22.33893567349145,666.7018736973662,386378.8309293015,3.4351190131977463,0.36796474069958496,9472.088159639665,1389887.0,0.0031822214344632855,334,315
334,342,365.7349515705171,676.5639712933585,139445.61090669525,3.9591087674782286,0.10076644147668533,2306.2475519122663,732961.0,0.00603620822714604,334,342
335,31,720.3376802854873,456.4081201202539,394625.873039045,2.94077080887797,0.15031865639649686,12144.825801365769,1052386.0,0.004589623036429946,335,31
335,43,56.344225117480576,698.5979050915357,298114.9906708584,2.6305665739016013,0.09493336485882611,10687.446705201877,756053.5,0.0063900001576504915,335,43
335,99,200.27035614375754,848.0569834462602,347665.87994043075,3.020771130154215,0.06151949516032458,9311.033114380423,880372.0,0.005487017712578147,335,99
335,315,23.11688072635661,664.2414075086053,393735.2524802782,3.3577554854488274,0.3294534331375741,9311.033114380423,1351913.0,0.0035722847702951525,335,315
335,342,358.0025084317608,677.4082088270744,116104.53466105675,3.6357898621753146,0.055299122933845105,2509.9306656155923,616010.0,0.007844178234906777,335,342
336,31,720.6792428656905,456.6024673579062,392593.5468160186,2.861012208748406,0.14817590891590313,12577.751393080474,1058862.0,0.002335812630042714,336,31
336,43,56.067712274587365,698.0481365918433,280064.59768592526,2.617993929627963,0.10866818310163671,9978.34943851051,674557.5,0.003667169457584842,336,43
336,99,200.66822983855099,847.9064007233937,350751.5605150375,2.8811836492412337,0.07679346639005385,10900.717874003078,874329.0,0.002828976707947132,336,99
336,315,21.921149455195277,670.7860886304071,421019.2649643804,3.4868232914793356,0.3839735887613126,9726.794410648901,1469197.0,0.0016833008831229814,336,315
336,342,349.780700618735,676.3328737555,136426.67677694623,3.341916832162581,0.06368546865772341,3437.918714108663,707828.5,0.003494720982117406,336,342
337,31,720.3066237000235,456.3101075448221,397227.7609284765,2.8917216256004292,0.14972345713862223,12013.633326601008,1116805.5,0.001890667701231815,337,31
337,43,55.649851049282894,697.6575588027221,277437.143729419,2.6756080626042555,0.15588034487922528,10717.198075528957,708092.5,0.0029820768231175196,337,43
337,99,200.8725057873685,848.0267398901148,402499.93094950286,3.037380741589607,0.07775389948808864,10025.765941623864,1036429.0,0.0020373017220483122,337,99
337,315,23.42995086446929,662.2596391257247,373978.3554259177,3.405259733493722,0.33733963398582695,9247.904790980632,1368705.5,0.0015426862621320512,337,315
338,31,720.3203250572037,456.10876151261317,403415.451303743,2.8231102830954047,0.12387743455538779,12884.880983015115,1036844.0,0.004415080241697184,338,31
338,43,55.74097112447552,697.4020393584406,260664.5330445492,2.534573936710154,0.12059393672137933,9578.89178342571,691779.5,0.006619582245840655,338,43
338,99,200.87594178976462,847.9181445100692,392225.94939744036,2.988306581744358,0.08230946474878882,10680.888183288846,961653.0,0.004760543643809915,338,99
338,315,22.613472195489777,668.1421076145406,429524.2890851157,3.395773967269767,0.34856444261104425,10341.812367946342,1464967.0,0.003124197752848972,338,315
339,31,720.2929304058576,456.1329147964564,405146.241085425,2.8075085705207443,0.13468562963489292,12754.445366940276,1039838.5,0.002810794358625583,339,31
339,43,55.885762902736914,698.1276974842555,283508.20842487377,2.5732622765589506,0.15089954104668415,11042.43927741809,663369.5,0.004406649663434067,339,43
339,99,200.67172541899936,848.2922160121096,391278.9917602953,3.1143874710163657,0.06870834830103849,10186.436232656999,905648.0,0.0032274057118168295,339,99
339,315,24.819501634227056,659.1949944583106,370050.1162502202,3.1940480733816243,0.3260183069625301,10272.036537133108,1291153.0,0.0022635681515511415,339,315
340,31,720.4944271602789,456.74707872370215,433115.3850040758,2.86200055245805,0.14909357138724477,13329.290425784908,1103501.0,0.0024017632642770875,340,31
340,43,56.41075165054423,698.307009126958,273423.56139645795,2.5578461182797896,0.12195977933180757,10299.90623810652,640221.5,0.004140755337395497,340,43
340,99,201.14113456902257,847.8345271379775,374518.43943098246,3.0358005611991272,0.095640806063455,10213.352404172852,960685.0,0.0027589503033313124,340,99
340,315,25.902532245553743,658.2382950572047,379452.00796520157,3.5115814641785037,0.43001947848134764,8828.49106123416,1327178.5,0.001996864969917613,340,315
340,342,332.58385421018824,659.5394910714899,129051.76639509934,3.3230895582181197,0.2483249253641494,3115.9380216120567,525308.5,0.005047206875117832,340,342
341,31,720.93880227075,457.5383756588605,483231.7536128608,2.7643770238920995,0.1059877318568706,16824.651866635857,1223327.5,0.003171869577103502,341,31
341,43,56.3716255788742,698.6712374762532,279688.1560304157,2.5059309492642887,0.12784537420569184,10580.451173863787,675896.5,0.005743073021308071,341,43
341,99,201.12370133248095,847.9998657033976,346466.4134392281,2.9285184437432146,0.10561782863243832,9453.02604877994,927061.0,0.004186156182631647,341,99
341,315,24.89521553097047,664.8734308413439,401796.9695779584,3.3093605184074915,0.32501541105592563,10320.276144998283,1411871.5,0.0027481184382848007,341,315
341,342,333.2995910027699,659.3796421766347,131128.2145482135,3.3273756282434617,0.11004787163964107,3035.375336764201,452717.0,0.008577904433200466,341,342
342,31,720.6225002023076,458.0286563229096,472868.0709716067,2.774065155625502,0.10381914376250095,15690.664808064374,1151170.5,0.0033535344719142052,342,31
342,43,56.452186354539194,698.6568953020891,273932.8564407905,2.575554518428053,0.17304975939097894,11114.220905712264,709378.5,0.005443553303505179,342,43
342,99,201.00254124950231,847.8319171926282,392360.01701594307,3.096134838835725,0.03280469165179773,10273.649576708816,962058.0,0.004013085715912873,342,99
342,315,27.21866306776832,655.2418520459141,377509.9235368821,3.4067415772510836,0.3841442699026547,9619.871876372801,1309950.0,0.0029468954680308148,342,315
342,342,333.21492454448503,658.4226508803745,134491.41264055177,3.519588044075613,0.16114004313642855,2801.904430011495,440581.0,0.008768443531826375,342,342
343,31,720.6559513751257,458.14685518512863,490146.8641279901,2.6968346375076675,0.0983492061275835,16930.48572239404,1188433.5,0.0033630160819115417,343,31
343,43,56.288272972493836,698.4938874827458,268283.0814471671,2.566859093002323,0.1684719731012656,10604.80973820286,658082.5,0.0060754143522800536,343,43
343,99,201.40483365272576,847.4222343672905,364005.44303147186,2.9386781530123502,0.08223654055026391,10883.883678681883,905477.0,0.0044145404431163455,343,99
343,315,25.45510902246594,661.8939835165164,373493.95700775867,3.37432249553307,0.3599870564892046,9767.587916765793,1271300.5,0.0031437158621814005,343,315
343,342,332.66732574662353,658.9476230761325,157676.7763706478,3.533572652884802,0.03527213022078454,3162.83799209559,537467.5,0.0074401330653250655,343,342
344,31,721.0026069686506,458.6512309268963,539344.7415393295,2.737514115741178,0.08264047650762378,18103.401710946462,1223398.5,0.001991525247618124,344,31
344,43,56.14675763468135,699.1680937889254,241407.15394738512,2.520941649210978,0.11710094196979325,9051.700855473231,543095.5,0.004487002396434156,344,43
344,99,200.9356165482506,847.143161806642,395200.6750861331,2.9660277572658043,0.05731394474721067,11442.716175786914,915468.0,0.0026615322669875305,344,99
344,315,29.56447428849409,648.0609993978555,368984.8999669795,3.3855472391876495,0.30469117068810564,8795.520642582478,1245427.0,0.0019562951207612476,344,315
344,342,333.0281128797788,658.5018559533913,168395.79327352086,3.469952154038793,0.11236986881985413,4098.883406252029,509960.0,0.0047786541006887475,344,342
344,360,768.504260898063,523.7195004680447,449340.0934103787,3.3333713414784802,0.2452421615109322,10247.208515630073,1390659.5,0.001751964868403735,344,360
344,361,264.9274158613137,640.3018517628996,173604.7909356328,3.538767101981411,0.06527552975811396,3671.9163847674427,759401.5,0.003208637964495687,344,361
345,31,721.0964830994218,458.33433622973615,517120.49748132064,2.7156912580843824,0.10111284466059084,17801.797142513977,1205755.5,0.0007526209193898134,345,31
345,43,55.89032419119948,698.9939189204481,237415.18725674736,2.607386390491382,0.14667977883581138,9117.993658360816,524562.0,0.0017302653736407326,345,43
345,99,201.19470717052081,847.2428216987954,443047.65376149415,2.97263093778517,0.06244703802216832,12852.029156546676,1057949.0,0.000857785629364712,345,99
345,315,27.529082953793512,654.5712769504339,400236.5025846191,3.44371725670862,0.37793318800637704,9552.183832568475,1332568.0,0.0006809899996042668,345,315
345,342,332.6185508384355,658.4838988946045,165426.4563731177,3.552530427870377,0.13093489739015537,3213.007289136669,497558.0,0.0018242020520531095,345,342
345,360,765.3714288687846,516.9209044070902,405359.9466402695,3.1176928278745315,0.2027542971271641,11202.106494557574,1362751.5,0.000665905042502802,345,360
345,361,258.8392288399685,635.5739077209349,196253.9587418614,3.62232507349259,0.199697010888646,4081.3876375519844,764567.0,0.001187005883863718,345,361
346,31,721.5059451001533,458.6494425638182,511171.55798190687,2.7141324664589153,0.1230381732314948,17617.354255149694,1149955.5,0.0015499100561507373,346,31
346,43,56.48003416883228,698.3338169125304,258536.90939917648,2.62870038635135,0.15172976116776843,10194.814137497793,629936.5,0.002829750005208163,346,43
346,99,201.36889672412315,847.1703720079867,439718.43082523375,3.0098137902979385,0.03452175171811447,12877.659963155107,1035432.0,0.001721367608493904,346,99
346,315,27.586793042920185,653.4545349078488,376492.6975339097,3.3461432402578106,0.36742588320501696,9747.673166554907,1264820.5,0.0014091341186348238,346,315
346,342,332.8241035701381,658.5922715192552,173490.69672583963,3.590077964865726,0.15530441987223007,3755.9841559202396,472079.0,0.0037763526642104342,346,342
346,360,763.1749795359603,509.2166640466426,428361.05016328447,3.2526526832847265,0.28010748630048454,10910.23969100641,1373787.0,0.0012973489890463188,346,360
346,361,253.44256779895653,629.7888216648303,201392.2933126757,3.2361880301138592,0.1002518617837699,4829.122486183165,828743.5,0.0021507716505322766,346,361
347,31,721.4821286512222,459.27594696061055,570780.3711043601,2.7103207536455654,0.09969544620193486,19343.91232462759,1190342.5,0.00019056505013767823,347,31
347,43,56.708861471698214,698.7447969416124,267845.706932169,2.6009352081518093,0.15828752509654054,10166.800431083338,605385.5,0.0003747383504562675,347,43
347,99,201.14540679348758,847.271788305315,440321.4275196624,2.9960469801309215,0.031439981067328024,12955.922673238943,1056959.5,0.00021461630759649243,347,99
347,315,28.857910673146133,651.1988022403302,389037.5669380916,3.478425643645682,0.3990676048146206,9177.111893544252,1266744.5,0.00017907021691579368,347,315
347,342,332.74868457821157,659.5519593482633,175264.84282964905,3.638644398611694,0.1105892757146368,3418.924038771388,525690.5,0.0004315626966900078,347,342
347,360,760.1216111125029,502.0640774554466,447429.1906528977,3.2150610780781714,0.24515541330285562,11516.375709545728,1372044.5,0.00016532587662932614,347,360
347,361,247.4274271690415,623.5400247025485,188850.56729950377,3.438218070004183,0.05877705108942387,4318.640891079648,792523.5,0.0002862374152578583,347,361
348,31,721.3968440660361,459.4196719625896,559414.0618770075,2.729850362808641,0.0993630019585269,18785.96247709894,1240606.5,0.0001675970556162871,348,31
348,43,56.53870404228758,699.3574686462041,282852.7935231123,2.632277476213222,0.12482448677949962,10013.272452415944,629694.5,0.0003302221652336147,348,43
348,99,201.12448732070837,847.4792372531147,449533.9039920892,3.083341990707128,0.0034932931216980737,12848.889430091254,1121566.5,0.00018538701495619497,348,99
348,315,31.134351832800814,642.5263027547173,371731.66316712287,3.35340006773763,0.3261806178747608,8861.303055235348,1309852.5,0.00015873624373906122,348,315
348,342,333.7175422668813,659.4063590172931,164820.23682737746,3.3243157594935537,0.23920479725325736,4253.425466512967,536983.0,0.0003872470301595387,348,342
348,360,756.8205991759247,496.4265019322033,426494.5160484773,3.267110021912884,0.23298028847217092,10456.33760517771,1380100.5,0.00015065585210162374,348,360
348,361,239.95927374718224,617.8928161552931,224190.9672974543,3.5892901739158916,0.12042717043944595,4164.812435960614,836618.5,0.00024853681784252433,348,361
349,31,721.4362647401963,459.846537604103,527337.428494058,2.690278003775026,0.08750403008228637,18526.17339531239,1226404.5,0.0011517706892594027,349,31
349,43,56.82589292371769,699.2236947472143,287550.79559074924,2.59447445736582,0.12425678963831861,10799.617666461727,706331.5,0.001999951679362812,349,43
349,99,201.5577833413557,847.4795576778415,439886.86592661176,2.9504896579308473,0.06092251119780494,13697.076064780726,1138417.0,0.001240798780076998,349,99
349,315,32.17534362037082,641.9676921984612,370260.06259730976,3.4322605693046544,0.37500324767154464,8604.57342531097,1393258.5,0.0010138260598057537,349,315
349,342,332.50047544910166,659.9957811793915,163838.10215949253,3.602205469482965,0.1467820769439163,3336.4672465491512,515661.5,0.0027396057235393465,349,342
349,360,753.9627454265676,489.4664930330889,449193.853509091,3.21460092525941,0.2519459030622579,10711.815896815697,1481003.5,0.0009537555121389239,349,360
349,361,232.5221627111605,613.4378184719434,232235.68071375013,3.252511026471039,0.1645474630220342,5882.71856628403,901067.0,0.0015676769031852428,349,361
350,31,721.864446545962,459.8196031576315,460603.7972750394,2.680475923690456,0.10269932106246311,15961.954299594512,1018457.5,0.0033744256648136194,350,31
350,43,57.16683761944063,699.0593562376772,282553.04738066747,2.596994806015582,0.16172487942158972,10935.261509114473,742921.5,0.004626506478894409,350,43
350,99,201.73018256049488,847.6041931693571,469687.1193350297,3.0165708324075586,0.044789427516130735,13228.138922315893,1203086.5,0.0028564318024604314,350,99
350,315,32.108473075121026,640.062298987811,384586.09226813074,3.389186575786903,0.3524742176653234,9700.635209698323,1376663.0,0.0024961905146613024,350,315
350,342,333.15194552027884,660.6602696367447,155562.9137264349,3.4264212834663783,0.19832601239388728,3439.3161198021326,495853.5,0.006933315242311778,350,342
350,360,750.2629936979685,483.9600996056647,405927.4897294671,3.3551786166847792,0.20515602985030734,8201.446131835854,1407999.5,0.002440621884739629,350,360
350,361,225.38085431111426,610.5282216085631,259536.08565583784,3.3161637317877513,0.1349988277774562,6173.131497080751,994487.5,0.0034557865722207445,350,361
351,31,721.7936885293022,459.7642459569245,471546.5182514969,2.6824145760191396,0.0537691122953441,15694.437823801713,1090205.5,0.0011322260743535514,351,31
351,43,57.22899289538974,699.544709297838,297748.4539413291,2.711052439724729,0.15975453820878158,10433.234235140912,720598.5,0.0017130928537685945,351,43
351,99,202.0471183611677,847.7517014183887,448629.0721110592,2.986519770218337,0.08425217321412336,13732.633095826499,1094224.0,0.0011280674042416668,351,99
351,315,32.36615704729236,641.0346174015706,400921.54804438923,3.615930795246811,0.42589705783948206,8649.77539152708,1430615.5,0.0008627866347172259,351,315
351,342,332.96917305066427,660.7226529474798,146065.27929197275,3.7236661861248876,0.20885549524325595,3121.0529763242043,498636.5,0.0024759004457445195,351,342
351,360,748.5650898686441,480.8282748009526,435698.9954948589,3.3383064280580337,0.19645088087108797,8828.121275888463,1397014.5,0.0008835407630772629,351,360
351,361,219.21663139066757,605.6469920687983,277506.1960663121,3.2582207676420714,0.08322535730300064,6509.624779190483,1017120.5,0.0012135947783068555,351,361
352,31,722.1598585617654,459.7968150861287,489152.6406689565,2.7396873453261343,0.07697012673651991,16820.04968848589,1181271.5,0.0021944189677022504,352,31
352,43,57.384410918341835,699.1266267552427,317295.61124312243,2.6518422573958005,0.14088030507210986,11243.83756349872,753476.5,0.003440710634923837,352,43
352,99,202.5689604058452,848.1589422184561,497654.07882672385,3.088012184326847,0.06996038132270992,13894.823655705735,1228867.0,0.002109410378414326,352,99
352,315,30.95542812559976,644.0315961209243,377536.98485568876,3.473559763904177,0.3860764109106831,8775.678098340464,1390928.5,0.0018635951456193094,352,315
352,342,333.5360866344895,660.995665032916,142879.0090386057,3.4305093082345013,0.2331224033180939,3290.879286877674,527051.5,0.004919516851097159,352,342
352,360,743.7728558651106,476.58121553678063,425163.32120189065,3.1323902080351576,0.17455392733859923,11609.49081759624,1426682.0,0.0018168847231895425,352,360
352,361,214.4834756060256,599.6042966352322,314553.211837391,3.342025864474166,0.15854835688633928,6855.9985143284875,1131058.0,0.002291860595106029,352,361
353,31,722.3773410162024,459.5756850782306,424528.38199733006,2.7434050999925232,0.06785323959317387,14008.187468175876,1066683.0,0.00015298843078584662,353,31
353,43,57.37225787895777,698.788788013828,285606.42092758586,2.6705493445987654,0.11629151966830696,10885.343128136668,730493.5,0.00022340862517439882,353,43
353,99,202.68377261281626,848.6687640537781,464500.78954983194,3.0353911926903776,0.008232024725120234,12848.273856161313,1161111.0,0.00014054528445307275,353,99
353,315,31.433999629854984,643.078080882523,374116.7519366971,3.3207928505422823,0.3225050520616332,9814.653640123226,1381802.5,0.00011809647262302949,353,315
353,342,334.4756503507871,660.0298324790992,138118.94395373412,3.6406760311546935,0.2757243231046146,2676.723720033607,477535.0,0.00034178154916877413,353,342
353,360,738.1190769792037,472.2319997371526,427472.778089367,3.1556041596165896,0.17364405657881538,10617.670756133308,1438392.5,0.00011344987372529055,353,360
353,361,210.94099715846224,593.7652558649211,313533.5717399365,3.161422631719151,0.08441080851898866,7673.27466409634,1165960.0,0.000139960724320854,353,361
354,43,56.95840506456021,698.6922970902693,259958.90677133272,2.6803464274993263,0.1456877975773071,9451.382773542984,687296.0,0.00168175200106018,354,43
354,99,202.8659840642813,849.0954062240421,471376.2457057311,3.038940062957607,0.03746410144654495,13672.38867240684,1144193.0,0.001010089193297242,354,99
354,315,35.98731191151868,633.0338526717633,368236.8841769708,3.340506444277746,0.35207593315880636,8992.577784536043,1287700.0,0.0008975041746672038,354,315
354,342,333.6980044504067,660.4079619454161,160306.46315902515,3.705300277049414,0.11014405784349446,3119.8739252471983,511719.0,0.0022589905168765747,354,342
354,360,732.5653829849629,468.36493592974944,422284.1118819884,3.1693474322734105,0.19004438656970926,11011.319736166583,1383583.5,0.0008352980508873213,354,360
354,361,207.80418814858825,588.1892459745445,329880.78709599056,3.1753571305941355,0.13746856402005725,8809.055788933267,1113202.5,0.001038213797572349,354,361
355,31,724.0980999920721,460.96557227031684,665910.3824340898,3.102807920083333,0.1808511202123723,18559.177214125186,1918771.5,0.0019810373310910983,355,31
355,43,56.57388882065358,698.4451057553052,271283.66693374375,2.6936914844541167,0.11996968099417642,9235.188661574255,636509.5,0.005974522464470117,355,43
355,99,203.0298258586429,849.0344864941268,470284.2226124736,2.9724629945175827,0.01434138850184238,13763.983101384707,1125176.0,0.003378801900803019,355,99
355,315,36.59761139541199,631.3630341346278,364434.75256827637,3.185921760791834,0.292766862463068,10833.586699154414,1258648.5,0.003020379251910386,355,315
355,342,333.66144742144695,659.9969237669006,167654.1941639634,3.5856647257410623,0.05058744555395412,3374.39585711367,595461.5,0.006386666359512571,355,342
355,361,203.7904715235372,581.1005037409735,327405.19803100266,3.141453161056781,0.08184859848280679,7636.790623994095,986098.0,0.003855547467002961,355,361
356,31,721.7728246619495,459.0280546105454,734916.8830044526,3.1485998128944486,0.1377440922525261,18598.49791617382,2077636.5,0.0010419605923615714,356,31
356,43,56.61725052103327,699.0204891648692,265719.1335944438,2.6564035003138278,0.07227119241016143,9483.392501811402,672093.0,0.003221937116987092,356,43
356,99,202.94314427567272,848.8595648662136,452901.04579039116,2.93027325029711,0.036022820367606484,13626.622235612502,1170799.0,0.0018492048377433785,356,99
356,315,36.795212215066385,630.3190149473236,360921.3457000068,3.34564901729676,0.35743299916294724,9023.03364250017,1298943.0,0.0016667357806547523,356,315
356,342,334.1595529562101,659.2724846071216,189944.0653518148,3.5217625473122114,0.10051995699415231,4327.373277525591,631596.0,0.003428616924536874,356,342
356,361,201.82320736096247,576.0582002357947,206516.98428701918,3.037439144769983,0.1607263023012785,5708.449855459291,662955.0,0.0032663667090927027,356,361
357,31,722.1449480247268,459.32922907618064,398931.33096161095,2.986588024685876,0.17505773681803338,12177.067832935702,1381243.5,0.0012464119144710885,357,31
357,43,57.020968150550104,699.7235442464436,261101.04143229523,2.66458886044378,0.20404616938536227,9882.837661513033,706828.0,0.0024360272116728077,357,43
357,99,202.70472667974784,849.0320696895209,448345.51926917606,2.976222771870022,0.061041182810989934,13324.182918647035,1156145.0,0.0014891299585129856,357,99
357,315,37.09325633963088,628.789061309955,340516.7012123107,3.3359064095004762,0.3963303572349614,8559.24333184611,1335702.5,0.001288915328249962,357,315
357,342,335.0579326523632,659.6411815825186,171361.34588087778,3.4942206219544674,0.18460477370667444,3441.3452571340026,535688.5,0.0032145890793817194,357,342
357,361,198.49290604016295,567.7600479453871,268777.8885443634,2.7639694732125664,0.19741130083700062,9265.160307668468,784413.5,0.0021950167937105493,357,361
358,31,713.4385926152523,450.69087089876433,444077.6310493732,3.1012912895816878,0.16622853615674724,11484.76632024241,1422879.0,0.002067910730996202,358,31
358,43,56.55471633731096,698.8127571499435,253940.94419202663,2.770991151158552,0.14591349553509805,8507.234311290675,659108.5,0.0044653267477868675,358,43
358,99,203.2877125660847,848.6105386246284,448671.5375774702,2.9727940965083866,0.04847241005427259,13951.864270516706,1153813.5,0.002550271134047131,358,99
358,315,36.10169273328029,634.3689457052752,399329.57857198425,3.5044861382677217,0.38981931689740734,9357.957742419741,1383455.0,0.002126852803022795,358,315
358,342,335.4817209294079,660.8664483570155,157298.76241576456,3.5148606712256347,0.1941617423310014,3573.038410742083,516601.0,0.005697858501198955,358,342
358,361,198.4654565806142,566.1451838107454,345989.21944019175,2.6951038852061178,0.07917306510726686,11569.838663355318,955048.0,0.003081209458505437,358,361
359,31,709.5357833310972,447.83416686691146,478784.96132639644,3.0089658084290183,0.11723714609903578,13847.655781273848,1535454.0,0.0015928452108870002,359,31
359,43,56.35924529669418,698.9554983466352,254507.2422022357,2.687889705113722,0.18439172739249124,8960.247858471314,613016.5,0.003990680789959721,359,43
359,99,203.1334822970141,848.8023573339564,441857.87924299954,2.9491456487182086,0.036356294733520964,13847.655781273848,1176869.5,0.0020782801947198297,359,99
359,315,36.62931092168985,633.9421486185952,371805.0323494965,3.3351423199108563,0.32440092518374547,9774.81584560507,1325294.0,0.0018454811506582775,359,315
359,342,335.5284091528523,660.5217638178075,192509.56762594427,3.557572692197966,0.2053820603453904,4163.347489794752,650326.5,0.0037616407347977393,359,342
359,360,723.8620892672416,459.96401327739886,394250.9057727378,2.7947872242833527,0.020506392531197373,12852.072685888146,1084953.0,0.0022543921886523624,359,360
359,361,198.43746108391622,566.4864374764722,325917.7024076283,2.751738235324288,0.11072694594511484,10951.414049242716,934722.0,0.002616823146658939,359,361
360,31,704.5893144848794,443.75709972539636,496883.4010085924,3.1927112446016968,0.1878151866941877,12564.282137241018,1584333.5,0.0005649417060792336,360,31
360,43,56.89303041560173,699.1424166868399,271150.7915293771,2.8107161426966045,0.13738750818048273,8574.27362068475,724458.5,0.0012356389558501534,360,43
360,99,203.3081606582884,848.6111396954431,454266.7142998425,2.986514260245416,0.10017913073364806,13498.113917711635,1247339.5,0.0007175927694064258,360,99
360,315,36.91069109807219,631.9000638250972,367675.04011074896,3.4202326274750368,0.3849401825108334,9508.105401155364,1401474.5,0.0006386619942919116,360,315
360,342,335.19388958330563,660.6174067492144,179465.4894468075,3.731466341748596,0.10623008233196476,3480.6457272086604,643319.5,0.0013915254017048174,360,342
360,360,723.7305103088345,460.3554715655527,374891.0129598401,2.7007698177918926,0.020140892003375904,13243.432523037829,1063108.0,0.0008419678666773198,360,360
360,361,197.7327444894804,566.5165572382675,345008.3959847804,2.7638787221133967,0.12477879948894606,11460.662760321198,975418.0,0.0009176737954404574,360,361
361,31,699.6769074680084,439.9171478403755,518493.88637418294,3.0695536573767646,0.14084949778373926,14426.461230682798,1593749.5,0.0008700851454696878,361,31
361,43,56.7680509196602,699.0644210385321,255897.94325854012,2.634184157286017,0.13864606860970133,9274.153648296086,725255.5,0.0019122577488636088,361,43
361,99,203.53266464271965,848.8058744899165,458383.63124633796,2.912357876386394,0.08090277385730761,14340.58943764302,1195623.5,0.0011598527205245442,361,99
361,315,38.021469710086365,630.5296908250288,379123.96627062233,3.304309276709656,0.31908497463247804,9274.153648296086,1362056.0,0.0010181101239070051,361,315
361,342,335.833447407278,661.4911337730612,147871.2276144987,3.3360906133856876,0.07091373937659633,3434.8717215911424,483185.0,0.002870616522144843,361,342
361,360,723.8519353969965,460.76929027179426,378780.47909846326,2.6996141524680612,0.04532269662489961,12279.666404688334,985725.0,0.0014068723879199303,361,360
361,361,197.3201674547949,566.4243216426319,316351.68555854424,2.813801876272426,0.12693278045586276,10819.845923012099,868018.5,0.0015976869356217713,361,361
362,31,694.6426405931558,435.84872341686327,496577.8258395719,3.169880308214875,0.16088492278807462,12590.974511608127,1602899.5,0.0020052507681110753,362,31
362,43,57.30480894341442,698.8002816127386,274108.91808379313,2.631813671782164,0.09292664943107229,10634.26901318254,686979.0,0.004680550094216776,362,43
362,99,203.80256175189575,848.6957883361359,467737.68827582087,3.048474622884899,0.07780785048554674,12846.196967924508,1224453.5,0.002625252126946541,362,99
362,315,37.91285183992219,629.2082169739039,332214.56397182256,3.2052693491362256,0.34887814481105744,9358.156731600635,1217145.5,0.002641020626217786,362,315
362,342,335.63175541772955,661.9986032988018,146923.06068612996,3.3304755168744733,0.007530105231239451,3402.966084218413,538451.5,0.00597274017524846,362,342
362,360,723.5234260358702,460.80311687102,342933.90713711054,2.7373216460795686,0.058083027735281144,11485.010534237143,922569.0,0.003484717599878583,362,360
362,361,198.2688537753244,567.6417812962547,276235.77188642963,2.5614709355885936,0.09808685311348339,10293.9724047607,753180.0,0.004268901537594292,362,361
363,31,687.5451581109741,432.23716038798466,524543.3950562809,3.2638646571204513,0.1564817878707976,12375.945727109127,1701225.0,0.0016158331776289039,363,31
363,43,56.75887393412704,698.582441256222,281778.1550317959,2.7689271448432295,0.14328126924467308,9999.108468260354,688977.5,0.003990905108381211,363,43
363,99,203.6625757917185,848.8159280597814,457991.95180851524,2.999254261881758,0.10052696087172332,12785.745254496846,1234123.5,0.0022275634987163105,363,99
363,315,38.847037053235084,627.4173064032685,337838.73037843587,3.3135878053281766,0.3851013405517698,8851.669791574739,1250632.0,0.002198151973062691,363,315
363,342,335.0200166015401,661.6962818502489,173754.99961239303,3.5082113918364897,0.21833884017502064,4016.0353683996505,633971.0,0.004337348137722288,363,342
363,360,723.3735752707373,461.09015922162143,360131.8246683278,2.8357799106085464,0.03723440284925694,12539.865538064214,998454.5,0.002753509656936705,363,360
363,361,198.6363040197358,569.2389659183974,226373.2589289762,3.043671988653052,0.32983709074709994,7048.551871068774,630406.0,0.004361888473739092,363,361
364,31,682.1167566764849,429.6572694912968,459169.0180343832,3.206262949994447,0.13931873876371217,11625.575784314604,1513808.0,0.0010111118057236875,364,31
364,43,57.09454132142139,699.2132974991595,272417.7474565635,2.6995426031725867,0.14414678395574265,9976.557942567852,750638.5,0.002039373860384647,364,43
364,99,203.87962973894417,849.1960930779837,466507.14743015624,3.001325264013044,0.07056129998436131,13439.495410236032,1273642.5,0.0012018025936940942,364,99
364,315,41.454947572096486,616.0570386498848,341923.84948618914,3.324794142309994,0.2957502480377192,8409.990992908437,1291473.0,0.0011852075710177678,364,315
364,342,334.94753826052323,661.7007683749418,174795.89122515576,3.618349462142743,0.04199621779798601,3133.1338993188297,552093.0,0.002773043053862271,364,342
364,360,723.6197200265391,461.3697758847674,341594.04591783974,2.916448562584187,0.07675597150337855,11130.87043179058,986359.0,0.0015519056570491951,364,360
364,361,201.28561670248496,575.3541166721031,184360.19470728692,3.298370606575075,0.39783417189429626,4864.602633152919,528196.0,0.0028985499409159596,364,361
365,31,673.6144387881794,427.2066991310867,478523.3148526389,3.2330297741578784,0.22170461502750122,11958.872000893123,1474133.5,0.0009897171699833952,365,31
365,43,57.46300430115244,699.4851170108383,278759.62199264957,2.8064448917649525,0.12787055512271817,9516.567155640303,759644.0,0.0019208315451107883,365,43
365,99,203.57170896985124,849.3495689574625,451742.1789633149,3.0463728876026743,0.04607933487624369,13137.915719291037,1163558.5,0.0012539329176671716,365,99
365,315,40.377771623249174,615.179981471714,370051.2927600309,3.612834301302284,0.4257791959068671,7663.784169586438,1370107.0,0.0010648724466806917,365,315
365,342,335.1086534109245,661.046804428549,186288.90750687034,3.5054852393228395,0.1840354066192712,3958.21819747871,603010.5,0.0024199261006142628,365,342
365,360,723.7422052398799,461.72449746595356,333922.0245319805,2.6824355122588672,0.04060889456608293,11706.219775522142,897900.5,0.001625005464122906,365,360
365,361,203.54190943210014,578.3756584614481,244062.0497083681,3.0360156956688855,0.19551419982724552,7495.349352672451,724523.0,0.0020139670582866353,365,361
366,31,666.8623890224827,423.6298918847592,537852.9671150411,3.2461312747568187,0.16678701932910042,13742.650070010632,1521273.5,0.0008422423316154495,366,31
366,43,57.639383752195855,699.360605364582,304829.1568654233,2.84783635053046,0.178169788390496,10478.770678383107,747008.0,0.001715402626538576,366,43
366,99,203.63928609625142,849.2799323323287,440881.3925585286,2.93845566959751,0.04534480224744226,13313.1922553228,1151341.5,0.0011128964644628418,366,99
366,315,39.462760000058616,621.8224949315864,344511.058942579,3.414007545293634,0.2957179978055819,8159.698479068813,1287479.5,0.000995204358878165,366,315
366,342,334.8243140397026,660.0374885184995,178224.9930954504,3.5463199999673853,0.10537503016410611,3349.7709545650914,643713.0,0.0019907368235724462,366,342
366,360,723.5543363094363,461.62176721339233,348977.4202153325,2.740162634336479,0.028719303862305437,11853.03568538417,989908.5,0.0012944152783682609,366,360
366,361,206.4670671209933,580.2088095638246,306375.20499829954,3.110163124689942,0.12049305996056207,7730.240664380981,923428.0,0.0013876203402601736,366,361
367,31,661.4905485458078,421.0348289495328,570156.4005383685,3.241929916702776,0.17309464260619803,13728.105955237766,1613081.5,0.0017979888072166572,367,31
367,43,57.832019954733056,699.1032496553221,297618.2970552188,2.5848693156648443,0.08490312751417703,11792.09101283244,744029.0,0.0038991575367119677,367,43
367,99,203.07060283431548,849.139723164744,442731.41705641797,3.0399186087923296,0.07932707815368992,12936.099842435588,1249138.0,0.0023219996143935117,367,99
367,315,39.5391912374212,619.6380714463414,339594.62103373423,3.3729869083818063,0.35056726678434114,8360.064524022999,1345639.5,0.002155433026340717,367,315
367,342,334.8952680556386,661.5261080420808,159457.23071083866,3.4110423206146656,0.11082843805426941,3784.02920561041,556008.0,0.005218591229536709,367,342
367,360,723.5643778790381,461.6964347528975,352002.71680096834,2.7897580540254743,0.04046972782669887,11176.086258430745,1020870.5,0.0028413904634656565,367,360
367,361,209.09525320746698,582.0610653361871,334930.58503612137,3.1976410117361427,0.1596830521203606,8272.063844822756,1136143.0,0.0025530097252035445,367,361
368,31,655.7458737301001,418.7678771955443,502741.5754101543,3.1982811633322275,0.16835857667954263,13184.68649944354,1582373.0,0.00019785420268381005,368,31
368,43,57.699384196667594,699.2518640439234,306005.3709772811,2.6266832583038395,0.11698408776793175,11288.84922501375,819075.5,0.00038226400424087967,368,43
368,99,202.53374162326844,848.9758582270292,422599.3633547132,3.1228581567026343,0.09821776859416889,11892.070175968682,1186778.0,0.00026381320535247553,368,99
368,315,41.58774090956537,608.5175747138799,364000.7566905197,3.255313255884815,0.35021348261494734,9737.709636843922,1370159.5,0.00022850122598186643,368,315
368,342,333.41567247222326,661.12884736172,170539.1802771161,3.5939002841130065,0.1053725952832848,3533.1512841646086,558765.5,0.0005603892813020316,368,342
368,360,723.4401269547598,462.1887819455394,361329.34962200496,2.8266136652862928,0.0674782495951595,10857.977117188797,999545.5,0.0003132364882087642,368,360
368,361,211.3187360622322,583.7676895775709,334442.93009372795,3.3233381019947488,0.11205872893491263,7841.872362414131,1201662.5,0.00026054510654854776,368,361
369,31,649.1309782824648,415.9621362393382,517992.85421429283,3.153935158944576,0.17224625789776304,12869.92417507581,1686523.5,0.0011853735289014222,369,31
369,43,57.653441645715645,699.4630382430779,313369.6973635909,2.6640755971275634,0.12289302453686754,11056.042244360428,754029.5,0.0026518277095500154,369,43
369,99,202.446201141652,848.8830675548709,391625.7463744545,3.1646481312212256,0.14623171726346937,10796.91625425823,1051159.0,0.0019020470234497545,369,99
369,315,42.942613916616324,606.8154961353862,368390.7825952908,3.314220311322294,0.3473905275406657,9414.910973713177,1309836.0,0.0015263379450777684,369,315
369,342,334.34969302388544,661.8359709883922,156684.84868179544,3.452065837241912,0.17364572985546095,3886.889851532963,543176.0,0.003681743018412221,369,342
369,360,723.3481694909412,462.4380237434242,389639.113783671,2.749619590383367,0.11402745636477725,12006.170874735151,968927.5,0.0020635160536623272,369,360
369,361,213.98993725315066,584.8696628812094,330472.0127103359,3.1995000916366054,0.1781238233559946,8810.283663474716,1117762.5,0.0017886834043931849,369,361
370,31,643.4752050609168,413.12994157030903,507797.9472859514,3.146660429959334,0.17611726852761747,13453.348213809622,1600540.5,0.0017798092966297041,370,31
370,43,57.95264195500862,699.493201127653,299666.73668407317,2.638588237547485,0.06437023490856919,11255.088701749226,733533.0,0.003884413502984945,370,43
370,99,202.50143427030392,848.4843087382288,400962.5349998162,3.1557174511636727,0.1466010563817498,10815.436799337147,1142917.5,0.002492647197011039,370,99
370,315,41.96330595094022,612.7604901799967,367724.851177463,3.4136894915214757,0.37217294933602907,8880.968428724,1297123.5,0.0021962389222867046,370,315
370,342,334.4592031802838,661.2927157701529,171640.1027016757,3.6475766714039737,0.16808437641125656,3341.3544583318017,629896.0,0.004523849515115209,370,342
370,360,723.3837003751264,462.04910431232895,336069.91420379333,2.8334179813131852,0.10211363430560871,11167.15832126681,940723.5,0.0030285896585840084,370,360
370,361,215.41807296434072,586.3560662442178,322616.5659899837,3.237488233598291,0.11803522476974726,7474.082341005345,1130838.5,0.0025192800006979365,370,361
371,31,635.9876152668953,410.7461588810573,488900.459025417,3.248868104991374,0.22451206394499001,12265.72965057874,1491913.5,0.0010401585747039895,371,31
371,43,58.39262149832811,699.914316326658,310676.9375925112,2.657143833993749,0.11848133414993313,11360.205985099772,783827.0,0.0019800131041045276,371,43
371,99,203.03307415412604,848.7596270008689,397607.20947849203,3.151357786831117,0.15343652156889215,11607.166984775855,1115474.0,0.001391235297250835,371,99
371,315,42.77523166751108,610.1826372318358,369042.0538492919,3.3193811656353853,0.3683260538832511,9549.158654141838,1353154.0,0.001146835398248015,371,315
371,342,334.4649244792304,661.5072779244996,165216.90878329886,3.3956066459868484,0.1847729198753181,3869.0556615919513,541062.0,0.002868691703145282,371,342
371,360,724.0843888539189,462.5035434950028,296353.1996112984,2.882321595134342,0.11765215545417304,9549.158654141838,877779.5,0.0017680424240292755,371,360
371,361,216.67217221116434,587.1298474962781,344263.63354845834,3.3057201557974807,0.1493141112674332,7573.470656733181,1221307.5,0.0012706596272111968,371,361
372,31,628.4841464005127,408.6544193416211,518378.055616554,3.1472588981374314,0.18824002525649652,13404.837941369013,1592133.0,0.0006067028895386454,372,31
372,43,58.254065789443004,699.4890477756678,336937.08786821726,2.6730171218832295,0.14315290397327857,12626.492512515328,798101.0,0.0012103801913597987,372,43
372,99,202.9083694936623,848.6913068505991,382686.50251972827,3.121060228376335,0.14862624941902505,12107.595559946205,1048714.0,0.0009211088909721668,372,99
372,315,42.92111090124528,608.0385019749791,367984.42219693644,3.2654225949874065,0.2825409343363338,9599.593622528777,1341411.5,0.000720108502477015,372,315
372,342,334.04701879671836,662.2153135691821,134394.31071540288,3.517285867156645,0.1447787195190245,2594.4847628456155,413961.0,0.0023338093197089343,372,342
372,360,724.1881292949718,462.9021126131239,313586.7250026067,2.8254516549758244,0.04817808052115989,9686.076447956964,839726.5,0.0011503748881884605,372,360
372,361,219.9475532502751,590.0863022673182,326213.217515122,3.283042325968997,0.14329686755626225,7869.937113965034,1162168.0,0.0008311808213520561,372,361
373,31,621.934145318976,405.8463359708312,521437.2752975636,3.1929191205365766,0.1831549264212805,13304.160933518084,1589655.0,0.0004399531531754273,373,31
373,43,58.02323287396402,699.1126450385195,336037.3551917632,2.7615772789636686,0.1491394428294221,11501.661710267246,746013.0,0.00093757887700272,373,43
373,99,203.12470143630478,848.9046573926695,370971.50680429133,3.055403873041128,0.12410935802490425,11158.328524886134,949541.0,0.0007365841262582113,373,99
373,315,43.74562109085034,604.4850367658671,393459.8304467542,3.4534741088639085,0.4168633678270031,9613.329190671131,1353194.0,0.0005168400841050155,373,315
373,342,333.5011973228064,662.0403758497619,137590.77404148056,3.5185100062036856,0.10295447251090278,3089.9986684300065,456720.5,0.0015316420949538592,373,342
373,360,724.1190315263619,462.82078349802543,288743.208905515,2.8411156556618056,0.0799749727686397,8325.829745491961,781129.5,0.000895421188922934,373,360
373,361,223.33208738770173,592.8069368087214,333119.02311602375,3.304716983595497,0.1396544120456111,7381.6634856939045,1136398.5,0.0006154524388768095,373,361
374,31,615.6868623783321,402.8650524017461,501369.3057282081,3.1431561009478153,0.17258678122598134,13036.598376834825,1440351.5,0.00029547464875744544,374,31
374,43,58.168133659546996,699.1698128958135,330149.7780018807,2.816977488912226,0.1068128067367431,10794.63559865304,719415.5,0.0005916286547283983,374,43
374,99,203.39021687828387,848.554146957739,403968.4783649772,3.074979424057364,0.10518890336686451,11708.027841615989,1069916.0,0.00039778916275247286,374,99
374,315,44.59657736821843,604.2731714422401,355973.8677801968,3.2615909115161026,0.3236515984117461,9549.100721885381,1213830.0,0.00035062134187483336,374,315
374,342,334.1751332039834,661.6860992934446,140828.47673319658,3.3822859859222487,0.10596807981372788,3155.355021144735,453230.0,0.0009391989675006827,374,342
374,360,724.2567264708108,462.672882898479,283317.66663541674,2.7095095440908383,0.03135748521951551,9050.886771178319,775969.5,0.0005485023272843003,374,360
374,361,225.80744452473814,594.8717125009917,352071.1918329915,3.4132096331752027,0.1909079518573979,6891.95965144771,1144106.0,0.0003719913640592851,374,361
375,31,609.8035922979407,401.18781639391295,472780.73929689865,3.1398591682319568,0.17075182749367054,12405.072609074588,1414692.0,0.0020857028509593113,375,31
375,43,58.07259338467914,699.1207456906112,341269.61988880724,2.681822294356085,0.11911170967128029,12058.077571058517,783900.0,0.0037647352416645213,375,43
375,99,203.57261354706952,848.8707573950497,387159.71366643277,3.105653197566281,0.11947132150761246,11537.585014034408,1063282.0,0.0027752303910149627,375,99
375,315,45.26394559073053,601.7607411917446,374667.8922978542,3.275283684462596,0.30387402947262626,9976.107342962083,1285835.0,0.0022947699156644517,375,315
375,342,333.78604562251695,663.4014172258268,116330.08649488828,3.438172346287203,0.1408726335750056,3209.7041016486696,372991.0,0.007915828549453365,375,342
375,360,723.6694116990491,462.17633115663824,273432.08995666506,2.878074387979073,0.16198689209734535,8935.122228913864,757645.0,0.0038952525491338344,375,360
375,361,226.30597060352972,596.0575560901743,338059.91578715853,3.287287822291281,0.17058537948520838,8588.127190897792,1128199.5,0.0026154951394890967,375,361
376,31,602.3364822978672,400.1106288663377,489391.94606297516,3.216036845494086,0.1631598298453898,11403.648142711378,1474723.5,0.0007665745472688718,376,31
376,43,57.94891765884843,698.9237307496677,336144.45909899997,2.728254315036569,0.1219546226553328,11579.088883368475,759764.0,0.0014880967152353301,376,43
376,99,203.89399272131794,849.4384648858797,369741.3609348343,2.9286493390920283,0.034322934380252954,12193.131475668319,916463.0,0.0012336134817083086,376,99
376,315,46.5235425867062,598.1207284181746,407110.23869479616,3.559359049816053,0.41820883196191844,9298.3592548262,1367736.0,0.000826544894973715,376,315
376,342,333.9776796504568,664.047784498464,116580.3721666417,3.478732547270655,0.20602377033660182,2894.7722208421187,321883.0,0.0035134822893638958,376,342
376,360,723.9357759689306,462.467799929325,241932.78136613828,2.7902243107200952,0.10746979740133944,8596.596292197808,656310.5,0.0017227216358555114,376,360
376,361,226.29932283700765,596.0630151556051,331933.88132322964,3.308607200434244,0.13410502844970554,8157.994440555062,1122963.0,0.0010067334192961689,376,361
377,31,594.8686018336541,400.0567208300494,436744.1718404371,3.2031112085811677,0.21426533466253192,11326.174986824695,1316438.0,0.00026952357694584654,377,31
377,43,58.27970433843748,699.1507448468334,328630.68332983775,2.7698488520468727,0.12235400285422028,11411.979342785487,654130.0,0.000542473516693981,377,43
377,99,203.70458067403757,849.1831654483882,364496.9041214493,3.0369662233564454,0.10233993189337125,10811.348851059936,946303.0,0.00037495962555873124,377,99
377,315,47.20845697237174,598.481298187892,377968.1880072938,3.24930796788294,0.31269809572865476,9867.50093549121,1184877.5,0.00029945302293109364,377,315
377,342,333.2025588319833,663.9669345793575,128534.92522926813,3.4844686868118786,0.18001753397128906,2917.348102666967,431261.5,0.0008229029060424951,377,342
377,360,723.4519328628625,461.8107021679047,265821.8947665372,2.986844406620619,0.22646711985910797,8237.218172236142,664515.0,0.0005339940380777868,377,360
377,361,226.6765437530545,596.1365572570891,367585.86093603785,3.2835924622964474,0.2004662119150978,8408.826884157728,1101706.0,0.0003220625323015218,377,361
378,31,586.9119355855157,399.6720188703337,465132.36200199043,3.1348593790968065,0.2001722231773276,12432.651178669781,1353673.5,0.0006194655025318652,378,31
378,43,59.029680032179655,699.2720869847618,356598.67738819745,2.7130535563325795,0.11338936838778019,12600.659978381536,768751.5,0.0010908886466053916,378,43
378,99,203.85420575470374,849.5521329756035,401625.0357109475,2.9209769348493277,0.07007887085502548,13524.708376796181,1047306.0,0.0008007022520578309,378,99
378,315,47.59914378397556,595.973226442085,343998.0174098159,3.2730072276999804,0.2939220660600543,9324.488384002336,1170178.5,0.0007166155415299007,378,315
378,342,333.78715147520904,663.1325438272088,114582.0014034161,3.428148102618925,0.14836216259535018,2772.145195243938,347019.5,0.0024171964241465143,378,342
378,360,723.4692174853745,460.8158908727011,244032.7815813224,3.245332939222531,0.2752265255225198,7056.36958789366,676954.5,0.0012388479634168482,378,360
378,361,227.74252354091385,595.7440784360577,353154.4969941065,3.2425351583432818,0.16603395949763147,8484.444385443567,1082303.5,0.0007748071811045189,378,361
379,31,579.7773223817525,400.2590886268418,446375.8855469167,3.2838956924911904,0.19714822238143814,11435.629402967574,1341934.0,0.0010453092953654469,379,31
379,43,59.2414531193694,698.9642691510968,352418.28180361557,2.664413833158394,0.09955416893752103,12053.771532857712,804778.5,0.0017431248321264235,379,43
379,99,204.0159896429233,849.8040791799476,410600.9097795249,3.0324428183800016,0.06733978382842216,12208.307065330247,1038576.0,0.0013506733389572047,379,99
379,315,48.77054954259509,593.0047290033854,348245.82242685714,3.321237576123315,0.334989673683776,9040.328649643285,1167667.5,0.0012013325245167016,379,315
379,342,334.509228640646,665.1324108015675,109411.15699055462,3.407680756114519,0.19186558783115723,2549.8362857968236,285816.5,0.004909628294994287,379,342
379,360,723.5590393150059,460.69557238065994,246947.78089111057,3.11778579047601,0.21793149621895577,7031.366727500332,626107.5,0.002240663005483514,379,360
379,361,227.81032997417205,596.0827107545869,362385.823648094,3.331794243116585,0.17182445349226172,8344.918753516878,1163126.5,0.0012060232251236759,379,361
380,31,571.8470737379395,401.30642252968386,474516.27577408747,3.1541799049270454,0.2088213591050556,12709.525271294895,1333580.0,0.0003605747712760139,380,31
380,43,59.478482539459065,699.5831869005486,345453.09656751866,2.759357125237697,0.09797948674639019,11069.586526611683,737884.5,0.0006517239638883704,380,43
380,99,204.16609285335505,850.1939919099154,385877.5866239598,2.9549313375304953,0.07469364890989007,11807.558961719129,920495.0,0.0005224129268982287,380,99
380,315,52.21283185997714,581.6388157601363,358244.6187760477,3.5017243896508705,0.36155873607667455,7953.70291171358,1150772.0,0.00041786167020993654,380,315
380,342,333.5326291429215,664.6794535112731,118567.57124059625,3.5320112874168217,0.17494532504908739,2623.9019914931396,350316.5,0.0013730450665176339,380,342
380,360,723.9539520871144,460.2464372443094,245662.82395354522,3.1795932262023943,0.26446678970997656,7133.733539371973,583079.5,0.0008247962828687708,380,360
380,361,228.74471524580127,596.6830603100937,352832.82091859315,3.301666140422437,0.1324479217569221,8281.690660650222,1101162.5,0.0004366895958516808,380,361
381,31,564.098666615105,402.41128979309013,455583.8787019653,3.1633684913892384,0.17755047334652765,11284.80945121641,1303347.5,3.901729909830257e-05,381,31
381,43,60.100270347220174,698.8676300906226,351038.1797146247,2.8630830491793766,0.09169124083577183,11446.021014805216,685331.5,7.420813568137575e-05,381,43
381,99,204.27835286878656,849.9903290945946,384408.97337750753,2.945937705051916,0.0818301035482031,12252.078832749245,899819.0,5.651706066928026e-05,381,99
381,315,52.4318988952522,579.518527616466,375542.3373801232,3.3915921950485863,0.35505391447314577,8786.030215589919,1140551.5,4.458697742646581e-05,381,315
381,342,334.34119859685825,665.7774164431409,118651.7108013611,3.5444575533960183,0.026575628469571764,2821.2023628041024,374391.5,0.00013585861222029178,381,342
381,360,724.1540744883683,460.1269226837114,255520.32828825727,3.3081488147363687,0.38556034265182976,7173.91457970186,633141.5,8.032624803983253e-05,381,360
381,361,229.39505337452297,597.153099240956,365063.5857468508,3.2102658801752746,0.1611880801937876,8866.635997384321,1042697.5,4.877179471512453e-05,381,361
382,31,556.456811244335,403.00800026038087,451069.1375517866,3.253398910319805,0.20754576789242069,11360.73386526316,1325559.0,0.0002675093265962392,382,31
382,43,60.16741397593668,698.9369634473659,353062.8066718755,2.744543233718386,0.08262744517714529,12640.816554306895,774049.0,0.00045813686432140817,382,43
382,99,204.59798670687974,850.1891512112015,380744.59482244635,2.8791225228124335,0.07727722841070542,12560.811386241663,953449.0,0.0003719243405057832,382,99
382,315,52.43922555212257,578.528409665222,383464.77053666423,3.4610888807354416,0.37363963734535954,8960.578823306154,1237062.5,0.00028664800884055906,382,315
382,342,333.41567025824395,665.5546904925192,122247.89680367682,3.6286202359511153,0.24148559248432414,2560.1653780874726,361328.0,0.0009815956953692308,382,342
382,360,724.1493127605077,460.22019707962164,250736.19671644186,3.431525454255523,0.3691860691813944,6240.4031090882145,616468.5,0.0005752658513017184,382,360
382,361,228.65201062627784,596.8219141130189,334181.5870084804,3.304837901498823,0.13128716424127773,7360.475462001484,1048317.5,0.00033826315478068035,382,361
383,31,548.8511243012478,403.05648438776115,454034.4405314835,3.127686655165228,0.15610112288855543,11664.598489912314,1277660.0,3.501829726065751e-05,383,31
383,43,59.83073558594451,698.8784707776136,361361.2166668008,2.739831845136851,0.1023212962689493,12308.162544528166,764390.5,5.853577216439874e-05,383,43
383,99,204.5862114636728,850.2018602059147,395872.33909557585,3.004737842497031,0.11786994927335438,12388.608051355148,963545.0,4.6435603489354496e-05,383,99
383,315,53.911434009914146,577.4666374266236,375278.2893478686,3.4102172941865643,0.38345362439706415,9251.23328510287,1205074.5,3.7127763305663826e-05,383,315
383,342,333.6689241546995,665.2519132818019,118657.12256979769,3.557755910492465,0.10116761405233227,2574.2562184634075,286938.0,0.0001559759198304235,383,342
383,360,724.0828030655275,460.8197316658915,229189.24895007024,3.1431841943492396,0.2865380544079417,6596.531559812482,538712.5,8.306288603248565e-05,383,360
383,361,227.56515015415889,595.8592982869862,337951.5741801492,3.371859405225472,0.1544517069539154,7561.87764173626,1061788.5,4.2138616420078584e-05,383,361
384,31,540.770863783823,403.87204464227597,445256.31231431896,3.1960213658104593,0.18294935191660988,11565.099021151142,1238362.0,0.0017627329310588294,384,31
384,43,59.98504542814999,698.9159794423792,365409.60126417957,2.743891388577305,0.08846637132624649,13149.35916103486,713307.5,0.0030603276831620814,384,43
384,99,204.15348974024428,850.416172370869,379430.30350215046,2.9902067013686913,0.03723895865606592,12040.377063116257,862418.0,0.002531177445070912,384,99
384,315,54.19090966671695,576.3459916764277,358914.1346906563,3.4212133737926775,0.33130214664339197,8475.791748377891,1133089.0,0.0019265107984134926,384,315
384,342,332.6408144854877,664.7861766325468,122621.73482699977,3.71610434790895,0.08958344730154814,2297.1772028313912,361895.0,0.006032347955755554,384,342
384,360,723.8786702429741,459.938059070694,266789.4075564181,3.2240651667615126,0.24397583165133568,7366.809650459289,614968.5,0.0035497342678695444,384,360
384,361,225.97837793293252,596.1428306353254,359785.47776759235,3.2977515257361913,0.1054728103423094,8475.791748377891,1069431.0,0.0020411909667758716,384,361
385,31,533.0842420307318,404.1575819825778,468493.13310867967,3.184130170148051,0.1828952183839555,11618.69085209974,1342962.5,0.00010791253937479635,385,31
385,43,60.02836869834259,698.8107275940397,351924.03080965264,2.75919598206065,0.09610870800313602,11618.69085209974,662670.5,0.000218714488884513,385,43
385,99,203.87713672825754,850.0277100949369,377148.82015960605,3.0853288568390793,0.0795553169499063,12077.323385735257,943128.0,0.0001536672882272709,385,99
385,315,51.743448966306296,582.8799190221547,357962.6925025203,3.4206480087093887,0.36290641496241366,8255.385605439289,1111364.0,0.00013040296610870666,385,315
385,342,333.80964584864665,665.5948995085245,100364.0861105721,3.4892938201432933,0.1444967134847608,2598.9176906012576,296310.0,0.00048924348315668,385,342
385,360,724.1619671246365,459.205423326281,268376.4709323828,3.378269221604036,0.35688276683329134,6497.294226503144,641429.0,0.00022595875646272913,385,360
385,361,225.53700031032346,596.3063740742082,340076.02369073516,3.248839203458033,0.1783503381560544,7720.314316197853,1019946.0,0.00014209237441089613,385,361
386,31,526.3866394896005,404.3699240393654,469510.0031739587,3.2097946317089163,0.18579264825916755,11418.391930055233,1292171.5,3.767872415164942e-05,386,31
386,43,60.351850530502034,698.6619127825923,376949.6635909484,2.7921836050593063,0.10932321008484071,11917.946576995151,742908.5,6.554047963551257e-05,386,43
386,99,204.07267781182415,850.4345226046679,378162.8677335168,2.9983325554133384,0.046930101193750344,11632.48677874377,920525.0,5.2892777609190005e-05,386,99
386,315,53.23027751140535,581.6607394437514,353256.5003360838,3.3783924214832344,0.38109434712289253,8278.334149290045,1125065.0,4.327573742397915e-05,386,315
386,342,333.27178177234356,666.4426809613532,105905.58515126229,3.7707199366925077,0.2484379726229986,2069.5835373225113,283746.0,0.00017164220112188058,386,342
386,360,723.7542172548607,458.96447047627123,288742.5859312717,3.334387706040906,0.35721871899061153,6779.670208470296,625756.0,7.781306381241252e-05,386,360
386,361,227.10896877183575,596.3361318774047,344692.70638854237,3.4254557962420535,0.13113917825281962,7778.7795023501285,1092025.0,4.4585213891340445e-05,386,361
387,31,520.6668820479047,404.2990216389949,452131.9378244155,3.118808536972184,0.13931618122026218,12096.371830525646,1236249.0,0.0004674374584761366,387,31
387,43,60.93000768659678,699.2340835204791,365454.62444276817,2.7254141901135087,0.0966661682254332,12256.58867596307,752837.0,0.0007676285304485885,387,43
387,99,204.15632191775393,850.8023977876161,396296.36718947266,3.0899525484328407,0.06609308374868758,12416.805521400496,916977.0,0.000630207076972485,387,99
387,315,56.19524182341186,571.6297742824539,343104.3745042473,3.3936598809169607,0.36835521878648636,8251.167540027427,1112612.5,0.000519385045611936,387,315
387,342,333.23444128742017,664.955299288871,103179.64846170219,3.575494579870487,0.15166871764213039,2563.4695269988124,263505.0,0.0021936661639366997,387,342
387,360,724.03531629051,459.2936779554623,281821.4311244319,3.2250264970640483,0.3115913979449968,7690.408580996436,569536.0,0.0010147276225960127,387,360
387,361,228.09555187136877,598.5593223225621,367056.7928971424,3.22037245948761,0.11187774540444446,8090.950694590001,1098579.5,0.0005260201548298227,387,361
388,31,513.0612396140942,403.88674636893313,443256.7589832897,3.2023882234205496,0.18943447609715636,10805.649787302136,1287104.0,0.000319675854613024,388,31
388,43,60.91342483959246,699.405591482182,348557.244875128,2.7395756037564514,0.13510706485065857,12231.395245348946,664731.0,0.0006190393926391536,388,43
388,99,203.98030208489388,850.7092731917392,379848.6057175237,2.977958008374935,0.020670868060068313,12456.512949251073,850699.0,0.0004836930822992481,388,99
388,360,723.8131176127413,459.0747182785533,267514.87147036195,3.338583989883062,0.3022239420309119,6678.491882429793,555177.0,0.0007412238445730411,388,360
388,361,228.7163984247744,600.1564099887587,357411.874561945,3.1289723859944445,0.06302755661790216,8779.590452182985,1013509.5,0.0004059825788949303,388,361
389,31,506.18723232536087,402.62620169409786,466012.5234584594,3.2312987201528602,0.16106153828031824,11719.6012696435,1296279.5,1.876696507225459e-05,389,31
389,43,60.70492728171807,699.2456103111994,367979.64256779285,2.9170071122283963,0.12638976441114322,11957.160754838977,706988.5,3.441217912877999e-05,389,43
389,99,204.29044841376265,850.4376872791488,388805.6907699296,3.0907193054121316,0.07346086095077052,12353.09323016477,935471.0,2.6006211873069685e-05,389,99
389,342,334.05342620666954,665.2401606958333,111811.3310320042,3.5900002761842282,0.17470995859244992,2771.527327280557,298715.0,8.146352375789272e-05,389,342
389,360,724.1245257424195,458.7979179433898,280399.3790257272,3.407551790719968,0.32361912354114786,6730.852080538496,631781.0,3.850935970843518e-05,389,360
389,361,231.17527346520268,602.8596659282517,308035.46580346767,3.209040891719842,0.09094342404988048,7126.78455586429,913925.0,2.6619390978586523e-05,389,361
390,31,500.27601702924517,402.6113472609836,459813.7550879487,3.1408924369006885,0.15458509978963672,11734.164206399477,1248016.0,0.000818241829500655,390,31
390,43,61.243843596487054,699.0370583003357,360524.6733414916,2.7022025464661423,0.0837341522933194,12335.916216984066,741334.0,0.0013775436080004607,390,43
390,99,204.24633347122403,850.4004128661545,386174.3527926597,2.9576283152664855,0.016858430174189937,12110.259213014844,944343.0,0.0010813848288557075,390,99
390,360,724.2498998470725,458.51041726080206,272443.22279217246,3.251130712705787,0.32409925110985516,6920.148121722768,564407.0,0.001809424026080752,390,360
390,361,233.29273156206614,605.5969041049492,316371.11956484744,3.281600458493824,0.058963670035970375,6544.0531151074,959666.5,0.0010641164685973035,390,361
391,31,493.97241610725604,401.94694436779196,434408.13420146564,3.2759589906434874,0.2123837289141343,11228.017728914887,1244153.5,0.0007941214372287217,391,31
391,43,60.8516694268794,698.9662392401041,359219.13272024936,2.717376402294725,0.0929728479837446,12854.14443448187,711252.0,0.001389161932740857,391,43
391,99,204.0391897257944,850.3505386956181,389108.8902606711,3.0003979835517645,0.06201372683969701,12466.971409346874,887070.0,0.0011138105189844962,391,99
391,360,724.887193630138,457.76133537109865,264439.17616720236,3.386477285336425,0.32196823373190786,6272.203007186937,571163.0,0.0017299166472344383,391,360
391,361,234.80509908775028,605.9012618241613,346287.55368074053,3.1382857118660064,0.1349374524622453,8904.97957810491,945265.0,0.0010452347607484865,391,361
392,31,485.8004233503727,400.88082986859473,441029.6750754654,3.1479292838186685,0.1424782272156645,11079.652939848987,1213374.5,0.0015671026026634108,392,31
392,43,60.83333548775126,698.859229260342,354697.61424885684,2.8260171913168626,0.11118693048073519,11897.613895139853,682904.0,0.0027844746762365337,392,43
392,99,204.1783474907697,850.050999909657,376187.6793469532,2.9969345872641244,0.07408171686008573,12492.494589896845,882317.0,0.002155126587638762,392,99
392,360,724.8857823056045,458.674229474264,276916.96340938006,3.4359647728862956,0.28799622888994847,6023.1670344145505,603957.5,0.0031484712335472205,392,360
392,361,234.86194609254295,607.5140173998781,284799.13261491025,3.2788984331213813,0.13599656684220282,6394.967468637671,805923.0,0.0023594222258654864,392,361
393,31,478.96648415234813,399.69642979067004,460093.0675995262,3.234583992131065,0.1518730190637307,11363.185641318943,1227272.0,0.0,393,31
393,43,61.48651875506242,698.7809181420163,377458.74480653333,2.809793877536437,0.10110538315803382,12136.191467259008,727547.0,0.0,393,43
393,99,204.93587794506888,849.9596646591868,331001.09466753545,2.916637196532685,0.07643931485622009,11517.786806506956,845040.0,0.0,393,99
393,342,334.40875011101724,663.1058301470459,104896.89058006671,3.5028149539087066,0.1594664245758779,2319.0174778201927,265250.0,0.0,393,342
393,360,724.3564385961582,459.72120111762786,262048.97499368174,3.27928152430288,0.2539309001653838,6029.4454423325005,594274.5,0.0,393,360
393,361,236.20482529319227,608.5032575821634,320179.0131043746,3.3049938072058107,0.1570076112071269,6879.751850866571,901766.0,0.0,393,361
394,31,471.81606879511673,399.7113158926853,466901.8172930777,3.1420173624194394,0.16845036083728818,12751.35687528139,1268997.0,0.0,394,31
394,43,61.34713136194972,698.9023862091852,367068.02322075266,2.825654854152876,0.046651027082425627,11196.31335390561,773432.5,0.0,394,43
394,99,205.06991505782008,849.8901253903592,338532.97460350714,2.995786353373254,0.08336366403092267,11118.561177836822,802576.0,0.0,394,99
394,315,60.20932153930377,556.7261909104814,360148.0795506305,3.292943992564899,0.2810243871000618,8552.739367566786,1102580.5,0.0,394,315
394,360,724.1072930742545,460.1213121562512,251061.77652611956,3.2961119958602194,0.34626959443427247,6842.191494053429,515499.5,0.0,394,360
394,361,236.4176636344732,608.7956148562201,308442.8824648858,3.271705745093905,0.12898333991027472,7775.217606878896,924125.0,0.0,394,361
395,31,465.68794039394714,398.7814336776505,465210.9510204379,3.2884190026106226,0.2089023250365521,10852.869638299428,1295374.0,0.000223582886589937,395,31
395,43,61.476062622756395,699.1499798091925,375155.22423454904,2.808992535487318,0.0860765096883922,12315.31306473694,725377.0,0.0003992976070598814,395,43
395,99,205.56604693812463,849.806988305338,321044.8174563611,3.030730482845673,0.09241418303926084,10160.133278407975,769312.0,0.0003764909224232034,395,99
395,315,58.3156757112973,563.0826310935446,362685.9697565029,3.3664491124158658,0.32704352176725543,8620.719145315858,1086992.0,0.00026644888902059636,395,315
395,342,334.9819032414623,663.8601803748986,100831.6257175337,3.3882373989665666,0.08045835313463037,2693.9747329112056,248661.5,0.0011651142690749287,395,342
395,360,724.2041154971031,460.0897725789979,288871.0620747358,3.383357648768909,0.3143954287587362,7466.15854549677,530057.5,0.0005464619281371735,395,360
395,361,238.12084094779712,610.35174424417,320890.8760430519,3.172727994386099,0.14421260752911916,7927.982785424405,868010.5,0.0003336764210801242,395,361
396,31,458.46763719288236,398.3065084053718,454040.12030223676,3.18024673173969,0.1709501219359522,11760.596185034714,1221541.5,0.0015494077864365702,396,31
396,43,61.84568118413576,699.5078967481331,351520.1645926928,2.793872258458704,0.09390627979452436,11598.381065241132,653886.0,0.0028945680961632177,396,43
396,99,206.36899921856508,850.1489667385354,341300.6120456971,3.0435292576555466,0.07131812847242197,10381.767666789265,836232.5,0.0022633577636441142,396,99
396,315,61.53234523246066,553.7443184013309,367660.56901215424,3.3827138725605366,0.3240689365548768,8678.508908956652,1114397.5,0.0016983810811196872,396,315
396,342,334.5570136329625,664.1021540164095,114280.5518945787,3.4370543778516858,0.10866495612812387,2595.441916697316,310292.5,0.006100181674016654,396,342
396,360,724.2199023155437,461.223168309086,279577.75896423904,3.109779440639269,0.24298608077802822,7624.110630298367,613409.5,0.003085581308066235,396,360
396,361,239.25595540334183,610.2020673727648,318833.81795428594,3.0440670888825543,0.015739448287822772,9002.939148543815,836421.0,0.002262847658658604,396,361
397,31,449.9805487886478,397.94926736481955,460681.76900058717,3.193535656868019,0.18755478989602445,11947.856353132434,1223686.0,5.039722906362956e-06,397,31
397,43,61.76727705313424,699.1303963846211,355295.54886013694,2.794846364223262,0.08556232031616821,11335.145770920515,682568.0,9.035716447215118e-06,397,43
397,99,205.8507800887045,849.3017390955456,361882.1876189151,3.1670258777049662,0.16692143443926444,10799.024011485086,911200.0,6.76825517753282e-06,397,99
397,315,59.02598167153616,561.0108735021366,344496.5248486519,3.372231173246567,0.38690486411207986,8501.359328190387,1082183.0,5.698770910718065e-06,397,315
397,360,724.146069806497,460.5489928001689,264384.61622444337,3.1973065866504324,0.2537361127037121,7122.760518213567,558437.5,1.1044599273049764e-05,397,360
397,361,239.6327950920938,610.4293275131315,304287.3928909946,3.1770080763417488,0.06651706517241979,7199.349340990057,870233.0,7.086918337772524e-06,397,361
398,31,442.40324146047953,398.2668937541161,466096.7856058666,3.1451133352771077,0.21124286930076477,12366.17184032659,1276672.5,0.001541893076362763,398,31
398,43,61.70485447608713,698.6029773816399,366503.4553482028,2.800022644835967,0.11242379145588437,11619.22186339411,686841.0,0.002866148854696138,398,43
398,99,206.46819201270299,849.1861494062919,328906.9731759347,3.061074012584853,0.09240172906997579,9793.344142003607,778626.5,0.002528252038212593,398,99
398,315,60.35901984875793,558.6582012429236,348576.6559018233,3.269156000006875,0.3545436561149791,10042.327467647767,1030483.0,0.001910287904439946,398,315
398,342,334.92590742249126,663.9370242438221,101170.22465341014,3.4101619119613122,0.14526070132104962,2821.811023967141,216610.5,0.009090233480258905,398,342
398,360,724.8988274540799,460.73075017995666,253382.031063873,3.155330211799747,0.27811996093530367,7303.510885562012,486037.5,0.004050457940448037,398,360
398,361,240.05299944059468,610.988638983237,280604.20800096774,3.061385187539981,0.06427552234291271,7635.488653087558,850571.0,0.0023143847161833327,398,361
399,31,433.7400418540937,397.6005582495151,483562.423376308,3.197146858821573,0.15998474926253495,12217.008989363876,1312785.0,9.992873987319862e-05,399,31
399,43,61.66468152973191,698.7895015463456,385165.97259710706,2.8510306000132206,0.08479960813710785,11721.724841146422,709988.0,0.00018478479187337578,399,43
399,99,205.8650713248421,848.7328200149044,333986.6106146368,3.092853689497238,0.09881276391237775,9410.398816131634,726987.0,0.0001804633010025965,399,99
399,315,60.646570254098194,556.585699942556,349092.77713526913,3.306342207642933,0.3558825018880831,8997.662025950422,989783.5,0.0001325429321964414,399,315
399,342,334.77802410059417,664.3701895229872,100047.3979399258,3.47978604099291,0.15063935039203522,2228.778666978545,252987.5,0.0005187389659408395,399,342
399,360,725.2659486856552,459.6773556425054,249953.40013374202,3.3335589972050537,0.28582341105053705,6191.05185271818,520833.5,0.00025190952994110264,399,360
399,361,241.203358742997,610.8032264719335,354623.4501236974,2.9865464943235107,0.15910569339218225,10235.872396494058,906902.0,0.00014465757034221193,399,361
400,31,426.2591709747352,396.1786119284908,457973.09785497154,3.2142141246874982,0.20081668174966594,11281.797002169145,1214743.0,0.0009369411211367378,400,31
400,43,61.75371458250744,699.0374250532764,368821.45387542434,2.7738677377104604,0.10917314863681747,11790.750250387302,678698.0,0.0016771139669398598,400,43
400,99,206.00809037343095,848.7902929472069,313939.32860923314,3.1607392963065504,0.1073833751868763,9161.158467926824,738541.0,0.0015411919852053929,400,99
400,315,62.67786297017709,555.026762031283,368227.6750858365,3.3995609294120723,0.3692869680806905,9076.332926557132,1056533.5,0.0010772623438648635,400,315
400,342,334.47420672914666,664.7250062908761,115871.68951100038,3.5857004110458703,0.2733929214635071,2205.4640756120134,240861.0,0.004727674082231214,400,342
400,360,725.1160524760884,458.92283303787866,276107.1371583501,3.389647200125854,0.35478155122036664,6022.61343724819,600379.0,0.0018959470259413656,400,360
400,361,241.96572689961104,611.5907485554087,310546.3069544454,3.128190804763661,0.12963472087861763,7973.600888751124,833361.0,0.0013658031921621105,400,361
401,31,420.5249611751242,395.2149851250171,474941.91377202026,3.115484460458794,0.1696644090291938,12160.91185736846,1274135.0,0.0003766117865945536,401,31
401,43,62.41160536834793,699.3418901641434,377488.03107941,2.8345055810124666,0.13643305801424943,11494.560522718133,732845.0,0.0006548180386595142,401,43
401,99,206.15848474008735,848.8238970949081,280200.7362204623,3.055374788969457,0.12660414737588055,9245.624768273281,670717.0,0.000715481739512185,401,99
401,315,63.52560524655074,553.1292679289813,352499.8560300227,3.4588452677174417,0.34209037674717335,8079.509932635209,1060599.0,0.0004524436750805046,401,315
401,342,333.7597155908393,664.9581111768094,108781.85538166581,3.4998359182715824,0.22059555090214714,2748.699255432597,194395.5,0.002469444222426411,401,342
401,360,725.5863204522794,458.7150257936169,290945.6514916988,3.28792915055286,0.3061672355285013,6830.101180165847,570970.0,0.0008404949283716515,401,360
401,361,242.7728951171861,612.3566025199013,296776.2256698892,3.1670223985409307,0.1168721636922901,7579.746431647464,824959.5,0.000581693194151533,401,361
402,31,415.79043169920374,394.9780571414399,464033.45271514385,3.170490205571358,0.1512588375174055,12281.470245838529,1211802.5,0.0,402,31
402,43,62.98884620791341,699.1937211498264,378406.69862352835,2.7506859623976117,0.02466835137664291,12367.354653152084,676761.0,0.0,402,43
402,99,206.50652852062964,848.8722367321367,304288.45511192945,3.1174669294876787,0.12637241174655303,9189.631582550508,644642.0,0.0,402,99
402,315,64.10812920296786,551.7042687544105,337182.1831130214,3.2685849351591685,0.309992512601343,8502.556324042058,982388.0,0.0,402,315
402,342,333.66804777807374,664.2087828490029,126507.7319728682,3.49454040287006,0.2255743061034142,2662.4166267202404,230155.0,0.0,402,342
402,360,726.4719357926848,457.5383131244984,288657.4929808622,3.298453831609914,0.2806940270902681,7042.521399711604,520028.0,0.0,402,360
402,361,242.1213737154628,613.3707510790514,336151.57022525877,3.1143674509144357,0.05741918054955024,8330.787509414946,892498.0,0.0,402,361
403,31,409.8483330817089,394.59809999038515,465322.81748958334,3.122385912296995,0.15838662996272043,12487.476740539665,1186046.0,0.0,403,31
403,43,62.71889605076193,698.7434362572255,357782.63950690953,2.764212828324828,0.07785736928792494,11912.395574856919,601656.5,0.0,403,43
403,99,206.44112431342214,848.8258483815251,297727.73491918255,3.208406796555797,0.15326222451202115,8379.754128520039,577728.0,0.0,403,99
403,315,69.2754494688752,539.8239132035304,326481.79320331995,3.3637847450111913,0.3181167408764653,7804.672962837291,933800.5,0.0,403,315
403,342,334.2594703156959,664.8314684713548,106718.6334602699,3.3145351389096747,0.10657715166222281,2546.7880194521686,204581.0,0.0,403,342
403,360,726.9319191423987,457.84948144246545,257061.28106018825,3.43175254575775,0.3655353725333981,6818.819535952581,504356.0,0.0,403,360
403,361,241.95630796852882,613.1889570378814,337408.33535129216,2.9368402128548374,0.11691658598633299,10187.152077808674,799643.0,0.0,403,361
404,31,402.15435076204756,393.825163544387,447794.8980788146,3.2362869129731116,0.18724758890772247,10766.217496106852,1166638.5,4.399781562255405e-05,404,31
404,43,63.17047007596457,698.8464436794031,380805.1003252609,2.8660862272060315,0.07876414992821293,12121.96340302401,615239.0,8.34376381251628e-05,404,43
404,99,206.8123164062859,848.9197405542566,311582.30931325536,3.1293666701642335,0.15010704317437584,9809.220385341798,729279.0,7.038813095476482e-05,404,99
404,315,70.35842857914983,538.407876716319,344359.46035695844,3.376827554871648,0.34022969842990347,8692.723756115904,1025568.5,5.005052601197661e-05,404,315
404,342,334.4538290788968,665.4570880755657,134139.09502556833,3.693922765615886,0.24061288623916166,2551.992295373476,235888.5,0.00021768570431505963,404,342
404,360,728.0425574957715,456.9139211269856,271787.1794572752,3.2455730051033207,0.27039939361725945,7097.72857150748,590429.0,8.694439639131555e-05,404,360
404,361,242.51322924250073,612.8226095143835,295951.3565040928,3.132827034437335,0.10810550680397206,7815.47640458127,754735.5,6.801364480210475e-05,404,361
405,31,394.95826703763845,391.3987384430302,441942.75868168194,3.1869409212424338,0.20012490123410237,10935.310395092873,1180061.0,0.0,405,31
405,43,63.166470425224,698.9514905850858,338525.96608808934,2.8300989528749954,0.11650079998168848,10310.43551537328,640929.0,0.0,405,43
405,99,206.81558718271407,848.1648729638717,324466.28129439853,3.227343158286467,0.10087874956053078,9138.795115899044,744469.0,0.0,405,99
405,315,68.31431975105878,543.8647617059988,347039.8863242688,3.4513760152770403,0.3825036560841597,8279.592156284603,1092561.5,0.0,405,315
405,342,333.92541660133674,664.286236288544,113414.79066910608,3.668794774366472,0.0874311598695871,2499.499518878371,192757.0,0.0,405,342
405,360,728.3052661116761,457.0788395627061,238155.43853312978,3.421614394398556,0.2863527975684779,5623.873917476334,477226.0,0.0,405,360
405,361,242.61604230011966,612.9659423395667,282912.1017930456,2.978201681680443,0.07501011173410178,8357.701516249552,771517.5,0.0,405,361
406,31,387.84202347221606,390.9194768276668,435010.7076336746,3.071630062784832,0.1433552983463392,11985.317203664483,1119761.0,0.000906635215052069,406,31
406,43,63.08190339804982,699.5576752160584,336151.95029606624,2.851471998464694,0.12365040966423696,10617.86490525981,596741.0,0.0017013973417465949,406,43
406,99,206.5673468242044,848.6978284235296,284993.14666163264,3.1547713953874617,0.1674175342166396,8204.713790428035,591763.0,0.0017157121522330587,406,99
406,315,71.32621983738937,534.2618785182839,351917.8709129672,3.3320607094452184,0.2837672826684257,8687.34401339439,1031844.0,0.0009838913775180238,406,315
406,342,333.8205330636569,665.5713752642689,136664.79146997284,3.4025576364975882,0.19128391419218363,3539.28830175327,258256.5,0.003932194239929898,406,342
406,360,728.2293535878239,457.30894219572565,264481.36218556255,3.5496135974212133,0.3293244930885088,5630.685934607475,518344.0,0.0019587746141163393,406,360
406,361,243.09277060201123,612.9473669078752,329877.75739750365,3.064374746530499,0.10260280890667982,9330.85097734953,847322.5,0.0011981785682306178,406,361
407,31,380.48768596842467,388.7804126148046,437572.59566489793,3.20173615606842,0.13339326357376216,11053.096770138582,1178054.0,0.0019773833516215406,407,31
407,43,63.39381440557514,699.3837445151224,347197.27501494135,2.838877039683464,0.10674144923195071,10890.55122940125,578255.0,0.004028350618269416,407,43
407,99,206.2511392008522,848.2749239730034,306885.98091208294,3.2871894388336766,0.13483271852031176,7883.458725760606,736240.5,0.003163959551114844,407,99
407,315,69.36532991888274,540.1633374415128,361013.64597761456,3.4886772533351182,0.3650693592589392,8452.368118341268,1055868.0,0.0022062026077291795,407,315
407,342,335.11055346820586,664.5165247039859,120039.88183451974,3.3060949848344436,0.18216835463441264,2925.8197332719774,233004.0,0.009996682413732553,407,342
407,360,728.66806829659,457.27136331384924,224069.02790641226,3.2309260040537384,0.21420513900062935,6339.276088755951,523683.5,0.004448113326488264,407,360
407,361,244.78847569946763,612.4520246957483,280553.60331263515,3.1669004406401853,0.16374307620594092,6989.4582517052795,717071.0,0.003248538959395266,407,361
408,31,373.26617449607045,386.77757855373846,460013.42407067766,3.1604848959396894,0.1399527043829778,11502.252643874253,1206366.0,0.0009117504499180792,408,31
408,43,63.43739605691931,699.1921235434385,356876.55869727186,2.863121469065984,0.07695548264255792,11118.844222411779,654495.0,0.0016806168699494395,408,43
408,99,205.73981382363232,848.037728149579,308567.097593,3.356953259857337,0.13368168126017868,7821.531797834493,728688.5,0.001509484611036011,408,99
408,315,70.75462084830403,538.9912980619075,333948.73509381583,3.2672047480486497,0.3167504850674057,8665.030325051937,979936.5,0.0011224386555068737,408,315
408,342,334.8627036241933,665.1464116233087,125451.23550252187,3.504276116438957,0.31612896677032626,3297.312424577286,196913.5,0.005587287898752981,408,342
408,360,729.1774222338596,456.7568061974866,224907.38002988792,3.411588521899272,0.19730611962330502,5291.036216182157,551025.5,0.0019962344890089565,408,360
408,361,244.84198579429957,612.7075838286585,307800.28075007506,3.1618837295956683,0.0438381372945264,7821.531797834493,798949.5,0.001376726990770045,408,361
409,31,367.00447314883206,384.74327885643316,461787.135193167,3.1165814875880224,0.10751792586205909,12002.568577172611,1154529.0,0.0,409,31
409,43,63.65666819763362,699.5274803833682,350880.2839898123,2.8857637054136807,0.0964505585736532,10989.364736242454,675276.0,0.0,409,43
409,99,206.36425284511236,848.867589848286,270603.3642853461,3.12046906553167,0.1837381570188318,8962.957054382145,580034.5,0.0,409,99
409,315,71.59417067310638,537.0065588116973,323445.84152770345,3.311244078801439,0.32021405565355476,8261.508241430498,995177.0,0.0,409,315
409,342,334.78336542177806,665.8661324788113,118233.09436084967,3.3934482611139005,0.1378498634789966,3117.5502797850936,134578.0,0.0,409,342
409,360,729.2359878378151,457.41453266135784,224931.2526864945,3.3041165865003035,0.21049747506630498,5455.712989623914,474370.5,0.0,409,360
409,361,244.79991061400204,613.1104177030721,313937.3131743589,3.109632023367832,0.11800309676577923,9430.589596349908,784002.5,0.0,409,361
410,31,360.3716698101674,383.27656933225825,455567.0465765819,3.1648435802954746,0.15734596585764427,12274.345296363863,1156584.0,0.0009140305315796643,410,31
410,43,63.46834987299886,699.7192350775747,326843.7843659967,2.894593436102451,0.1266379122453082,10307.302780920936,537094.0,0.001968414363822908,410,43
410,99,206.25966010510749,849.3062727504943,288053.7059614622,3.2457818317834684,0.11588289469130651,7868.170061771708,546031.5,0.0019361912107801332,410,99
410,315,74.5454886297397,524.9882204030862,335813.4982364165,3.355463867999035,0.3180820724835714,8182.896864242576,963992.5,0.0010966530253380337,410,315
410,342,336.14208213987166,663.7528198039172,132893.39234332414,3.7079595310568054,0.1752573045940902,2360.451018531512,226112.0,0.004676463440464952,410,342
410,360,729.5604837817816,457.22996203444836,227704.8415876732,3.2779550994064803,0.14212157196094674,6137.172648181931,467390.5,0.002262012520847691,410,360
410,361,244.9235338666492,612.8823569765157,282073.8967145157,3.0767042085015057,0.10460847782725696,7868.170061771708,687486.0,0.0015377691586004178,410,361
411,31,353.12971465428075,382.7972663185594,467248.1619787877,3.029873844698974,0.14848831710877322,13358.772437998723,1181186.0,0.0,411,31
411,43,63.498955640301254,699.7898124161069,322849.87030793447,2.735532490258871,0.0685822811461017,10656.130615282218,518291.0,0.0,411,43
411,99,206.31218534798393,849.494120479052,276441.64929500245,3.1517043363018185,0.10968152173321104,8107.925468149514,558722.5,0.0,411,99
411,315,75.03558944149358,522.5023420950868,346015.3716455045,3.536149276714462,0.384124768311121,8030.707130357613,980625.5,0.0,411,315
411,342,335.86293738923877,663.8645496624114,124475.96052054301,3.776806586267616,0.1599165155716644,2162.1134581732035,196160.0,0.0,411,342
411,360,730.086103757754,457.1239804703395,225786.41970351597,3.188824964020884,0.00682654667478612,5559.720321016809,516824.5,0.0,411,360
411,361,245.04033120543647,613.5023896455697,277599.924361881,2.987875359767815,0.1149658582971224,8185.143805941414,654572.5,0.0,411,361
412,31,346.6942528788833,382.2676645267809,472373.6680250213,3.255413328621124,0.19251165394669245,11093.221092432543,1180639.0,0.0011569829187619326,412,31
412,43,63.576001129589514,699.8794547970955,343661.91096624924,2.795799255629816,0.13079014560594043,11321.163991592115,586265.0,0.002330035420785883,412,43
412,99,206.14679294687878,849.325656293071,267377.02071417886,3.112095407156606,0.15938064158648474,7902.020504198523,551028.5,0.0024790426947792978,412,99
412,315,74.53857957787382,519.1688287806356,336443.7191595294,3.4208695809915888,0.3877556304186702,8053.982436971572,994989.5,0.0013728650850743694,412,315
412,342,335.74931362612585,664.1789238829115,143376.08357137127,3.6290647951997697,0.10965055122365733,2811.295756301398,186794.0,0.007313854646311854,412,342
412,360,730.6400243560353,456.8909060262722,247014.12172259038,3.110642965954558,0.14061680912007155,6306.420210081514,539421.0,0.002532391126616946,412,360
412,361,244.93985188219898,613.7867010852406,294350.263781395,3.0949523412869184,0.13172362078581204,8433.887268904193,743625.5,0.0018369485680576204,412,361
413,31,339.1498143949096,381.0107761093422,469369.88598989527,3.0356215905330672,0.13534870006776686,13245.392791420492,1155582.5,0.0025467853352647046,413,31
413,43,63.76795106778357,699.8405464413346,345697.433959505,2.8474478672097865,0.0875490641742604,10976.844854768364,592451.0,0.004967019678478604,413,43
413,99,206.360410094521,849.4597411325187,243539.59784446078,3.1597586172413186,0.09240400936878032,7317.896569845576,420779.5,0.006992880240943156,413,99
413,315,76.66954786139867,515.899920093766,343282.528091456,3.3212172324842997,0.33724156306326014,9366.907609402337,1033871.0,0.0028465667497152465,413,315
413,342,335.1890002310636,664.2561324161418,137283.739650303,3.5977071589702456,0.15868167116298124,2927.1586279382304,214275.0,0.013728211158345705,413,342
413,360,730.5055201050629,456.8485680564141,214926.6222563646,3.107866719548314,0.033126413036349785,6000.675187273372,447120.0,0.006581035329469778,413,360
413,361,244.63552691131756,613.2796747916692,291837.7152054416,3.2107517469186284,0.09888227515007617,7683.791398337855,708565.5,0.004153205684120246,413,361
414,31,331.07228866602213,378.6102374666064,486864.0872564989,3.193276250310704,0.1997125454165325,12374.34569850665,1226882.5,0.000844346763932207,414,31
414,43,63.73485839508879,699.5971744785207,338232.1157591818,2.846892230132289,0.12634761366674982,10976.114546133018,544803.0,0.0019015907815695629,414,43
414,99,205.68787788638056,849.7379422469672,253569.21948295832,3.2957350186995034,0.17927121032041862,6711.509531393437,481671.0,0.0021508680729999327,414,99
414,315,77.40341426907388,514.3611042957036,341937.4283129719,3.359986807618852,0.32860052242499216,8669.033144716523,922655.0,0.0011227759400211641,414,315
414,342,336.58019309805064,663.8474780516643,138424.88408498964,3.687064475222049,0.09254312155389659,2586.7276318912204,252810.0,0.004098550857804688,414,342
414,360,730.2584942265041,457.30864355019867,206448.8296479669,3.136147573879027,0.09384205569806119,5802.659282350576,454287.5,0.002280538984256786,414,360
414,361,244.36943442972043,613.3667908587302,300549.7862027124,3.1739519043076783,0.13630162478277846,7480.536665198935,708689.5,0.001461796565215911,414,361
415,31,323.1172721912225,375.76851564777843,484218.17480913125,3.1664469684953485,0.20308604465479102,12488.035814248615,1205874.0,0.003366567277675487,415,31
415,43,63.62635995176604,699.5894247747154,326926.6716920923,2.856314739781235,0.07527031415905791,10250.29529262025,494101.5,0.008214342430975583,415,43
415,99,205.3629191798928,849.6198374525886,279356.6393129603,3.4601085851731055,0.19065396603107565,6641.036386768049,667288.5,0.0060830223842793674,415,99
415,315,76.43659743091622,521.4705848938002,327648.5234732628,3.316923697584578,0.31606518936228245,7651.628880406665,924085.5,0.004392945846846496,415,315
415,342,337.87163760291014,662.5531777194554,150650.46673027085,3.6473040762235596,0.13652829198384228,2887.4071246817607,234021.5,0.017335825184600216,415,342
415,360,730.1270846332243,457.13202219772563,208687.34993637426,3.2154826934567304,0.16549506632736427,5702.629071246477,476502.5,0.008517605465981161,415,360
415,361,244.81785981836862,612.297138745061,309096.93269718246,3.012041845094407,0.13159592794335467,8806.59173027937,730562.5,0.005556311323036325,415,361
416,31,315.99464061675235,373.31850916164836,476647.6982877025,3.1724908651989674,0.15602722536378438,11920.037630621797,1150091.5,0.0,416,31
416,43,63.754159543032515,699.9617050531606,340297.8484871061,2.8623407117746282,0.13021630353349647,10843.389070436602,587321.5,0.0,416,43
416,99,206.07942932858955,849.9341914933254,254012.15673512124,3.2861787280606176,0.2309758768454918,7767.250327050332,565858.0,0.0,416,99
416,315,77.02965201868757,518.4072525388914,344758.2496650162,3.346720089249852,0.31784088034410163,8074.8642013889585,992885.5,0.0,416,315
416,342,338.11555234921707,663.0750419789958,128198.0821306228,3.426405105881393,0.16328749282463315,2614.7179318783296,153443.5,0.0,416,342
416,360,730.9071104430319,456.93236831937037,220789.85830654952,3.173327976954288,0.1069846495479297,5613.953206679943,485673.0,0.0,416,360
416,361,244.2242726483792,612.2619368691729,313150.9240767223,3.1520489484895173,0.12326961838258128,7844.1537956349885,802528.5,0.0,416,361
417,31,308.46274264056007,371.5661751053012,466013.0043495312,3.307673335622037,0.23444474181139574,11183.157713915054,1169709.5,0.0,417,31
417,43,64.08308822045696,700.4113470340607,338669.3052201114,2.902623587345901,0.09754817899925311,10100.9166448265,598452.0,0.0,417,43
417,99,206.27845716424173,850.053859351904,266087.0041865724,3.393043476689793,0.1652547302421119,7431.388674408068,571534.0,0.0,417,99
417,315,79.10839255381285,507.43609637163155,336216.22546351067,3.411165710156269,0.3587799995806752,7719.9862928316825,1010959.5,0.0,417,315
417,342,337.45344147466875,664.7461226997594,120200.90807343535,3.7099198646548777,0.09764789190303344,2453.0797566007213,165088.5,0.0,417,342
417,360,731.0125799589598,456.94579572486293,227703.52093623168,3.207939295671729,0.05415132019891103,6204.848796107707,474158.0,0.0,417,360
417,361,244.61577299340814,612.5259613324823,298626.38566383487,3.197682780246169,0.11570043127540798,7431.388674408068,782431.5,0.0,417,361
418,31,301.14940801863725,369.37041463413726,452838.20786973514,3.289832097321538,0.21941228368283885,10245.839088325545,1125976.0,0.0020012521919733394,418,31
418,43,64.10574816100416,700.655991630619,338809.68577109167,2.7799351607628675,0.08786836137795949,11151.933701578824,530966.0,0.004243959154369741,418,43
418,99,206.580749186511,850.0996147202877,278589.243782566,3.3884526274401865,0.18175214651025626,7527.555248565706,616333.0,0.0036561218689687516,418,99
418,315,79.78153807715879,503.7622927094167,334767.10980426933,3.337869077285334,0.29544308457033375,8015.4523480097805,940899.0,0.0023949098371332184,418,315
418,342,337.68966536761155,663.7253491092874,150132.90745750492,3.74351807483304,0.2394727472535568,3066.781767934177,275480.0,0.008180126822917733,418,342
418,360,731.559338233143,457.5046840774793,202756.09461183,2.9797644569045776,0.06186452792555169,6412.361878407824,441814.0,0.005100363033449876,418,360
418,361,244.41466067725855,612.9237994123071,297686.93024651974,3.0388878913206034,0.08519388218225403,8363.950276184118,696643.0,0.0032346291850310887,418,361
419,31,293.6367003068389,366.79747284070254,450640.73567583127,3.2476927048961897,0.2010488696013689,11196.464596674019,1083744.5,0.0,419,31
419,43,64.02084540051334,700.8450098286295,308479.5639786672,2.89476673310084,0.14369751226726885,10110.7468176026,515537.5,0.0,419,43
419,99,207.06988731564047,849.9463426281495,259418.6918368774,3.212338884532054,0.15012660528476024,7735.739175883868,607998.5,0.0,419,99
419,315,79.19720124450761,510.1718512693345,344579.6801327919,3.330696738533898,0.2985594525652272,8889.31431614725,938886.5,0.0,419,315
419,342,337.66692641560076,663.8362048337649,152950.4921266863,3.46198777599456,0.07593531412297995,3732.1548655580063,236131.0,0.0,419,342
419,360,731.4402363059991,458.25495439115065,231257.88694221247,3.3028387988903423,0.16927646854160036,5632.160978932991,495440.5,0.0,419,360
419,361,244.72374713720043,612.9763893356593,314926.0132919038,3.1555589444137944,0.16057598035405352,8346.455426611541,794346.0,0.0,419,361
420,31,286.0049128142404,364.99034780626465,441818.34512513055,3.1183991203019663,0.1490610763603175,11118.337977677062,1113540.0,0.0013952334388687739,420,31
420,43,64.152503178382,700.8860512281906,313821.8688943117,2.823764228054553,0.16125801250791663,10711.56951507912,547334.5,0.0028387067007480857,420,43
420,99,207.31544268440177,850.108341973049,251993.06257942462,3.326101921943671,0.18123637750726793,6711.679632866031,512589.5,0.0030311427770993225,420,99
420,315,80.60110943849548,507.0654222702677,351108.9779657897,3.418287314392717,0.2817955591756838,7999.779764426178,1051128.5,0.0014780804470446293,420,315
420,342,337.81739398600195,664.2007911164807,153148.32616812488,3.3657783530840857,0.19323768167372773,3321.942444549854,166207.0,0.009350119620255668,420,342
420,360,732.130349246766,457.8564028575507,246772.86730941772,2.986876055585262,0.021195009027492374,7931.985020659855,493358.0,0.0031493114691133004,420,360
420,361,244.57273543200932,613.1546555365486,305618.70489858655,3.095672051121094,0.12571262446079906,7864.1902768935315,788495.0,0.0019704344088470075,420,361
421,31,278.2609457731917,363.6704599498105,451880.47939036065,3.2631302931316037,0.2146136530867414,10971.398832280514,1153190.5,0.0035742706512452193,421,31
421,43,64.37889123644572,701.3330838885698,301039.78550327587,2.932023267866024,0.1574234634220917,9046.592019599722,453326.0,0.009089698217761925,421,43
421,99,207.5931544408671,850.2691831716925,243167.2606686734,3.173812702608663,0.18673703799847366,6993.464752740211,471748.5,0.008734897755927144,421,99
421,315,83.56249692189034,495.32522075870844,333504.86041049194,3.3254877530507687,0.277027881439051,8212.509067438046,943764.0,0.0043672356476950275,421,315
421,342,337.75617274098045,664.7360595308377,143783.06890725516,3.600411499115478,0.08753615286692579,2758.8897648424686,201677.0,0.020419253050675726,421,342
421,360,732.0720177459053,458.73344110979843,253497.05723006034,3.1442176743347603,0.1261000740669259,7057.624979829571,464185.5,0.008877148228776176,421,360
421,361,244.9640905047508,613.2464731717233,329398.6058767729,3.0562828440362475,0.06472658713568762,9367.393155046522,786491.5,0.005240294287370699,421,361
422,31,271.29607186015454,361.7518539990914,447099.4564425052,3.0304194867699765,0.17230875035753992,12857.762146058973,1055983.0,0.0008202865339837048,422,31
422,43,64.48870211497716,701.3354367228504,319301.0932937978,2.8560473218518827,0.1242425179014048,10000.481669156978,422555.0,0.002050146789908374,422,43
422,99,207.63872870842192,850.2356959851271,242674.02595869888,3.243692547595028,0.16850041272470817,7143.201192254985,508814.5,0.001702534059309374,422,99
422,315,82.33375721776538,501.244125677057,313846.28511062125,3.3136601322349857,0.34624834078268674,7662.706733509892,882847.0,0.0009811672435576062,422,315
422,342,337.810681360377,664.796963989502,149552.65768875662,3.4393195259474187,0.09394003825070049,3052.095054872584,204226.0,0.004242663806915124,422,342
422,360,732.0982327792256,457.8563250227764,235660.70115175762,2.9733360847931563,0.0881279381379958,6623.695651000076,477841.0,0.001812908887509294,422,360
422,361,244.61055164755552,613.4084134588959,296248.03490061127,2.9949907031083405,0.10873469780854556,8701.717816019707,653832.0,0.0013248755472587558,422,361
423,31,262.5486670513736,359.75930715217606,454530.8790701951,3.267349463874957,0.21866621442149062,10594.980959787808,1124623.5,0.0,423,31
423,43,64.29755413407952,701.5650739138152,304590.2128556542,2.887361985472298,0.1949336097958985,9541.678759107148,472687.0,0.0,423,43
423,99,208.00400352197724,849.843299541512,288852.6387984255,3.3407574980325436,0.21237504246665206,7497.033310727045,650250.5,0.0,423,99
423,315,84.84416605915965,489.2419773110507,336808.8684058861,3.325681061885868,0.25309196166870335,7744.869122651906,965937.5,0.0,423,315
423,342,337.26919504454884,665.6207104526867,134327.01006327468,3.268292263146485,0.17223573202311424,3469.701366948054,145591.0,0.0,423,342
423,360,731.7065282930538,458.83838420252766,224601.2045569053,3.217323796852456,0.17118986410470266,6629.607968990032,455940.5,0.0,423,360
423,361,245.14853984230302,613.0332906536083,323735.5293268497,3.0726763111201056,0.10687925753579874,8488.37655842649,782256.5,0.0,423,361
424,31,255.12759583191692,358.89797284791626,463016.0909242126,3.1141810636203884,0.18035688491218596,12291.32360896798,1149169.5,0.0036677520385044403,424,31
424,43,63.88102385238078,701.4022528440154,291645.4376745701,2.813957771660484,0.09934683205811912,10038.986821984317,436312.0,0.009655213890003076,424,43
424,99,208.94805245546706,850.6197593515645,301620.07201692625,3.262271477200158,0.21852322726961923,8237.11739239739,602434.0,0.006994385857194927,424,99
424,315,83.70034619647153,496.4036657406115,336885.2308531276,3.311119871614811,0.2940686980650149,8301.469872025495,991379.5,0.004251304376083826,424,315
424,342,337.457515907931,665.272170841628,151550.08952418633,3.6535182125024437,0.11307597897009317,2960.214062892812,181567.0,0.023174675687672706,424,342
424,360,731.328948812303,459.1790090928521,236495.3626332844,3.1298866554861817,0.11416356168134162,6370.895483182356,420747.5,0.010012075098042542,424,360
424,361,245.19554593038342,613.3521746402213,302134.8918539511,3.034554283879337,0.16168739792991563,8623.232270166016,728024.0,0.005788401981631889,424,361
425,31,248.46443647985583,358.1341956122851,445550.72888703266,3.1089030183172506,0.19303376256386998,11777.235183912371,1062771.0,0.0027142760104152865,425,31
425,43,63.25060701880099,701.4690607384703,282141.59071024857,2.90405405348343,0.196544603274574,9472.993517494733,366350.0,0.007872636092521985,425,43
425,99,209.1997570663997,850.6142633983694,301279.59788410616,3.179930959829796,0.19948319366116324,8320.872684285914,583369.0,0.004944437879848932,425,99
425,315,86.04483344531639,484.3816130597538,327010.29649243644,3.437271674297533,0.35890212310705416,7616.798841769414,927886.0,0.0031088027499163247,425,315
425,342,339.2265852741396,665.3070406915024,150671.80229853108,3.4642855578759773,0.047533361946077594,3328.3490737143657,204624.5,0.014091768181628783,425,342
425,360,731.4273343765432,459.07143856355447,266075.9057582811,3.2050447365506205,0.09262941658412713,6528.684721516641,496196.5,0.005812909424545861,425,360
425,361,245.2503620204486,613.4996373727398,325026.088390799,3.0919033117177874,0.15309639689802237,8512.89282315405,722371.5,0.003993134417715323,425,361
426,31,241.54114484959533,357.8289261009714,451441.94081335515,3.1042602635906587,0.17200896159658413,12182.840981469853,1086075.0,0.0,426,31
426,43,62.8352496839706,701.0863768597095,283386.41771896824,2.998765767925414,0.19224054695579973,8054.211537749515,393861.0,0.0,426,43
426,99,208.9134090492805,851.0111696175674,305992.3559845845,3.209419888859007,0.14257173719993999,9069.448286205336,657347.0,0.0,426,99
426,315,87.04085936434379,480.51353878317434,324943.44195575983,3.314206039860997,0.35875967836716405,8460.306237131843,895671.5,0.0,426,315
426,342,338.2829817015796,665.7847189049423,163317.7516015931,3.635597817109939,0.07283392232697669,3519.4873946468465,250895.5,0.0,426,342
426,360,731.0166165315625,458.7637704938434,237159.30443927983,3.2356991297782134,0.06945958628896169,5956.055590940818,513323.0,0.0,426,360
426,361,244.970744145117,613.5748435532041,281626.6740216448,3.146583121429098,0.17372170420003916,7445.069488676022,672004.5,0.0,426,361
427,31,233.0318462051082,357.674365934034,442345.00400461844,3.1970517785105117,0.2075427707847419,11340.555101235563,1112759.5,0.0,427,31
427,43,63.0520937304508,701.0702383924748,301443.35850099893,2.857590939463062,0.1963178870336782,9693.32363401699,489891.0,0.0,427,43
427,99,208.59340264832673,851.1227120447556,319879.67992256064,3.2947860284488932,0.18769301652082776,8742.997787544737,717242.5,0.0,427,99
427,315,88.05280611235678,479.03786330557773,355231.8014113285,3.4095617706397543,0.3367949339790402,8996.41801327067,997003.0,0.0,427,315
427,342,339.6746722326892,665.4711367145388,125316.30162147454,3.5326728624490444,0.021038328095753806,3611.2382165945646,141520.5,0.0,427,342
427,360,731.182450327002,458.64596883463264,278382.1179599389,2.949391056010455,0.016765049374548036,8426.222505387317,565818.5,0.0,427,360
427,361,245.4120995544834,613.647859328898,317155.4124960069,2.9661494145071288,0.09194117734204921,9186.483182565122,781263.5,0.0,427,361
428,31,225.52484705976946,357.62541378058046,427985.35541871615,3.1219590447364407,0.18030476414005497,11479.528399623088,1040145.5,0.0,428,31
428,43,63.01215514205067,700.6352171994749,318962.2636686234,2.8438414013840694,0.13570840422921168,10506.687009824522,512356.0,0.0,428,43
428,99,209.30915675910956,851.1291743507513,304369.64282164496,3.1948578971122097,0.20881521987260865,8820.42860084034,642163.0,0.0,428,99
428,315,87.54991709331355,484.2827277824822,348796.0662891128,3.3320345802574196,0.3371909417455582,9014.996878800051,1050031.0,0.0,428,315
428,342,339.692029807299,665.4359702389781,133538.6947730166,3.5930022106682493,0.12409811577489151,2659.099798782749,142651.5,0.0,428,342
428,360,731.4601404773116,458.1028593906572,308261.0083808392,2.9498223191755977,0.07281810735311993,8625.860322880626,557771.5,0.0,428,360
428,361,245.44518301730227,613.6662213863426,307482.73526900035,3.1775817761142973,0.13023405862118378,8107.011581654723,726875.0,0.0,428,361
429,31,218.44288882296584,357.624979985344,426267.9706302871,3.25759766619509,0.15746027791206224,10245.896799730257,1057591.0,0.0,429,31
429,43,62.84004448925039,701.1892527301122,279410.1165008201,2.768638614662048,0.1520177575054686,9859.259184646096,360206.5,0.0,429,43
429,99,209.5306340537281,851.407541666733,310856.6425276651,3.271155155761951,0.18266351946704706,8828.225544421668,646704.0,0.0,429,99
429,315,87.84836959379211,481.79607245463046,340498.85968411743,3.3613164304100316,0.3087289319393975,8183.8295192814,931789.0,0.0,429,315
429,342,338.26805515481334,665.889168702656,152528.53915070137,3.7668646268515906,0.06651789825316627,2642.0237030750977,277690.0,0.0,429,342
429,360,731.4265360687122,458.15076553766016,309438.9712723566,2.803282421827392,0.04832287456225531,9665.940377104016,600285.5,0.0,429,360
429,361,245.5052479137896,613.869074498653,293135.75183630775,3.0945743512599484,0.13042934075522714,8183.8295192814,673616.0,0.0,429,361
430,31,211.5548014942343,356.6623771213416,394673.4372444131,3.176882170400847,0.10810104836561338,10393.023604150658,1043725.0,0.0029998162792622576,430,31
430,43,62.98741094529684,701.1572009833609,287736.4144998189,2.769175432525316,0.13720278769285135,10000.83403418271,429687.5,0.007284795650374106,430,43
430,99,209.44436446466648,850.9568461471614,295776.30068416183,3.1942974050019526,0.1682535282389707,9020.360109262836,680209.0,0.00460253379897989,430,99
430,315,88.12623114321198,478.67077753966987,299959.65609715326,3.3035899700039435,0.37400566821963555,8235.980969326936,821058.0,0.003813167702077325,430,315
430,342,339.0159041261054,665.8369792356284,140992.1504034778,3.5358289312233726,0.12448376779638196,3006.786703087612,213956.5,0.014623624736674296,430,342
430,360,731.5377068556564,458.03307794601665,312052.1678378317,2.8894228037943357,0.04994650714649002,9543.279535886768,651915.5,0.0048022293397277155,430,360
430,361,244.9989536722917,613.9346924109235,297214.3291073776,3.0217305487298,0.11493271502513683,8235.980969326936,705554.0,0.004437244605158126,430,361
431,31,204.19507991673854,356.23657282892765,417684.86322077725,3.2040478015830813,0.14864272499618755,10312.395585101749,1096846.0,0.0,431,31
431,43,62.26031954931116,701.1832030014341,290323.493542355,2.720959372997374,0.16404259199794868,9852.6072469125,426920.5,0.0,431,43
431,99,209.1250254316641,850.8727957616151,290323.493542355,3.288400015301284,0.17121831427973663,7947.769845842749,662321.5,0.0,431,99
431,315,88.92991666852731,475.94688798386335,342279.57575774024,3.226943516672795,0.3275150746608312,9983.975343537999,965546.0,0.0,431,315
431,342,339.1435679015061,666.1909814063397,155342.77425965376,3.623099487219714,0.1199053571666129,3349.88646395025,236432.5,0.0,431,342
431,360,731.7255839137634,458.65992684826324,316859.849060706,2.7340294587404075,0.07731012889848456,11166.2882131675,610071.5,0.0,431,360
431,361,244.9062284026231,614.2501615088105,317845.10978539725,3.0393506555713863,0.154244688365541,9261.45081209775,791299.0,0.0,431,361
432,31,198.2000906344257,355.77662793300925,411650.5156222575,3.1758697893860997,0.1518006610988433,10283.023288562397,1064861.0,0.0020998767391839273,432,31
432,43,62.58016302189654,701.1392262778689,291220.4928773633,2.8371365131742605,0.14469358109243055,10612.607368324012,471734.5,0.004739691820672708,432,43
432,99,208.9346852852353,851.0072848428788,296362.00452164444,3.3722886829057344,0.1963845747126676,7778.184282374121,643060.5,0.003477078971443157,432,99
432,315,89.35889620813658,472.3927798728549,363926.7408727756,3.4360670516146,0.34324129674827164,8371.435625945029,1078960.0,0.0020724391361318603,432,315
432,342,339.88943029646214,665.6241748722947,148246.91907677456,3.5429148229133105,0.20883183575510586,3098.0903497591835,234378.5,0.009538039344685806,432,342
432,360,731.5543020568082,458.369666490311,316928.05109876924,2.8595812034110573,0.12413521272763549,9755.688760943813,595055.0,0.0037575531988311554,432,360
432,361,245.38986039415872,614.3304480191924,317389.4688104355,3.106687256760615,0.13484621484951181,8107.7683621357355,797268.0,0.0028046068159365486,432,361
433,31,191.28127722790774,354.6404893634162,392690.07274167205,3.2582205919054577,0.21581129750043207,9446.393410571227,1070200.0,0.0025475109639067476,433,31
433,43,62.28394172178584,701.4411556622364,298645.97834309627,2.80918462823982,0.15452895836531733,10356.046109366975,480295.5,0.0056757504412435055,433,43
433,99,209.98046032226134,851.2666688883828,320897.4828213307,3.3561004721872694,0.17938077058826224,8186.87428916173,732532.0,0.003721653546283961,433,99
433,315,92.13807662365885,462.7838980771533,375056.8050419391,3.4668741566302126,0.3875999563597897,8326.82085820723,1061032.0,0.0025695210517802033,433,315
433,342,339.4265853281861,666.431447673167,134558.62613724792,3.57266155078007,0.1735737374143004,3428.690941614742,275342.5,0.009899018317641953,433,342
433,360,731.4043347283134,458.21746697662815,342449.25445433764,2.79598491974374,0.0762567857508825,10915.832385548973,729427.0,0.0037374936103895654,433,360
433,361,245.5043191984105,614.6080725642496,334752.19315683516,2.940569359925917,0.07446030995683084,9796.259833184977,821171.0,0.0033199783860043096,433,361
434,31,185.25221961926803,353.4924293862056,377786.1257189754,3.28519999663508,0.22573257093353152,9203.773142753873,1030722.0,0.0018639649941014098,434,31
434,43,62.64699363609357,701.5206470072361,297325.01519755676,2.827272603561399,0.1509209149084208,9131.868665076108,557357.5,0.0034470267612909614,434,43
434,99,210.42534846765227,851.4111288635548,350246.71076839155,3.3648038803095206,0.21194653105567465,8556.632843653992,874008.0,0.0021981823803939086,434,99
434,315,90.89590719352,468.3482409968439,344781.97046488145,3.2684225594484526,0.34397983689976636,9203.773142753873,997261.0,0.0019265062887646835,434,315
434,342,340.4750701847679,665.3473416410897,151215.11655633902,3.4000923038574054,0.14568699281045902,3307.6059731771734,277142.5,0.006932240612023004,434,342
434,360,732.070448567604,458.27234362517174,358012.3943575901,2.785892501069552,0.031181797122532533,11289.002995409048,737672.5,0.0026044458557429053,434,360
434,361,245.53479387667875,614.4196045598302,360888.5734647007,3.0493385889150755,0.11010571064022365,9635.20000882046,951812.0,0.002018496703299768,434,361
435,31,179.60659134910716,351.7902057206953,374098.68500730017,3.3029978522902246,0.13521423155884657,9051.942629870793,1013027.0,0.0,435,31
435,43,63.057742098014714,702.0956282239993,267865.08630313654,2.840539949966087,0.15507209596904542,9414.020335065625,511139.5,0.0,435,43
435,99,210.88502845974153,852.037229847206,348246.3368563892,3.286012625800193,0.20548319489007202,9776.098040260456,815263.5,0.0,435,99
435,315,92.23045642367978,464.62573003780227,403644.2257511984,3.4044442133578583,0.36268778517199235,10500.25345065012,1206300.5,0.0,435,315
435,342,340.49889529835895,665.7856523068781,142079.29151845197,3.5265846345303564,0.12934700804024346,3113.868264675553,271159.5,0.0,435,342
435,360,731.4943274752369,459.0880390340038,336008.11042080383,2.830407549550369,0.07898331031631949,10789.915614805986,688636.0,0.0,435,360
435,361,245.86136733193192,614.4845832943412,334559.79960002453,2.998628835280367,0.06497511343494422,9341.604794026658,900844.0,0.0,435,361
436,31,171.9213870905442,349.21902143759934,360413.04556961055,3.2260201018481394,0.141029113005344,9663.357736261029,1058023.5,0.0,436,31
436,43,62.38770263853152,702.1578399369802,287031.92275987833,2.756323130816289,0.13662816251760695,9285.882824688331,501101.5,0.0,436,43
436,99,211.05716735844067,852.6510004251201,355354.8817545364,3.2510232737282116,0.18268383013497108,9965.337665519186,818929.5,0.0,436,99
436,315,94.04396369776907,456.8757438446132,388497.17899061914,3.6277153546180223,0.42440622018098,7926.973143026625,1183593.5,0.0,436,315
436,342,341.03744263732426,665.3983688267641,156576.59332035447,3.677644942624501,0.10323649762509163,3246.284239525189,319343.0,0.0,436,342
436,360,731.4751780705553,459.3560976982303,365018.23949079745,2.8238165699426236,0.04125843058228566,10946.772435608196,800426.0,0.0,436,360
436,361,245.61033040529395,614.6409955924767,343502.16953115375,3.001830943106059,0.11497873581456967,9587.862753946489,880238.0,0.0,436,361
437,31,163.72731484967403,347.7601434802352,379186.36903117516,3.136464156882302,0.1307976310583201,10181.85620546674,1103219.0,0.0015025106792817692,437,31
437,43,61.99148954233709,702.1982325100685,298925.25425290974,2.743305003034812,0.1075636936663049,9760.538017654324,534848.5,0.003099327824026899,437,43
437,99,211.02053158788863,852.9371189221135,325327.86068915454,3.137678253411212,0.15041468294193427,10181.85620546674,825009.5,0.00200921484857333,437,99
437,315,95.02498250197321,452.12185222582826,343023.22457727604,3.2648997094228727,0.3147318747281928,8847.681944060754,985743.5,0.0016815799042031521,437,315
437,342,340.6195119501765,665.4620038096954,167193.10086356074,3.7158638090117155,0.043787637747366485,3159.8864085931264,372818.5,0.004446485380144538,437,342
437,360,732.4916941389407,459.15500011105956,374411.42956930114,2.7347407924336173,0.08961543365153868,11516.030466872728,842022.5,0.001968616627372369,437,360
437,361,245.45862608721103,615.2200292659434,362052.76272680354,2.9943702024352237,0.06063529327350447,10111.636507498004,937910.0,0.0017673447929211212,437,361
438,31,156.071073187551,346.0410750977474,371413.7680247476,3.2504557088910344,0.17856864256410568,9234.841163008488,1037203.5,0.002084175330234317,438,31
438,43,62.08739157901211,701.9661747247196,315932.5738501107,2.799047239460704,0.1307596199260316,10533.490701556557,605746.5,0.0035688339978951827,438,43
438,99,210.39449841260313,852.8256289627785,332598.5762614776,3.313091104710644,0.15273675111451065,8585.516393734453,850457.0,0.002541860621087966,438,99
438,315,94.10150698709987,459.0432920303932,371774.50400767766,3.161909432520247,0.27357343968350245,10677.785094728564,1146697.5,0.0018851538831114586,438,315
438,342,340.61381921165093,666.1752520582902,151869.84881353803,3.445124614647677,0.20601599410961643,3823.801419058202,292851.5,0.0073827592534813045,438,342
438,360,732.8665800578493,459.49867067393654,363188.98761394323,2.772889355067555,0.10197070280527692,12265.02341962065,821248.5,0.002632271387483646,438,360
438,361,246.03796096592367,615.4941648025773,342049.8590142441,2.98424464373334,0.04483809838053251,9595.577145938507,964868.0,0.002240434878315335,438,361
439,31,148.88601532114967,344.0101931529485,396513.19917143334,3.1708886619065795,0.10817171712022072,9661.702397138,1122081.0,2.537835478571711e-06,439,31
439,43,62.13403374040562,701.6722395992064,318912.8592833091,2.780846799162723,0.09314644275706703,10198.463641423445,615580.0,4.626357597068932e-06,439,43
439,99,210.63521152025493,853.023913578587,351655.2951847212,3.2052889131883706,0.17753488795157668,10275.143819178507,838105.0,3.3978490164340157e-06,439,99
439,315,94.84733761530583,454.8165807397751,380717.08255389024,3.3871387575266496,0.3690112111172751,8971.580797342429,1188873.5,2.3952429275531146e-06,439,315
439,342,340.19773950011756,665.5397402035013,173450.56208195363,3.484524331142431,0.10622950900224228,3527.2881767329204,387723.0,7.345968208173402e-06,439,342
439,360,733.1309394283381,459.3741542489384,404641.29801347,2.7962521277096375,0.12069103966552967,13419.03110713611,812644.0,3.5043220565843295e-06,439,360
439,361,245.93285464359474,615.5111406134362,337392.78212227934,2.9389237362124128,0.12130842590364486,9968.423108158255,905154.0,3.146122954273523e-06,439,361
440,31,141.93479798031095,341.7665734122731,412362.3600355298,3.143325887413516,0.12302822982947184,10477.053128640586,1207820.5,0.0,440,31
440,43,62.516891279557015,701.8974047322283,324427.3692937671,2.77119288795849,0.15209822384399696,10838.330822731641,621888.0,0.0,440,43
440,99,210.56164050430067,853.3567084325141,348054.9304873221,3.335256520837378,0.20954642710447077,9320.96450754921,886919.0,0.0,440,99
440,315,96.4407264463048,445.6163455204085,399428.61858707,3.3154519176477955,0.3721378002815708,10043.51989573132,1208383.5,0.0,440,315
440,342,341.5636266098508,665.6283869957899,161057.59602579218,3.4873996091781634,0.17964802698916968,3323.754785637703,386637.0,0.0,440,342
440,360,732.8565835944037,459.69797132399157,387578.7102208835,2.830239131616397,0.1207880913920181,11849.908366186593,857786.5,0.0,440,360
440,361,246.3618639749766,615.9774612199518,344369.89800759335,3.037878094188273,0.0869643639061848,9899.008818094899,909345.5,0.0,440,361
441,31,134.57956044043186,339.22729953542614,400908.1309194877,3.2531166167959005,0.19162941499048658,9826.179679399207,1147114.5,0.00014583763995043068,441,31
441,43,62.909587320518014,701.8891192463313,315042.43772104534,2.715297532680146,0.09199837969563476,11262.31363254217,622981.0,0.000268558990262595,441,43
441,99,210.44339943806057,853.2507859906232,355103.0164139806,3.3564333682199217,0.17033334416017948,9675.007684331527,915051.0,0.000182827946523913,441,99
441,315,95.64378280699115,451.1255430229533,354120.3984460407,3.231581088060246,0.3279922952330421,9523.835689263848,1102031.0,0.0001518044274905563,441,315
441,342,340.99883607935095,666.3214626841407,162358.72270268845,3.483801301506716,0.10420143375485304,3779.2998766920027,381795.5,0.00043826457954677727,441,342
441,360,732.543127629094,459.7862386197447,393651.875156239,2.7648843110438133,0.08453627657378002,13378.72156348969,914799.5,0.00018287821681880806,441,360
441,361,247.00071827027398,615.6688944552196,352003.99051509314,2.9524904596133403,0.04370872354404291,9977.351674466887,961119.0,0.000174063614519056,441,361
442,31,128.51300761527798,336.5090137488231,436890.27486412454,3.016714492483067,0.12219860223486805,11921.32378640738,1237043.5,0.0,442,31
442,43,62.98457209286185,702.1049852688477,311453.9560297878,2.7899071829636624,0.14452711131219412,10496.763082371277,625147.5,0.0,442,43
442,99,210.59427536591045,853.3129562439461,323375.27981619514,3.2978011911725296,0.2550562377213265,9597.04053245374,860662.0,0.0,442,99
442,315,96.64924099286917,447.6465988020657,424594.06668191816,3.3519229710337317,0.3424515585691541,11096.578115649636,1315813.5,0.0,442,315
442,342,341.89142471852995,665.9656063590963,168623.0012303786,3.6121429513179417,0.17519484819223805,3673.8670788299473,321421.0,0.0,442,342
442,360,732.6194176821359,459.92286930097606,400676.44222994364,2.7973937292856554,0.06929900968306842,12221.23130304656,912187.5,0.0,442,360
442,361,246.76628811741963,615.7391452721204,355615.3378549069,3.1180309176964123,0.0994083475687902,9072.202378335176,1030633.0,0.0,442,361
443,31,122.39154229056064,333.9053985989104,431329.8783881388,3.121998998792418,0.10603486109071918,11153.120865972982,1316341.5,3.351406556579705e-05,443,31
443,43,62.98891855533541,702.1370429909742,302348.20850953966,2.776130558582143,0.12432590295380287,10394.40516080475,570876.5,7.728637641295914e-05,443,43
443,99,210.8049588164738,853.8229397672881,309935.36556122196,3.210638680137353,0.12669071022908934,9559.817885119697,830948.0,5.30938171274201e-05,443,99
443,315,98.58348049191486,439.16624376371334,396732.44223246747,3.5612553520549017,0.4269251776002237,8801.102179951467,1265941.5,3.484845736869224e-05,443,315
443,342,340.7886928585101,667.1833596911065,139527.8181804375,3.6411938358592053,0.1148154269201001,2958.991250156097,347448.5,0.00012700206937809556,443,342
443,360,732.662730877113,460.26678684312037,402043.4521686451,2.7836025403193188,0.048746228231756,13353.396410960848,914553.0,4.823957099006279e-05,443,360
443,361,247.10245569219055,615.9073273541838,346581.33412084746,3.0015684749781215,0.080423182273645,9332.203173569229,984945.0,4.479158621089542e-05,443,361
444,31,116.30849414674198,331.82542675587666,444086.5528726153,3.1370579835673835,0.1381606238814048,12039.645795372233,1300705.5,0.0003078690608896684,444,31
444,43,62.834922745492605,702.2477297201435,299457.43204413104,2.658737678586199,0.09964754914616143,10889.361165241127,546478.5,0.0007328758368209722,444,43
444,99,210.88247443941677,853.4557871820732,318705.5281883248,3.1559940373535813,0.15038809923969576,8818.84883100514,887494.0,0.00045123140510330525,444,99
444,315,99.06844982270503,436.0960455297503,369624.7944821284,3.256879090600138,0.3046711333885477,9432.333967075061,1187788.5,0.0003371397293593117,444,315
444,342,342.36797560812295,667.1312856008825,152987.85580743698,3.5986630767341397,0.1390098687114427,3374.168248384575,397874.5,0.0010066883350228516,444,342
444,360,732.7709533758066,459.76344044480203,434117.41941147903,2.8144339902979727,0.12217888204468576,13726.729919564521,1010432.5,0.00039632355472781264,444,360
444,361,247.2368736385393,615.6250714398254,351526.9829680657,3.0368231655659463,0.09249235498730775,9662.390893101283,976407.0,0.00041013629787562577,444,361
445,31,110.38442516678944,328.4805435808799,457891.55656558246,3.047744682999496,0.11574574543068203,12368.297136756308,1293937.0,0.0005114963253494754,445,31
445,43,62.28368537224471,702.2441153128734,312977.4441236944,2.7173482300235596,0.1175128491007783,10913.203355961448,648224.0,0.0010210800546547277,445,43
445,99,210.932951252539,853.2042513824849,343534.41352038644,3.2380522961055167,0.20795273207821294,8995.125190368224,973958.0,0.0006795557118327067,445,99
445,315,99.32218881372862,432.6610390602449,370255.2265858921,3.3728366625964092,0.3592451120109674,9590.390827966121,1198202.5,0.0005523670631332479,445,315
445,342,342.22548768895876,666.7375661104879,151395.8938290652,3.6486710388164068,0.19557054105051136,2844.0469351899533,383433.0,0.0017263779965805367,445,342
445,360,732.609467532569,460.4280047707319,402664.1335217776,2.6998929262849325,0.04119121409268013,13426.547159152571,1026394.0,0.0006448358864290126,445,360
445,361,246.98019949791265,616.01363167438,351008.30430356006,3.1185664885744084,0.08977090204032678,9193.547069567523,1047867.5,0.0006316204374826448,445,361
446,31,104.85558623629234,324.7870512556485,446204.03585684806,3.186731321916302,0.1568983467560984,11333.35734472398,1303125.0,0.00016097432221631765,446,31
446,43,62.629546165782976,702.2614766390144,284910.0958978293,2.596808448870738,0.09335000965128952,10732.91457149357,638842.0,0.0003283930162603639,446,43
446,99,211.09748432572292,853.3481784921767,332720.35171630065,3.2841586704656867,0.21712481304576284,9381.918331725148,918131.0,0.00022848413639394978,446,99
446,315,99.16450783666221,437.2840450541546,395391.56617222464,3.570847116134117,0.40222222358924,8781.475558494738,1337340.5,0.00015685543998144553,446,315
446,342,342.7067446250754,667.8215052166555,132397.6314973053,3.541861739325643,0.16485558605280506,3002.2138661520476,319097.0,0.0006575859340071779,446,342
446,360,732.750404668168,460.0699340285695,349607.8047134059,2.9104275004359956,0.04969744683796729,10282.582491570762,912867.0,0.00022980186439512768,446,360
446,361,247.20413444695905,615.6626784593808,358539.39096520824,3.0601054462657036,0.06166350844286235,9306.862985071348,1104601.0,0.0001899087494600397,446,361
447,31,100.3906553671531,321.2160873124093,458980.33426796383,3.014644086347514,0.06415243991137609,11849.150618914784,1282645.5,0.0017627205143902634,447,31
447,43,62.72137800230419,701.9778515490315,283612.90510802506,2.666891937728313,0.06909630872990898,10176.329355067992,593787.0,0.0038074646427104925,447,43
447,99,210.753919627106,853.2943176893524,307659.7107758227,3.179389619204024,0.17363877475328393,8991.414293176513,815865.0,0.0027711509956866343,447,99
447,315,102.12984196291512,428.58716306248476,386491.4128346028,3.304313108912545,0.32661374581082236,9688.423153112677,1294773.0,0.0017462107449410867,447,315
447,342,343.02285695956516,667.4668531888086,149717.50311428797,3.6542875508990114,0.16194486667897776,3206.2407557063534,426080.5,0.005305882850056519,447,342
447,360,733.2881499405388,460.93981680087967,355265.41590946267,2.9680464261855706,0.07065130153107954,10385.43201304884,919708.5,0.0024582830920464524,447,360
447,361,247.3089766190058,615.6663049088032,342649.5555446181,3.0968894339302153,0.06362917871803374,9061.115179170129,1027720.0,0.002199937080233231,447,361
448,31,96.67062651792938,318.4942313146713,363596.32060993306,2.768395757875138,0.10328263138188355,11340.97797171447,940133.5,0.00046148852182765967,448,31
448,43,62.64537028183985,702.036694705999,273477.40840516845,2.6274366449313873,0.08428306107438896,10732.06640276336,602424.0,0.0007202474097577464,448,43
448,99,210.630322517336,853.1708210785604,311914.9511952074,3.208965904566695,0.22986965007528407,8676.989857553353,920378.0,0.0004713955593078251,448,99
448,315,100.02512867722996,434.943498593006,378057.970372522,3.2561289408567036,0.3071512916135235,10427.610618287803,1211439.5,0.00035812554808000645,448,315
448,342,343.1892462985828,667.1694660856195,139212.40745144812,3.500058579530085,0.13012242939166804,3044.5578447555627,439876.5,0.0009864787036996463,448,342
448,360,733.2451160116332,460.801101293698,357811.6607048975,2.9087007942674714,0.030804722873824193,10199.268779931135,1037805.5,0.00041805058319255024,448,360
448,361,247.77409677215837,615.4190719846989,362454.6114181497,2.9966031447944275,0.0015466783265725918,9742.5851032178,1078615.0,0.0004022317009773298,448,361
449,31,88.0522059819655,314.5945779064857,278071.82276557514,2.8714328889564946,0.180209662993211,8019.160709928469,701938.5,0.002501086532098653,449,31
449,43,62.76419055167149,702.3785606389683,266340.087652902,2.736143079550169,0.17854115709050783,9504.190471026333,652215.0,0.002691798502885688,449,43
449,99,210.81316774348653,853.5768545203355,272725.71562562283,3.1984460561297934,0.12332276479879602,7425.148805489323,883795.0,0.0019863751068151317,449,99
449,315,103.32067066763477,425.5259782204938,359525.70516179304,3.5419245113517035,0.400348039706453,8316.166662148042,1254248.5,0.0013996264481949455,449,315
449,342,342.68210797766466,668.171247972817,130831.12195272188,3.515895476100637,0.2302449861306249,3044.3110102506225,357242.0,0.004915135602861085,449,342
449,360,733.2357352313929,460.44763934408223,372148.4581311249,2.955138098493064,0.07171623176567078,10692.214279904625,1018861.0,0.0017230195396852372,449,360
449,361,247.9259632994144,615.482963894131,362941.2736123181,3.1075247884716273,0.08515812826232823,9504.190471026333,1141892.0,0.0015373569245502173,449,361
450,31,85.87233936613734,309.9935179530031,412119.15292067203,2.869414602068863,0.26344509575235336,13993.015016437846,1041373.0,0.0013150873949420196,450,31
450,43,62.54709315636144,702.3876270422421,268708.50663545367,2.7593112496710948,0.10402177935946784,8736.755568638859,643073.0,0.002129744304118107,450,43
450,99,210.66702608826918,853.7500837880383,282701.5216518915,3.2025037315753075,0.2293782883987224,8736.755568638859,801051.0,0.0017096757385145975,450,99
450,315,101.05465759703546,431.19224869725946,357354.6119172528,3.2446154345664744,0.34767502431941166,9944.274630971058,1294755.0,0.0010577057374712658,450,315
450,342,343.72702971464855,667.8482006610632,137799.23417202753,3.5424524093013514,0.17978134438370189,2983.2823892913175,416444.5,0.0032890370307307438,450,342
450,360,733.1835625756037,460.98755712924344,350961.8639402,3.0280012784941546,0.12492455492400144,10299.427296362883,969368.0,0.0014127830148616257,450,360
450,361,248.57219464821353,615.6235988774113,344284.99383083376,2.9488452069355353,0.08443082868121843,9091.908234030683,1067557.5,0.001282828473017209,450,361
451,31,82.36911708395186,305.6977008036132,452679.17517483665,3.183212916969466,0.1362320478654707,10961.876342910437,1298918.5,0.0013560939762594481,451,31
451,43,62.826701248788304,702.4630873072624,275436.44219369325,2.7133720519635123,0.11896215846577375,9340.753785156077,651526.0,0.0027038854990462224,451,43
451,99,210.56245971371675,853.9338291346462,264088.5842894127,3.2461611353012425,0.15058474149867904,7102.060729209579,799935.0,0.0022021522800781228,451,99
451,315,102.57060922341947,428.1992091505848,368921.176357528,3.4163240683806175,0.33663753295988214,9340.753785156077,1319641.0,0.0013347967015377503,451,315
451,342,342.89013075650035,667.4761687885614,140497.28833871122,3.5849195739442123,0.10913988148552092,3165.048803234704,484736.5,0.003634525446010525,451,342
451,360,732.6510500229924,461.0352168612318,349081.7241031056,2.953457332808156,0.04694409135042203,9881.127971074196,1005271.0,0.001752276959933956,451,360
451,361,248.4117102809126,615.5173591541217,370619.4952275564,3.081615635678316,0.05761859659100501,9109.164848334025,1087920.5,0.0016191383796284816,451,361
452,31,77.6202183163675,300.8749529651755,449455.4649654068,3.2215146705722706,0.21394975105250053,10613.57608314506,1361353.0,0.00274665024038888,452,31
452,43,63.24015101724308,702.5804675076257,255094.3529428129,2.6308023611203692,0.0899726568913536,9286.879072751928,618064.0,0.006051794920283993,452,43
452,99,210.60680874511542,853.9421616660851,276837.442835367,3.3128497363949125,0.17199259317803803,7812.771283426226,885560.0,0.004222991841129286,452,99
452,315,106.40891820767166,418.722541205419,351943.23470151157,3.3553582997009017,0.3102041902184093,8770.941346487933,1252643.5,0.002985086908840615,452,315
452,342,343.78997319272884,666.7895337677182,137386.84596515552,3.526874140328336,0.21631200125292446,3095.626357583976,487577.0,0.007672639861829511,452,342
452,360,732.7147683943077,461.7737787510403,362556.8107846566,2.966917955540654,0.1141036770232217,10171.343746347351,1096106.0,0.0034115397549442303,452,360
452,361,248.1255052693085,615.8096531967387,366315.7856474372,3.02341632556054,0.11382864844993927,10760.986862077632,1145768.0,0.003263622197196579,452,361
453,31,72.50043035412658,294.3727826935084,406886.8185672554,3.2522882218332727,0.19462592754188346,9950.613828163678,1368505.5,0.001819853698693788,453,31
453,43,62.81654071863966,702.7565095056736,296263.97889946704,2.8350525497516013,0.10890096911787504,9328.70046390345,759181.0,0.0032810002150537158,453,43
453,99,210.8325995100702,854.8115802644282,287168.49594716117,3.1468308926644935,0.09115222523144625,8162.612905915517,916641.0,0.0027172265911195037,453,99
453,315,106.29897014562877,417.2415325146541,352935.8342176805,3.455889437781163,0.3828459437175039,8629.04792911069,1298978.0,0.0019172811362781188,453,315
453,342,342.17934139559804,668.799645993846,111322.49220258115,3.5552306260591973,0.16903583595369373,2720.870968638506,386935.5,0.006439634217882711,453,342
453,360,733.2308120046797,461.3810178417307,306370.07106869575,3.0907364189244895,0.15022807584145376,8473.569588045633,943781.0,0.002639065911328097,453,360
453,361,248.6185588013016,616.0940555942753,359310.4462013478,2.937949078150779,0.0894948844844741,10417.048851358852,1150890.5,0.0021640394322650766,453,361
454,31,66.571370128236,290.0090586420152,470428.9762078316,3.1620096137461844,0.17780638175165456,11722.844465596074,1451918.0,0.00148854361063813,454,31
454,43,63.40718657369594,702.8555696282167,273772.27925436274,2.695434207965901,0.10611581796447248,9808.910675294674,662490.0,0.0032630574431062446,454,43
454,99,210.9356727880723,855.6183733722378,253516.47997367292,3.1022219558289876,0.07815481748034045,7177.2517136302495,816114.0,0.002648612708011954,454,99
454,315,108.9548587329896,415.56699809713564,354157.4984470215,3.3604987781323947,0.3380861374858227,8692.449297618858,1311953.5,0.0016473815476551346,454,315
454,342,343.27754638370635,668.107539155827,147053.91288815756,3.582465128808977,0.10925262418891679,3030.3951679772163,515765.5,0.0041918361130926195,454,342
454,360,732.6859677492973,461.1962653788031,301683.8136962581,3.0651141353897247,0.12860720515235494,8772.196538881415,950460.0,0.0022741245966255573,454,360
454,361,248.55669860165824,615.9884129272697,354635.9818945969,3.046008052368431,0.05986925713573482,9410.174468981882,1133835.0,0.001906239334511359,454,361
455,31,62.65266833633124,285.42700288984105,456294.97827420983,3.292623524115436,0.17891858406139918,10602.241808258195,1393226.5,0.0014607403941224416,455,31
455,43,64.36952334591655,702.9065439534554,268324.405463136,2.720436073533836,0.12358008253367213,9167.351939471371,636212.5,0.003199385769323869,455,43
455,99,210.7208211751354,855.614667900419,261867.40105359527,3.4272611107794497,0.09022383697403483,6775.868824826666,884866.5,0.0023001319964195497,455,99
455,315,106.6623342392596,421.6172174945618,358642.75109288434,3.3232194493194678,0.3349747555426166,8370.19090125647,1292111.5,0.0015750692134627012,455,315
455,342,343.9618294144922,667.7013319344012,153931.79647929757,3.470001649113042,0.16453252302591262,3746.656879610039,552304.5,0.003685623166435901,455,342
455,360,733.9200563744319,461.2125698003948,299652.8342649816,3.1986629289627424,0.16691552088773726,7413.597655398587,970745.0,0.002096605318750314,455,360
455,361,249.3473535186823,615.7374564455635,343974.98798973014,2.988971617891484,0.09028206460597114,9884.796873864783,1080954.5,0.0018828049290728207,455,361
456,31,57.02705303181206,281.12299550612715,479121.12046401366,3.182274426726999,0.1733884546588177,12546.92589373881,1483545.0,0.0008173694474530488,456,31
456,43,63.89955618517007,702.7894630706032,279617.2056318935,2.759901602627762,0.12319031907341489,9585.539657949525,726389.0,0.0016695257604591248,456,43
456,99,211.38688484422173,856.0554313510822,252185.41734247693,3.2155274545364443,0.04261307243312346,7793.1216731296945,913554.0,0.0013274274494645283,456,99
456,315,110.76336231826092,410.3270872043003,372043.6286752116,3.4758729120966634,0.393353135161037,8260.708973517476,1321657.0,0.0009174986777586725,456,315
456,342,343.1829177598938,667.8730865690577,128898.23247356515,3.4685493136167946,0.14300707778015811,2805.52380232669,482316.0,0.0025146272118285995,456,342
456,360,733.9404482014111,461.9673475250717,303697.9516018642,3.4598025251390703,0.24727108661000155,6857.947072354132,1000916.0,0.001211550450725869,456,360
456,361,249.21775570222633,616.3165905325133,352093.2371919996,3.037212032085376,0.08565498094765807,10131.058175068603,1158707.5,0.0010465426706595176,456,361
457,31,51.263156033220916,276.2995692577135,461267.8424559804,3.1831907076442176,0.19219615962469735,11870.863592617143,1455114.0,2.8688231874137018e-05,457,31
457,43,63.793066201447004,702.5158002680761,299032.7066902128,2.721375960530357,0.11533774669949665,10013.517588330107,801186.0,5.2106939474282256e-05,457,43
457,99,212.02291247817178,856.5110835244371,266811.7912245377,3.183597109701654,0.0814439265013419,7994.663235844198,893393.5,4.6728266657476696e-05,457,99
457,315,108.47726462148228,414.7708091274704,364443.5877107562,3.5012896867324175,0.3636539616562771,8317.679932241945,1399172.5,2.9835334966716075e-05,457,315
457,342,343.11275145247856,668.8339719551024,122988.60715344155,3.5522550706095197,0.25649627643328216,3068.6586157785814,421244.0,9.911779295018752e-05,457,342
457,360,733.0865317626708,461.366841809949,274321.9294157853,3.347589961698301,0.1803235135772653,7348.629843048708,909110.0,4.592033577995956e-05,457,360
457,361,248.86023524908546,616.5614540411791,355237.6118634205,3.1089191843971316,0.09883500981478255,10094.271762429544,1189226.5,3.510297501094908e-05,457,361
458,31,45.43147637403645,272.51473843921485,465374.7087681301,3.20045128108925,0.21385342657125148,11984.906655701718,1448553.0,0.0013805802590852912,458,31
458,43,64.63121336733651,703.0916714522585,300562.6590714215,2.7238461822390607,0.10773382276806931,10809.91580710351,721331.5,0.002772863007155273,458,43
458,99,211.46716857864953,856.4473931915046,257871.32490568663,3.1649181930808714,0.07707692381154371,7833.272323988051,857285.0,0.0023330112782477576,458,99
458,315,112.94816121596412,405.73188146937974,387120.3182514895,3.527598307331419,0.38594225617820244,8459.934109907095,1432875.5,0.0013956879276708037,458,315
458,342,342.11141463603025,669.596382079655,127447.3407112856,3.43317987177495,0.06089405781389469,2741.645313395818,507614.0,0.003940815815450296,458,342
458,360,734.4991466317497,461.9346744696871,291711.061345315,3.279415341777905,0.16657224571317278,7989.937770467812,963401.0,0.0020759770734014634,458,360
458,361,248.8093295565942,616.7094052261335,341217.3424329195,3.055275886692011,0.14092483460858665,8929.930449346379,1126175.0,0.0017758622049771227,458,361
459,31,39.219161951345185,267.32815239357774,472675.9862194667,3.173640424367572,0.189793979401887,12055.335887437568,1549805.5,0.0018204026762590807,459,31
459,43,64.83365116780197,703.154957450929,267506.37735035515,2.6417595132273726,0.08399342342076829,9766.348060708917,684014.5,0.0041252752811602325,459,43
459,99,211.92119986082312,856.6724934756793,253009.45444774037,3.230770335414296,0.04431791734530041,7248.461451307399,918046.0,0.0030734080343393162,459,99
459,315,114.95515371380506,402.8898077931209,360210.3843328656,3.293070397915284,0.37502868837284703,9308.550495363186,1247563.5,0.0022614973607371857,459,315
459,342,342.22244219174826,669.2457044450442,120477.0592801514,3.472227640555902,0.12848116613345048,3586.0809285415553,516529.0,0.0054634408588591105,459,342
459,360,735.2557232129651,462.56290658641615,281240.3043107271,3.5471401057761205,0.30349630696110075,6103.967537943073,1012111.0,0.002787708757703586,459,360
459,361,248.66615301173914,616.9745013188073,312523.13794268534,3.0902758270905206,0.06877114848033626,9155.951306914609,1054904.5,0.0026745996815132613,459,361
460,31,32.57026104374048,261.75842194605553,482845.04497664893,3.169793200321801,0.21398432881333013,11908.90545713158,1658830.5,0.0017745475425598434,460,31
460,43,64.23760358642033,702.6298513108094,309707.88102296676,2.716177264142387,0.0994820224136482,10687.479256400135,853328.0,0.0034501605520462185,460,43
460,99,211.99550103802477,857.3100721171131,255507.09336550895,3.425287776953161,0.09513181960926448,6107.13100365722,886522.0,0.003320937646218355,460,99
460,315,115.06606379171714,401.98507355531586,405589.8377803851,3.524456780229918,0.39532312804542014,9160.69650548583,1425857.0,0.0020645482730007564,460,315
460,342,343.39741264840524,669.255706058294,107867.20135209565,3.616330813018373,0.3738892926673791,2748.208951645749,425061.0,0.006928517083246835,460,342
460,360,735.9090902834938,462.1043861001043,306348.9589709553,3.472687207562022,0.2918389227014361,6717.844104022942,1065207.5,0.0027637209614847498,460,360
460,361,248.88369441891643,617.196956037397,349022.5368590101,3.024470048225957,0.08745379403899768,9695.070468305837,1164577.5,0.00252784692446398,460,361
461,43,64.53828338033524,702.4446556530308,327159.2977745445,2.7489114639090686,0.12842909192644508,11008.811573086485,864427.0,0.0036951000748905224,461,43
461,99,213.31878264169805,857.3334382944155,322642.8622573808,3.449675704641177,0.16816731447711927,8186.0393748591805,1008353.5,0.003167480348539416,461,99
461,315,116.1204426433612,398.4562683091895,371970.80642140296,3.383421812409823,0.3881947640758808,9456.286864061467,1446927.0,0.0022071382323336614,461,315
461,342,342.5412888448161,670.1577272664907,129141.82806889915,3.4021047808512175,0.24570143487015486,3669.6038576954948,478349.5,0.006679844824788528,461,342
461,360,736.8801907878695,462.87829956410735,337744.69351789687,3.3848436797456762,0.2783960071673945,7762.623545125085,1080853.5,0.002954940301263863,461,360
461,361,248.89913028543572,616.8107000871823,344942.7626233765,3.003986712722406,0.09440274323896754,9667.994778928516,1178568.0,0.002709867089780386,461,361
462,43,64.69173785272909,702.2562070577912,313979.18531061296,2.801079641268125,0.11462093940222132,11540.15036162447,802299.0,0.0009850166296955104,462,43
462,99,213.48032335793536,857.5701843281662,340398.14588691044,3.493673844198615,0.14058820432998378,8709.54744273545,1048665.5,0.0007535717204970562,462,99
462,315,114.9639228967588,403.3279072023069,384018.4626626105,3.4764374128721327,0.3598686973545811,8854.70656678104,1423885.0,0.0005549719138192056,462,315
462,342,343.30658001306864,668.4639358443236,121207.86857806833,3.6565911287201267,0.19124920253506913,2612.8642328206347,556193.0,0.0014209822482392038,462,342
462,360,737.2692443826672,462.81658105666924,353680.205737082,3.3050962148058174,0.2939165240014417,8636.967880712653,1123093.0,0.0007036260596981911,462,360
462,361,248.7031134522144,616.4285204444865,337349.804281953,3.215308691679276,0.0778993647755342,8201.49050857588,1137362.0,0.0006947974665412873,462,361
463,43,64.37807332526701,702.4188536006682,315609.7706453717,2.769212051997431,0.12563326726367718,10394.995949777483,799896.0,0.0001833270534495998,463,43
463,99,212.79238224713637,857.7868460292723,282655.4217833111,3.461050886571392,0.15958125249363733,7151.167426442666,1016900.5,0.00014420086796839546,463,99
463,315,115.35756356537053,401.4821755467624,374735.9178207018,3.2823999032008206,0.3477871136076148,9805.208945534789,1371647.0,0.00010690324090140118,463,315
463,342,343.9394805882501,668.4319691430063,138821.11612362412,3.709155327675304,0.2232114822067975,3022.6583967438073,578603.5,0.0002534566366426103,463,342
463,360,736.7476857175818,462.7329766334188,356452.52068917826,3.2906435627209674,0.3053911260026349,9657.762194474115,1195951.0,0.00012260985035016754,463,360
463,361,248.554523686039,616.5138175859597,319664.5562995402,3.0568114009469753,0.09580117828940653,8330.741434928053,1120483.0,0.00013086887797818586,463,361
464,43,64.58710248846629,702.4914234576974,317333.1002496445,2.7514519951700613,0.10361913352488143,11238.130224505005,879272.0,0.0038194111482918705,464,43
464,99,212.23419118718425,857.4915983242446,288517.3817252727,3.4337678354928016,0.15982594021284194,7131.8903347820215,996610.0,0.0033695946060396096,464,99
464,315,116.75511947973149,400.298031867198,344996.1900330414,3.224559907069266,0.33185803367040523,9581.226409353625,1293840.0,0.002595335284629459,464,315
464,342,343.6521334951936,669.5806720061519,120017.46765400856,3.283704171394569,0.18304889401249094,3818.082704479264,470616.0,0.007138000863509482,464,342
464,360,736.095863113025,462.1154403229274,365959.62525952194,3.2589368345119216,0.28051025215060404,8788.794149933401,1192614.5,0.002815672698227817,464,360
464,361,249.00305291415893,616.9700307557579,306743.32369193784,3.17794625729873,0.14158319025569055,8068.401186824105,1190037.0,0.002821772637862706,464,361
465,43,64.69127979482676,702.6350827976449,322118.16086724354,2.7591674818767045,0.11508098997835793,11054.856728792283,846389.0,0.0017846664106778902,465,43
465,99,210.8458093193922,856.7890702139783,247934.2538714006,3.2971093235535536,0.075967199679555,6763.826814326857,920335.5,0.0016412524960692932,465,99
465,315,117.21428000745087,396.77991994096215,359355.5730063333,3.4528952093651655,0.36298152689876834,8218.413226010052,1404421.5,0.0010754803007881836,465,315
465,342,344.2240450398471,668.797288342135,130549.13044856676,3.5051891496651595,0.08634003742124842,2763.714182198071,552346.5,0.0027349652103400225,465,342
465,360,735.9429336098237,462.0014094461777,344446.0622865806,3.392472290711192,0.3749982994738221,8436.601187762531,1079154.5,0.0013996798363186,465,360
465,361,249.21521228852035,617.1755563995856,304517.6652858769,2.9732507004503814,0.09521779354156885,9018.43575243581,1149606.0,0.0013138930898826029,465,361
466,43,64.85747641019682,702.9557857976172,324451.8425142385,2.7601364721274995,0.1248028681681608,10434.77195050081,845993.0,0.000974661199869114,466,43
466,99,211.3649550589081,857.1857333710396,219895.4275702204,3.458526365201156,0.13862589630804825,5773.907145943782,906345.0,0.0009097487437548943,466,99
466,315,120.640361251688,386.5922875476243,350330.0769514805,3.4323717071639828,0.35822193691022586,7999.991828717288,1369159.5,0.0006021922896515908,466,315
466,342,343.23090585658736,668.7794616804684,140173.7698683942,3.5862295218826734,0.16954022617950582,2991.3012924768987,637957.0,0.0012925747835551647,466,342
466,360,735.7312596955138,462.2462988924786,343930.0834885067,3.289128409745184,0.33951387182417747,8973.903877430697,1168934.5,0.0007053549253190615,466,360
466,361,249.68126829577375,617.5266993551635,309217.07546650735,3.0741492645587987,0.09445582828137396,8347.817560400648,1128217.5,0.0007308145437116407,466,361
467,43,64.86310625923569,703.3967682621194,292267.63906226435,2.7918476201318323,0.12272518166259622,10097.950773775858,875525.0,0.00481294358959836,467,43
467,99,210.16949333522857,856.2396244994458,257748.4030838249,3.6067840743120114,0.19283222188626575,5586.100428046218,1047826.0,0.004021090367560888,467,99
467,315,118.16739659518464,393.89618852464196,365316.64465979184,3.4461437411930067,0.36696583710614233,8808.85067499596,1400660.0,0.0030077448710392283,467,315
467,342,343.81840405695687,669.1442585371746,128337.07650075416,3.5981145856446224,0.1981810415897958,2721.4335418686705,561545.5,0.007506749235764909,467,342
467,360,736.3021776005962,462.3972014920942,347913.7933262632,3.298857668721852,0.33488501602594567,8808.85067499596,1202092.5,0.0035048135086524043,467,360
467,361,249.53162678700795,616.9932356412135,322203.4080228197,3.1758493533791823,0.11868850546424303,7806.217264833818,1189208.5,0.0035428031273864683,467,361
468,43,64.67617503854575,703.2434894333583,309060.24496443325,2.8287739795055717,0.1199559345950007,10082.171346644498,948063.0,0.001449412164281947,468,43
468,99,210.99907765470508,856.2997294842035,254783.2924516704,3.400867978187042,0.22556561252097945,6822.521963894774,999387.0,0.0013749666534494875,468,99
468,315,121.68655471771169,383.8789877593565,359774.3248960511,3.4543254183821346,0.38926157799312167,8187.0263566737285,1398716.5,0.0009823790365631666,468,315
468,342,343.1842497844312,669.1272261604793,127202.13172683811,3.3721321634495816,0.12334453880513296,3487.0667815462175,542094.0,0.002535138687170714,468,342
468,360,736.9259623081679,462.8683064028844,368037.15705232363,3.350791904187714,0.31283587646661437,8490.249555069051,1215630.0,0.0011303522724933326,468,360
468,361,249.96389969490883,616.8536543940953,312168.28274798533,3.1574360836970787,0.1509421542776446,8338.63795587139,1214025.5,0.0011318463563075058,468,361
469,43,64.00624106559728,703.3778051048132,320409.09093039756,2.7170235718648605,0.10660760690709851,10951.62712648934,904294.0,0.002992870139609834,469,43
469,99,218.18164340416178,861.1889642035749,187953.60068434407,3.375105714296541,0.13864903999819242,6585.775772010481,774526.5,0.0034944962319662562,469,99
469,315,121.82911195829742,381.7822790988669,365621.5515674583,3.299340946007309,0.3578778302293894,10063.65735947669,1473840.0,0.0018360874644741732,469,315
469,342,343.30016449588805,669.1392412522771,135859.37435293532,3.5497552770906777,0.11731385257373785,2811.9042622067223,638330.0,0.004240433928615005,469,342
469,360,736.5493868486917,463.4093136906461,351858.02017876226,3.197199089660737,0.26031222876355387,9027.692631295267,1135964.0,0.002382344434595688,469,360
469,361,249.75904242460248,616.72048106914,301095.74849787244,3.140598205787259,0.13221347671259207,7991.727903113842,1205055.5,0.002245720553822043,469,361
470,43,63.502491337342036,703.4066142711154,327987.28466397803,2.72618215294961,0.06878360556604186,10785.947671379017,907458.0,0.0054024086353502265,470,43
470,99,213.34809323993005,858.0346010099616,278151.48264950415,3.5726656706637256,0.2390327778103354,6692.011328957785,1009438.0,0.004856238521723955,470,99
470,315,123.70406988811598,373.8767470382439,381759.56393078,3.3790872381462247,0.42399891462211836,9526.274950634022,1387119.0,0.00353331887968619,470,315
470,342,342.09627275892836,669.587992631886,121715.87664198512,3.4223033784238854,0.0442781792053802,2834.2636216762385,560896.5,0.008744623232713402,470,342
470,360,736.9410169707801,463.8664573578991,377429.43895321904,3.062824314688156,0.2528954938110909,10785.947671379017,1142840.0,0.004289025188764036,470,360
470,361,249.70514834166494,616.8630957563892,341450.03686694015,3.0043777143981787,0.14840904069567956,9132.627225401213,1275030.5,0.0038441073370710757,470,361
471,43,63.250929705026365,703.3599485923922,333459.7451811789,2.752825812137277,0.09429694003599402,11451.667521832032,852039.0,0.0022287231319815283,471,43
471,99,218.21139890531452,860.6456309290878,256261.09139763986,3.365635155509284,0.15556714494657178,7607.751150867433,868279.0,0.002187026697851678,471,99
471,315,122.0107279137306,379.58474872688663,371098.09298020724,3.3634020017630903,0.3612048683518035,9769.95410953502,1486809.5,0.0012770554811205289,471,315
471,342,343.53837152151414,668.6553936170577,117159.36772335847,3.6194583115294368,0.18889437213787943,2322.3661407911113,583913.0,0.003252533467473594,471,342
471,360,736.6773228794949,463.6122479341231,373740.7854852454,3.015281413992901,0.24127615270303823,11051.25956652322,1121798.0,0.0016926707419749512,471,360
471,361,249.5749081081149,616.7599164417346,354601.2852214842,3.1107239402912295,0.0655229167020604,8969.138198917395,1242247.5,0.0015285171158293588,471,361
472,43,63.0472357285296,703.4700154454287,350275.2258118747,2.703616958537927,0.08059051077571318,12268.8345293126,922617.0,0.0016022519966749302,472,43
472,99,213.22821236717826,857.0152803709866,298286.0394939126,3.5374602017073267,0.25254428316893596,8204.783091477802,1037362.0,0.0014249840714101731,472,99
472,315,123.08295274108465,378.3372676452157,365841.3096209401,3.2852254004360963,0.3637150815120519,9508.346760217266,1324871.0,0.001115696156303872,472,315
472,342,342.46626093493444,668.6607678847581,137410.94672830112,3.4344954401733347,0.19016628121725346,3143.8888481363538,604184.5,0.0024470313811083204,472,342
472,360,736.6952584156694,463.50379544848073,369598.6401955421,3.1549210720641425,0.32069948838948104,10045.108270874693,1148938.0,0.0012865730113557018,472,360
472,361,249.95364322707957,616.8875995338165,357713.2067452705,3.1106427963758922,0.12028486234186472,9508.346760217266,1244495.5,0.0011877664405920041,472,361
473,43,62.89871167875302,703.3784440068422,366771.78130691126,2.7515261681778505,0.06351948345028426,12156.193575381056,1041988.0,0.0026527552673782217,473,43
473,99,212.46002207973112,857.2803150172622,275348.5740033058,3.3203640066845237,0.19679328181020111,7193.013949929618,1011574.5,0.0027325368491644343,473,99
473,315,126.13163551198784,366.3113327192209,378927.97488229227,3.3914168762105925,0.3373809623400467,8919.337297912727,1303677.5,0.0021201327081746897,473,315
473,342,342.98213952464204,668.9083170662154,132279.5265392057,3.883919246232614,0.15003622967776725,2877.2055799718473,552484.5,0.005004464536378878,473,342
473,360,736.8461215607718,463.6288268970503,360082.2783334767,3.1956447589632693,0.27798406221425515,10357.94008789865,1078958.0,0.002561832955055403,473,360
473,361,250.24537452353275,617.1545501738816,355766.4699635189,3.017002633880637,0.0992007488209249,9998.28939040217,1245769.5,0.002218709595665134,473,361
474,43,62.974160230422996,703.4005974616372,354831.91966133827,2.8199238364448345,0.11360044724329289,11507.274898705142,949944.0,0.0025221417456715565,474,43
474,99,212.61803843540807,857.1780448100392,321329.7269182727,3.4244534210587396,0.2144711477190913,8011.393916820035,1016704.5,0.0023564935419745497,474,99
474,315,124.68975592725326,372.7006674481339,381269.5195868444,3.4100251100532804,0.400780027367202,9249.518431237677,1396082.0,0.0017160303296063653,474,315
474,342,341.9759849501201,669.6644271017999,127162.67071607074,3.5701126687198474,0.058114314291836604,2840.4032977816487,564061.5,0.00424823672052289,474,342
474,360,736.7198761553714,463.92658702658173,341431.04256411205,3.133784581308642,0.25443671916933264,9540.84184639477,991528.0,0.0024163417812347794,474,360
474,361,250.10400299500523,616.9328518360423,365902.2094373078,2.9816650437500556,0.11952737784938096,10269.150384287499,1253341.5,0.001911499248220402,474,361
475,43,63.20640107598368,703.370380849969,346947.01055652706,2.7673232029546986,0.08979656056157656,11777.751278606032,866337.5,0.002056933067645338,475,43
475,99,213.1662193733176,857.2659265445707,321546.7999677261,3.480369866010873,0.2479289987097067,8159.285524335504,1040807.0,0.0017120687753778765,475,99
475,315,125.14035161228391,368.29177927016076,391503.8045502897,3.6205236325269468,0.446833004144241,9294.490466851748,1420328.0,0.0012545319220738892,475,315
475,342,344.04784139741645,669.7354637756557,128845.7609755937,3.643230400798715,0.1064197488708648,2554.211120661549,540995.5,0.0032943560307351055,475,342
475,360,736.087617859965,463.6907604579216,337084.91761841724,3.3062641858697397,0.2782746620141664,8372.1364510573,974386.0,0.0018287980286966327,475,360
475,361,250.03084317656055,616.8432848394674,348720.76827920874,3.049373299188318,0.06255286526225194,10074.943864831666,1136820.5,0.0015674469907028237,475,361
476,43,62.89932321333712,703.4275477996011,344530.80363251216,2.7066852335121245,0.04017144891092521,11719.255881675048,887455.0,0.0011673138607258878,476,43
476,99,218.44150248215024,860.6998264130744,297117.6050001144,3.6535658525652277,0.3365823309130514,8042.626585463268,896574.0,0.0011554396910013328,476,99
476,315,125.45948644075196,367.58914808484246,381986.4645876697,3.1884215032479903,0.34113023951139243,9880.941233569158,1249412.5,0.0008291100405346621,476,315
476,342,342.68716373505043,669.9498580519692,126384.13205727993,3.5668507457453615,0.0530531089997807,2910.6648595009924,539843.0,0.001919119369500256,476,342
476,360,736.3970427229493,463.4857516413281,348130.8364850529,3.2122907529033107,0.2778346106022677,9574.555458884843,998989.0,0.0010369722278077715,476,360
476,361,250.38356438893663,616.5456294079723,343611.6463084592,3.0996958129561327,0.08337198212593382,9268.169684200528,1148841.5,0.0009016984677691079,476,361
477,43,63.524334003383544,703.5332075868406,339627.43039691664,2.797860119509189,0.11124819680111066,11200.639028140899,873022.5,0.0003721372752735208,477,43
477,99,213.25415398374238,857.1093168110204,327224.0381845459,3.37233103153625,0.2562124097834221,8043.411919537424,960034.0,0.0003384043120309929,477,99
477,315,125.7865052287229,364.8892112886117,368493.50681843417,3.3701354776173167,0.38125189073449567,9170.99302975295,1225382.5,0.0002651169888422988,477,315
477,342,342.65703309208624,669.7984531181254,130799.4087850011,3.6439999495312714,0.0930434270543439,2931.7108865603695,438730.0,0.0007406243605832263,477,342
477,360,737.1145978540945,463.4106425168915,333613.6644757672,3.2720978906014153,0.34509252249403943,9170.99302975295,884650.0,0.00036724529676983455,477,360
477,361,250.64851792344103,616.6664802520994,343912.23861573567,3.1330426559740623,0.11727271811778774,9321.337177781688,1161787.5,0.00027963090021120203,477,361
478,43,63.34231884519075,703.3858436133239,343200.6767085776,2.828916039306718,0.1015465345877311,10661.127404138793,772907.5,0.0008505668353247911,478,43
478,99,212.28899581521392,856.401442088559,314649.301263247,3.467750840576411,0.2817225473296398,7375.1634782056035,886073.0,0.0007419198902428253,478,99
478,315,125.95043922510104,362.1854686071376,345318.2979052901,3.4698959101686855,0.36157791959910013,8470.48478685,1195397.0,0.0005499176472906536,478,315
478,342,342.71118630479367,670.4819223698987,131146.47135502243,3.918220245040014,0.09682467007724326,2190.642617288793,458699.0,0.0014333718027031786,478,342
478,360,737.1853962161422,463.32455154671607,373577.5876683155,3.2472698582728268,0.33786987422512016,10149.977460104741,840573.0,0.000782086113626167,478,360
478,361,250.49392404166747,616.5077697686552,386283.3148485905,3.026880205875075,0.09888662818127815,9857.89177779957,1149119.5,0.0005720665446195053,478,361
479,43,63.77646775388176,703.0623312670333,356893.8777280752,2.794077272497022,0.07331132211126015,11546.983340547094,742020.5,0.004332647513868927,479,43
479,99,213.1569734039175,857.0761946110435,327778.47801663436,3.5788684124869263,0.3026227511316372,7863.283133746794,890592.0,0.0036096765376525653,479,99
479,315,127.16689757557059,360.33487250526554,360081.6952147293,3.3564253583697194,0.34557719644376084,8500.846631077615,1188515.0,0.0027046721912784926,479,315
479,342,343.13397394428534,670.7986472788797,125600.00897417177,3.7542230404356434,0.1182433662792763,2337.732823546344,432109.0,0.007441686039446838,479,342
479,360,737.0686722143591,463.3155774770632,388276.16987447004,3.290086173881101,0.3622108260883493,9846.81401433157,880848.0,0.00364961732311295,479,360
479,361,250.13180203406947,616.5440581902259,355618.75073341356,3.0188319949188656,0.09377524390016646,9421.77168277769,1020869.5,0.0031489278355036625,479,361
480,43,64.21532600233485,703.0292799276104,366780.4017076269,2.939907312473625,0.12170170126470213,11393.851022575667,767005.5,0.00021963167064611728,480,43
480,99,212.89608046644133,856.4850785883068,320479.2746222557,3.4680869094638047,0.305486192224126,7837.808346739949,865181.5,0.00019470563729423847,480,99
480,315,130.5093776586441,350.10320956258994,340436.65698663983,3.42305872860452,0.40714604335402715,8345.814443287909,1073301.0,0.0001569468350696443,480,315
480,342,341.69799820638457,671.1442759494748,130702.71141183934,3.596299535606797,0.16884587428865838,2685.175081753501,346257.0,0.0004866057877272716,480,342
480,360,737.0492501358874,463.48166323690714,365546.6726160104,3.1833333593190494,0.3011662688626527,10160.121930959194,818497.0,0.00020581266029449046,480,360
480,361,250.20540458224326,616.2069666255583,337824.0542043932,3.093772546815388,0.11484284864483775,8418.38674279476,997316.5,0.00016890588565232774,480,361
481,43,64.38250659603078,703.0728037674323,361007.39150862984,2.7177542550996105,0.09547904366147572,12503.07260388745,725641.5,0.00022796943188792049,481,43
481,99,213.42020988894092,856.9171326849223,344813.6528951611,3.611695240139353,0.332271137116954,7682.61087708747,804950.0,0.00020550517685206325,481,99
481,315,127.74783472557951,356.99398392878226,335699.9674429299,3.308225686215438,0.33580187785920323,8737.086879824965,1029047.5,0.00016074674459304707,481,315
481,342,342.1052563455481,671.0699345435146,120360.90374103702,3.8282102858242535,0.16743667657425057,2786.829435806239,245563.5,0.0006738682389701215,481,342
481,360,736.7455988037558,463.00232003926226,379912.6398434235,3.1096470599459693,0.2599302999543824,11147.317743224956,768624.0,0.0002152190858155407,481,360
481,361,249.86495405971004,615.912598208901,345416.21061101113,3.138745391729599,0.12864576514485113,9640.923453599962,987720.5,0.00016747332940685955,481,361
482,43,64.21653102813796,703.333905691892,354943.0932585347,2.865731600444037,0.11522791708848167,10415.085449644437,637267.5,5.1285702280253835e-05,482,43
482,99,213.2959640071308,856.3041225694494,334112.92235924583,3.5579681158168337,0.3304775523305961,8377.351339931394,805489.5,4.057344802514292e-05,482,99
482,315,129.48151387506186,354.3175007161981,372905.3420774867,3.4234627420678403,0.37757494821100346,8830.181142089848,1123317.0,2.9092565640726893e-05,482,315
482,342,342.00576808022294,671.0558315799472,108981.0390528012,3.570714214271425,0.1379328344404857,2490.5639118714957,272374.5,0.00012002067344812248,482,342
482,360,737.0211329765242,463.105628286657,375924.2074252097,3.0358561239195,0.25818440273305426,11320.745053961344,685381.0,4.768486364890875e-05,482,360
482,361,250.59208426401452,616.1759013742118,339320.465084068,3.009253226667109,0.14901887333775235,9509.425845327529,876538.5,3.7284283869768394e-05,482,361
483,43,64.16921594174613,703.5337373790007,333030.1746216967,2.8172488266527154,0.08637849406576369,10663.147122458038,578415.5,0.002238394319660823,483,43
483,99,217.76150726812622,860.5928130690028,325766.87150929775,3.608050244309923,0.31940906480191933,8035.994932866927,679148.5,0.0019063710314619923,483,99
483,315,132.92444570420076,343.7854617655132,335734.5959933346,3.355088195699272,0.37715212816070987,8422.340843100914,990048.0,0.001307699918269534,483,315
483,342,342.47312496929726,669.9353959147254,101608.97439153855,4.067865351398724,0.4113136184218449,2704.421371637908,215837.5,0.005999275281897195,483,342
483,360,736.2352696261287,463.1610546001319,352270.2009513492,3.1798126671829015,0.3459348185074075,9504.109391756077,656577.0,0.001971911263099138,483,360
483,361,250.06709466859598,616.3420067302039,324916.910506783,3.068578046055283,0.14230030273290786,9426.84020970928,832712.5,0.001554792705779067,483,361
484,43,64.09733929975116,703.8662333707103,328206.41930311004,2.780524916274941,0.08297086547260378,10994.03091130118,550931.0,0.0,484,43
484,99,218.04027602867762,860.8941021723653,312061.3389438566,3.416876221648584,0.21396900807755723,7226.845494142035,563250.0,0.0,484,99
484,315,134.01232318199806,341.70942471050716,335663.9088023843,3.5212853189929643,0.37531198130372806,7073.082824053907,968986.5,0.0,484,315
484,342,342.9032187385716,671.421552516279,113784.37586521501,3.6773595109769963,0.095427507590561,2460.2027214100544,157578.0,0.0,484,342
484,360,735.3006123990106,462.66486151319543,366570.2054900981,3.3742697445113707,0.38916455565119673,9610.166880508024,628654.0,0.0,484,360
484,361,250.0164627339584,616.4296719065412,331512.3167100048,3.128583288834781,0.13482930595400894,8610.70952493519,911292.5,0.0,484,361
485,43,64.12364403064267,703.4453424991422,319185.681405035,2.758702734644214,0.07227324303655483,10217.71449954557,538929.5,0.003393324292780464,485,43
485,99,218.60189830817018,860.8533881177798,310068.3361592867,3.182095028530055,0.18181552483500757,8802.954030377721,540269.0,0.0033849108655370688,485,99
485,315,132.1129173439877,346.88214907768406,310146.93396312936,3.2159558489352844,0.3349584237983643,8331.367207321771,929235.5,0.0019680007175515444,485,315
485,342,343.1498304608552,671.8644061700527,104692.27471842075,3.7470709281438137,0.053672046861816126,1964.9450960664556,123331.5,0.014829744722600428,485,342
485,360,735.9282224892472,463.5502784059248,319893.06163961894,3.3382968777845456,0.3903164491679418,8095.573795793797,532379.0,0.003435077902767327,485,360
485,361,250.08469029074496,616.2636568578662,328145.83104309806,3.081604683464396,0.16298135842014772,9588.932068804303,842382.5,0.0021709139184973394,485,361
486,43,64.14161724781967,703.7718764703305,326753.99519059225,2.857927733405453,0.11646578455090355,10400.859047655933,512748.5,0.0,486,43
486,99,218.40431089124803,860.8720584300767,304661.6595492209,3.2961628840646773,0.18293401326850187,7667.786597177002,496724.0,0.0,486,99
486,315,133.41251235116704,343.440921752174,344291.21008116537,3.3371055465607373,0.3159290304769616,8578.810747336645,964174.0,0.0,486,315
486,342,344.3032396087652,671.0246232413404,112663.31990307594,3.6858621128339566,0.13854126006350734,2429.39773375905,195421.5,0.0,486,342
486,360,736.5590710683409,463.94216510411144,293046.1016346854,3.290510771885783,0.3625973774856081,8275.136030616764,517065.5,0.0,486,360
486,361,249.49805360455645,616.373195153966,321287.85028963437,3.053825578127492,0.10408478485112116,8654.729426516617,742148.5,0.0,486,361
487,43,63.894343094927905,703.6983376648178,316480.0622441695,2.7663173220598827,0.07138584674714503,11289.14563210214,527331.5,0.00010119987532455416,487,43
487,99,217.91450760157034,860.2267463475819,378762.35549338604,3.5314311089429533,0.3109281257820084,8524.456905873043,696707.5,7.659317750045996e-05,487,99
487,315,135.82340756265413,339.3916704205473,338981.5565993118,3.385849708864746,0.3598657628973555,8370.863087749205,936937.0,5.6952360385625245e-05,487,315
487,342,343.2379306227434,672.2211111989218,115502.55122912665,3.6468071141286833,0.17121861240139216,2611.0949081052568,165645.5,0.000322323339547909,487,342
487,360,735.9161771285295,463.88366326324535,304422.94752144814,3.2282025377323516,0.3363869560023572,8601.253814934964,580984.0,9.18524484237384e-05,487,360
487,361,249.52101640005245,615.770745308803,347045.2320508134,3.1047223273990308,0.1446028097942939,8754.847633058802,817458.0,6.527764709173463e-05,487,361
488,43,63.93183930525965,704.0190869234925,324498.51640509267,2.7807457938134728,0.09511629057135376,10638.040985921669,485903.0,0.0,488,43
488,99,217.45699220578257,860.262168939333,377765.2540036645,3.47172533811918,0.23338170479127368,8418.593585981178,660730.5,0.0,488,99
488,315,137.32838359460192,336.35868016376463,338886.6581702241,3.441733350404205,0.37410004706202254,8495.126254944642,914218.5,0.0,488,315
488,342,343.8893325467046,673.0680780428213,103089.5050937877,3.6652828596139693,0.0419234070258371,2219.4473999404922,66997.0,0.0,488,342
488,360,735.3832576462923,463.7459802093315,311334.89734337665,3.4385317348604016,0.3898198476748245,7347.136220492664,534694.5,0.0,488,360
488,361,249.59691063521822,615.6907735318681,332610.97931521997,3.1892306126397085,0.10395283129438705,8035.930241163851,848658.0,0.0,488,361
489,43,64.61731765735199,704.3728787798547,322876.5839845792,2.781856144455586,0.10642813315400008,10767.717172230448,463341.0,0.0,489,43
489,99,212.99463835668928,856.6928235784852,322334.3248464093,3.480228772586793,0.3242491939009672,7978.955890213929,636528.5,0.0,489,99
489,315,139.08243150170577,332.7214233933593,343869.7591908702,3.551411739512309,0.42790430349890246,7901.490299046804,957267.0,0.0,489,315
489,342,344.23501381276407,673.4481812285256,102254.5803406057,3.5836328275123615,0.19118921410767487,2556.3645085151425,91228.0,0.0,489,342
489,360,735.5916933691627,463.5382014143323,289566.37978271523,3.296641285720994,0.3529479626105995,7591.627934378302,429807.0,0.0,489,360
489,361,249.76588199697048,615.2163099942281,344024.6903732045,3.1659426676039604,0.1198251077955156,8443.749437216682,818093.0,0.0,489,361
490,43,64.84001358183784,704.6717427782394,313746.56914227013,2.884820604904336,0.14161031404424207,9500.562292341028,442571.0,0.0,490,43
490,99,212.78084971625336,856.7413580962873,323399.14043128863,3.488608286850708,0.2844020128750126,8360.494817260105,639769.5,0.0,490,99
490,315,142.72386142937734,323.9250383501087,309870.339726995,3.2373600924082555,0.33919030848562526,8816.521807292474,889108.0,0.0,490,315
490,360,735.1556036574283,463.90794782483533,293225.3545908135,3.4190634413486425,0.41461703132430133,7676.454332211551,527042.5,0.0,490,360
490,361,249.29621799520493,615.3083102679284,349848.70585316606,3.149335508158864,0.12514518145296696,9576.566790679757,759106.0,0.0,490,361
491,43,64.77974354231853,704.6851588017587,291307.98289675015,2.894063443872331,0.15036914055011355,8668.950697463612,473286.0,0.00874625031662307,491,43
491,99,211.99466297246764,856.1984182747535,319501.5973272399,3.467451759748693,0.2713587260409843,7653.668183346252,674786.0,0.006135654119822052,491,99
491,315,140.70053185439372,327.75353461448015,340197.74088424764,3.495898160498483,0.38253993990257135,8356.556077735193,899213.0,0.0046048137114816316,491,315
491,360,736.068831822776,464.54073074835145,284435.30126272497,3.418824073424984,0.4016592033490954,7419.372218549937,504225.0,0.008209900719437054,491,360
491,361,248.77604939147142,615.5656414481239,345898.9426942913,2.9783595188200715,0.1309571193930442,9684.233211580971,835182.0,0.004957725972143563,491,361
492,43,64.53376736881036,704.7830670208186,299180.6726370502,2.8426336873692115,0.13695503372495177,9857.175314682736,463841.0,0.0,492,43
492,99,218.4116276172326,861.6888789624913,258981.8795568597,3.182850642102392,0.10541672129974364,7931.945761033764,422149.0,0.0,492,99
492,315,143.19762152440762,324.0950278676418,352548.0358641997,3.407871288515942,0.33193435848431135,8625.028400347393,898302.0,0.0,492,315
492,360,735.7259965645146,464.6911791341174,296947.4063548174,3.393190948543569,0.36425405604883093,7084.844757428216,506068.0,0.0,492,360
492,361,248.81152819682913,616.0578335512602,358246.71534300066,3.044736659246847,0.03964131289586167,9703.156950390818,855540.5,0.0,492,361
493,43,64.38198950341237,704.2814763829141,306514.5236580014,2.935169355408889,0.16378055161452354,9313.294211711256,417094.0,0.009616408831619057,493,43
493,99,212.7372454177878,856.6639090955741,334289.56922744116,3.46217942783625,0.3271838506662808,7994.597686159219,612840.5,0.006545495324028448,493,99
493,315,143.2872923084878,323.59086454940905,327613.668066834,3.370459909270543,0.35165410761077975,7994.597686159219,872028.0,0.00460030739547591,493,315
493,360,736.455250276297,465.2215712588275,293904.48813241004,3.20298514718015,0.27820755784091533,8241.853284700226,514812.5,0.007791541684965503,493,360
493,361,248.56268497016143,616.2688676340507,345498.48969463346,3.1067213517230523,0.1351496113663957,8818.783014629242,787749.5,0.005092396820027628,493,361
494,43,64.44701718329263,704.5958022237265,314209.31257736165,2.7866079958310355,0.12396317505001586,10368.456512595865,448463.0,0.0,494,43
494,99,218.68101542056482,862.0665633515719,287010.89766750875,3.157223911480643,0.155188277226985,8264.711712938733,489804.0,0.0,494,99
494,315,144.0387694619146,321.8557965187562,288213.0375530271,3.015254923277001,0.28415278799091603,8565.246684318323,709123.5,0.0,494,315
494,360,735.903192149665,464.6151626027706,314359.5800630514,3.292576678753048,0.34650968401604576,8640.380427163222,598660.0,0.0,494,360
494,361,248.36202235025996,616.6320406761114,313007.1726918433,3.101035089608035,0.06756435856434423,8414.979198628527,746832.5,0.0,494,361
495,43,64.77836265892813,704.5805904288289,312219.0876456392,2.7699957227446843,0.1419995505476747,10779.546245092857,527046.0,0.0,495,43
495,99,212.5681635231785,857.1141428207576,340757.7424527915,3.4490240583299143,0.27229361192870327,8530.5761651814,703276.5,0.0,495,99
495,315,145.3367296428274,319.92863570713405,224276.60245186003,3.012422413387687,0.27863619361714587,6979.562316966599,517759.0,0.0,495,315
495,360,735.7136456306272,464.5002154579324,323153.73527555354,3.013249678687432,0.2431189084323148,9306.083089288799,592822.0,0.0,495,360
495,361,248.50537124849424,617.5313739861319,300819.1358612604,3.1439224732265885,0.11656109255300814,7832.619933484739,765574.5,0.0,495,361
496,43,64.41609612125588,704.3673721297787,309137.5189237697,2.7810204643356347,0.10574353281162055,10158.715232580906,481657.0,0.0,496,43
496,99,218.62587943403727,861.9612800486173,286163.19370547135,3.366799055784541,0.237252291848454,7111.100662806633,508278.0,0.0,496,99
496,315,146.89151621851622,313.16700660102595,196922.78758541448,3.4620963463068315,0.47761403437709643,5313.789506273089,458359.0,0.0,496,315
496,360,735.3356502282704,465.3606379925086,303667.4414908415,3.1725144874260955,0.20100650975206005,7892.540296082088,545486.5,0.0,496,360
496,361,248.30729261603173,617.4118547721785,269596.6734800317,3.049970301589789,0.1425057765084019,8048.828222737179,688385.5,0.0,496,361
497,43,64.28179465691207,704.546905974795,300197.6339559492,2.855233482675897,0.07491149063040092,10102.040146371372,447364.0,0.0,497,43
497,99,212.7144160043459,857.3351965189771,327003.8349742733,3.4839521590512716,0.29550545215301016,7477.10058077881,659611.5,0.0,497,99
497,315,147.31732113361502,311.50798787117094,175791.4072715018,3.344543743274818,0.44945398882976206,5011.248261585798,411453.0,0.0,497,315
497,360,735.6022001803536,465.83347297009055,310697.39221831947,3.0678452286838427,0.21670096864586402,8352.08043597633,593739.5,0.0,497,360
497,361,248.53837419150338,617.3015377903563,293277.3387375689,3.0080806099223163,0.11364204008473283,8272.536812776556,708729.5,0.0,497,361
498,43,64.16131753660369,704.5776413780085,306901.52797294455,2.867641012906419,0.1011507101503544,9954.875511780638,493344.0,0.005168621224584291,498,43
498,99,218.26257829632883,862.2292696001397,295085.1716744082,3.376737885787749,0.18396282878997824,7364.989199772666,597040.0,0.004270917588950678,498,99
498,315,147.1192304318513,308.9481843764798,178944.95737030072,3.224243869510631,0.449440431385665,5989.112096518433,380642.0,0.006698965543146927,498,315
498,360,736.0454525192492,465.5928959780873,333043.19293477497,2.9720856029235954,0.16359056442661313,10035.809459030887,695488.5,0.0036663566472498114,498,360
498,361,248.4794783483246,616.4045201833796,298160.66166991764,3.0619286677066433,0.11531791131670145,8255.262619525407,745648.0,0.0034197221559415397,498,361
499,43,63.76442802597278,704.8678903900382,286786.2436137359,2.7969665730408564,0.11129070759263511,9383.25008849225,511417.0,0.0,499,43
499,99,213.24114530518858,858.4618575030416,287212.7549813946,3.6112305438708896,0.33639917361193356,7335.995523730305,654244.5,0.0,499,99
499,315,148.2697684618605,306.8246125792113,153885.3014512729,2.772809056988751,0.30170039974793234,5715.252326627098,315674.0,0.0,499,315
499,360,736.3193470346005,465.8822869616876,334811.42361210985,2.963385909893515,0.18170295229952588,10236.272823809728,666771.5,0.0,499,360
499,361,248.8097568933654,615.9878563638231,353151.4124214356,3.09210464103515,0.12059800842905387,9042.04099436526,921791.0,0.0,499,361
500,43,63.614835489495086,705.0088675029308,296107.65902433504,2.855989900591675,0.12069596917610113,9469.715513006146,523308.0,0.0,500,43
500,99,218.51002088830035,862.698585579228,294516.1101986197,3.269073476417711,0.20487812412724943,8355.631335005422,517539.0,0.0,500,99
500,315,148.93402894591006,303.30803354711077,171807.69573596865,2.9923478136243857,0.4043619533228978,5968.3080964324445,346499.0,0.0,500,315
500,360,737.1184935634699,466.39394639100124,334145.67595893116,2.8615758485881777,0.13775363284036854,11061.264338721465,650514.0,0.0,500,360
500,361,248.5294087182312,615.7022465655655,305816.1068611985,3.1730389068275664,0.1149667598039358,7957.7441285765935,802220.0,0.0,500,361
501,43,63.28951353023618,704.7876328965405,303778.31170427165,2.8740167866043564,0.09122535382399041,10112.01532770753,495674.0,0.0,501,43
501,99,212.37457321620468,857.7629214248099,322163.79411828535,3.5415268531188446,0.2672056678168003,7604.9040894329355,733794.5,0.0,501,99
501,315,148.88479940694862,299.8170482625628,144576.74807383493,3.256385456725688,0.505406136219494,4596.370603503422,281262.0,0.0,501,315
501,360,736.4260145146466,466.33834381293065,328598.7129631901,2.9676965457043543,0.19197005188658897,9777.733829270917,709795.5,0.0,501,360
501,361,248.5054145605245,615.9433460070942,340967.1284053448,3.0489872957117687,0.0950958712348626,9192.741207006844,847103.0,0.0,501,361
502,43,62.91010974078161,704.9667135645633,311956.5507611909,2.762077490436986,0.1090693337702257,10778.360588984877,541052.0,0.0,502,43
502,99,218.05016713671102,862.3455078184971,281777.1411120332,3.2994866300468506,0.1710214603782585,7544.852412289414,656032.0,0.0,502,99
502,360,736.7380135843187,466.27498890870663,350758.64888153644,2.8497262009786724,0.18587193356391765,11317.27861843412,775569.5,0.0,502,360
502,361,249.19487521839065,616.0910499525206,356917.7120752421,3.1297440263391385,0.08215340338447312,9238.594790558465,921311.0,0.0,502,361
503,43,63.00059834656946,704.480586578656,307887.63539460965,2.8721686030082614,0.08556296637580434,9279.401302215689,616368.5,0.0016106342154610757,503,43
503,99,218.36229323279932,862.3431377405794,303030.4487754811,3.34295660331908,0.18275949497626578,8409.457430132969,663822.0,0.001495485055998628,503,99
503,360,736.6185811710982,465.6816366336738,369146.1830537679,2.9125443130519004,0.1975171462554619,12106.718886484532,756524.5,0.0013122148025949514,503,360
503,361,248.37631404795826,616.4100681292807,324851.54090022267,3.1105496069662517,0.11668457054719666,8916.924688847888,907766.0,0.001093571316626841,503,361
504,43,63.09708585375634,704.7011794371779,300375.92433679214,2.7976931752089067,0.05589803273252374,9859.845539098631,581190.5,0.00028256906976017863,504,43
504,99,218.71117598886227,862.7703084717297,297736.28064915945,3.2164019026667807,0.17242899360811936,8540.023695282278,610674.0,0.00026892388582573336,504,99
504,360,736.467555868797,465.9889439934448,351771.3396665818,2.832170082437709,0.1273133567423651,11878.396594347169,740802.5,0.0002216773940671101,504,360
504,361,248.95868118852187,616.0159970507806,317455.9717273567,3.155968465114979,0.148069538539789,8074.204220994155,865164.0,0.00018980835043127693,504,361
505,43,63.593826279904434,704.8265747371637,303719.5286658318,2.8190774023583334,0.0798654683504588,9622.308381776962,548342.0,0.0003224132607754744,505,43
505,99,212.74213628267375,857.9481363421729,304212.98037771776,3.40280405339343,0.2639636050204419,7977.469342156968,738502.0,0.00023938020228914057,505,99
505,342,343.1566581527004,677.2038692754231,106832.29562331857,3.4462774597359713,0.42205150982182515,3454.161983201986,267895.5,0.000660083106231472,505,342
505,360,735.8889754501384,465.78941713999296,349610.5378712296,2.852980299447908,0.11916629975417191,11513.873277339953,771527.0,0.00022913200330998773,505,360
505,361,249.85394173946798,616.7904674848145,285626.2992300119,3.312628855422055,0.14212861930684867,6332.630302536974,762596.5,0.0002318157105228903,505,361
506,43,63.6448209594909,704.7207208312756,297482.32811023586,2.822459972266643,0.09218355590902134,9952.64901738671,589993.0,0.00047652855420508334,506,43
506,99,212.602344427128,857.6884359841501,321384.3592149835,3.3492548312865607,0.20824507061686826,7993.466139948381,775996.5,0.0003622914435885704,506,99
506,360,735.9173483860887,465.01000542889693,410958.20037146384,2.8942392610280647,0.1280852614058278,12382.035785410239,919781.0,0.00030565007452986517,506,360
506,361,250.30283709971553,616.4635410748475,292388.45262889616,3.129262035982584,0.14732380917468216,7758.364194655782,859014.0,0.0003272744456082289,506,361
507,43,63.42936663564877,704.7551380955608,314243.86027853604,2.8756237063540433,0.122815819360741,9815.25195713821,618672.0,0.0,507,43
507,99,213.48695732120055,858.1988191983075,332160.5900415661,3.431519828036315,0.2905897653270096,8179.376630948508,791366.5,0.0,507,99
507,342,343.67118942684755,676.3622765199219,112641.70103191945,3.54295904334911,0.2504199953854587,3038.054177209446,254220.0,0.0,507,342
507,360,735.6329150220363,465.1892393472643,421588.44120660314,2.777735895225027,0.1437160955879729,13087.002609517613,876166.0,0.0,507,360
507,361,250.79433481502798,616.3538986190136,321955.8439591446,3.206913955929523,0.11102969581190807,7711.983680608593,937212.0,0.0,507,361
508,43,63.49872537075038,704.6541547304809,321932.96046196704,2.8868588007917166,0.09903675264933466,10014.931234791316,584350.0,0.0033656336664511116,508,43
508,99,212.9546855520953,857.934502449359,335970.9837312472,3.3037326891757846,0.216919085488134,8217.379474700569,751071.0,0.002618532506092825,508,99
508,342,344.38919362404175,675.9783034748767,108880.27803978253,3.5607927885540978,0.08983614849384293,2482.3333829824633,280913.0,0.007001201425417488,508,342
508,360,736.2328309067356,466.02504019773056,423879.82456997095,2.731303014147067,0.08958839606124283,14294.81637786453,927442.5,0.0021205638355314394,508,360
508,361,251.07740152100627,616.4870649568868,307809.3394898254,3.208676709976169,0.10543623070484708,8131.781771839103,879411.0,0.0022363851224768056,508,361
509,43,64.04266913416495,704.6739992439426,300906.96281963674,2.787093675580816,0.10731892550384851,10398.689599481326,565363.0,0.00010614231145046554,509,43
509,99,219.05623032163874,862.8162115678081,270857.2062605057,3.142475321896793,0.11917473521757227,8187.944566520729,681538.5,8.804615985608554e-05,509,99
509,360,736.0080119513731,466.2776676649754,443540.9571684279,2.8016714861160885,0.09785428754301063,14247.023545746068,974087.5,6.160000656787337e-05,509,360
509,361,250.3962410932779,616.5061932099172,283466.6408929476,3.1728556990694163,0.12381730959857591,7369.150109868656,814891.5,7.363579699984955e-05,509,361
510,43,64.40894459965371,705.0185915453411,303647.7345195618,2.8178585797510918,0.13849151864711803,10176.749685532997,653813.0,0.0027739550529236145,510,43
510,99,213.47983656782992,858.7650304846253,313741.74640277337,3.479521161100838,0.29388462609842136,7942.829022855022,763180.5,0.0023763385744376576,510,99
510,342,344.6995251015334,675.3575324872909,101105.59443675872,3.404651674962248,0.04677952950567454,2399.396267320788,255827.0,0.007092435613024175,510,342
510,360,735.9277403746261,466.8037491790461,445377.58989613113,2.760890314015821,0.06497091061790798,14810.066615531761,999665.5,0.0018140793899376745,510,360
510,361,251.30554140602658,616.3282166668939,313907.2220074162,3.0046528669410515,0.09905154505589724,9101.158255354714,945047.5,0.0019189424136893919,510,361
511,43,63.785435722419834,704.7006443619707,312946.6434247135,2.883658100598976,0.13940274602510147,9988.537023052055,647840.0,0.0025550248584654553,511,43
511,99,219.36155593743746,863.1636410427732,269277.750158643,3.1627138731683546,0.15206797077145903,8172.439382497136,685972.5,0.002412957071297685,511,99
511,360,736.0251496543676,466.5631971302334,463930.3972690293,2.751285691042763,0.023304163268821287,15354.280051964315,1032221.5,0.0016034146860212793,511,360
511,361,253.2116421242301,617.1238161974011,337051.21210844244,3.097801674462587,0.03059612708009865,8585.188846259616,1059001.0,0.0015628615504406954,511,361
512,43,63.77109490658224,704.5046497296195,307485.3074540838,2.8261802605297386,0.14986577668655815,10580.489668880597,635235.0,0.0015764362142033379,512,43
512,99,219.49352095489346,863.4487349370277,259954.49232618944,3.123275980295697,0.1016804151586503,7569.119532353043,650222.5,0.0015400912006031421,512,99
512,360,736.2467511622212,466.30991787601374,460576.85412457923,2.7444944004403466,0.01611273758097758,14649.908772296212,1045534.5,0.0009577050723210721,512,360
512,361,255.54147376491198,620.2525965493276,347202.8379034202,3.016131033874707,0.013829646972414018,9685.217466129163,1052213.5,0.0009516250956261369,512,361
513,43,63.83866282404494,704.5745343847782,310823.33633129706,2.8543851698785234,0.14687941890542885,9718.42072441522,718817.0,0.0016864767252085992,513,43
513,99,219.6200506480455,863.377000268832,230916.32148610524,2.9786409918406385,0.10015192497642121,7475.70824955017,670312.5,0.0018085269767658032,513,99
513,342,342.7661777285505,676.0023276443759,111803.37004327253,3.5071567670137167,0.16069013730360776,3239.4735748050734,404759.0,0.0029953044598365346,513,342
513,360,735.9464259441402,466.55960031359393,461915.7063972055,2.7770995595541037,0.018349139111255523,14702.226224115333,1108728.5,0.0010933416628163511,513,360
513,361,256.2221631398702,622.6063946442408,342636.6281043828,3.1004984936443543,0.06482219865607118,8887.786474465202,1103034.0,0.001098986548812155,513,361
514,43,63.669530907424154,704.8042845184292,319395.9096111799,2.9728777496165066,0.1865063071003558,9622.392625706792,756460.0,0.00452109545665957,514,43
514,99,219.88282525687063,863.442465138896,248072.0344469497,3.0631884550902893,0.08139081646946535,7258.997945708634,692532.5,0.00493835957954816,514,99
514,360,735.7051026440905,466.7621847012184,445077.86241536774,2.7248496497059707,0.019451076940373613,14180.368079988959,1055585.5,0.003240089690593284,514,360
514,361,257.2356033004362,623.0385582597621,367085.83797542844,3.104488328388287,0.05391170878898637,9875.613484278025,1164558.5,0.002936933152409784,514,361
515,43,63.4497066476272,704.8712285375099,284214.01291456673,2.8589264208228,0.19383986579978124,9132.732340009881,654366.0,0.0010600714432466689,515,43
515,99,211.2777381202626,857.5800639047492,257746.00159583442,3.4287842859809694,0.17916324619640003,6342.175236117972,678294.5,0.001022669008491047,515,99
515,342,343.4168133093933,676.2305394335434,107816.97901400553,3.177000681985028,0.14657364295102698,3467.0557957444917,373385.0,0.0018580256316851574,515,342
515,360,736.0740973951207,466.211788863548,454522.5585884547,2.784575455094776,0.03200812824085094,15644.032249090998,1019943.5,0.00068007160892188,515,360
515,361,258.6205154200673,624.7369905524205,407083.0878222923,2.997229020791432,0.03554759019549447,10654.854396678194,1226018.5,0.0005657521117720178,515,361
516,43,62.892384099419644,704.7289450541265,297131.963833544,2.9055253602246642,0.1430822935953992,9103.838985270533,666171.0,0.0032940391991741944,516,43
516,99,218.9700162578427,862.5062647527129,248231.34299837655,3.015792638637398,0.11504718213868233,7803.2905588033145,680768.5,0.00322339012221462,516,99
516,342,343.0108248790299,675.4370138385262,115662.10672715136,3.5028367172145303,0.09178778547110192,3641.5355941082134,437473.0,0.005016675012071307,516,342
516,360,736.4130897907166,465.81423411350477,459613.81391351525,2.632384332520467,0.08917263363467713,15866.690802900073,1117822.5,0.00196291224317254,516,360
516,361,258.8919937756413,626.6494743916961,395973.64424505265,2.955031188970142,0.03142978820510794,11098.013239186936,1168601.5,0.0018776069299792216,516,361
517,43,63.154628160692724,704.8474936712441,297806.69879169756,2.896596767779853,0.1498351188941872,9626.610370194257,735442.0,0.002312841125925064,517,43
517,99,218.1734339896846,861.8824883181355,271841.3460500727,3.2527291485120995,0.19416717629397084,7948.577369885166,784729.0,0.0021675649148715634,517,99
517,342,343.0573421621468,675.6264058703794,131416.4791821014,3.4281213702306776,0.058013626489306816,3002.7958952899517,418585.0,0.00406386867263603,517,342
517,360,736.678506231254,465.8797147383267,471615.59061318653,2.6565233115613562,0.12368365735157937,16603.69495042679,1163071.5,0.0014624252716366082,517,360
517,361,260.1334576744143,628.3873863410016,420038.15523526503,2.9082912708434,0.023343638614408243,12011.183581159807,1258534.5,0.0013514909080337848,517,361
518,43,62.97317495501694,704.6897078263167,287813.167456123,2.8548398160450157,0.1294163051865679,9893.293993288366,699546.0,0.0010108845630981103,518,43
518,99,218.1919807996506,862.1437331450535,240161.980791202,3.077666852950063,0.09251340464294425,7533.425701311325,654736.0,0.0010800785379705639,518,99
518,342,342.6951096152794,676.2808341392973,132152.62435071432,3.7074509177725212,0.18628949044921908,2995.2174475093216,438740.5,0.001611915917953997,518,342
518,360,736.6851217646459,465.88281199955344,493394.0013533537,2.6823833207834715,0.1052971248240282,17517.48385967573,1139676.5,0.0006204621409306572,518,360
518,361,261.9491937082176,630.4919928902756,452459.36290405964,2.845679827570756,0.05290555921632456,13796.153091558088,1365353.0,0.000517900612550857,518,361
518,463,166.64622272630632,246.00641200970284,105286.43148820646,2.6861714839859556,0.28637075705264003,4447.4440887259625,252668.0,0.002799391323797715,518,463
519,43,63.62350989344844,704.940755461923,291135.0444959556,2.8842832854461378,0.18751175077896454,9755.216676931805,649801.0,0.004472828522544458,519,43
519,99,218.46993005837672,862.5301310338459,246296.8467423516,3.1041162656539902,0.11094953666788053,7428.284258581099,653205.0,0.004449525164446276,519,99
519,342,342.77532330611245,676.4786703120146,133977.60885657716,3.5583690994559,0.08244007020138569,3221.9064254086693,508364.5,0.005716870905022522,519,342
519,360,737.0485550776558,465.70363993818825,499305.99853763793,2.663206514163988,0.09657904882173808,17362.495736924495,1128318.0,0.002576174947178292,519,360
519,361,264.15433630572113,633.5173672755723,440864.1958767529,2.8626708311390474,0.08054889252171332,13603.604907281047,1273777.0,0.002282024631167551,519,361
519,463,167.55465458772332,243.03533244580603,150355.63318573788,3.342724865107735,0.4393323853478462,5011.854439524596,456558.5,0.0063653463361347615,519,463
520,43,62.811708244028495,704.8204200811217,294042.1619642969,2.9065610067248113,0.13179736771067643,8733.086125237192,669652.0,0.0016729406025646817,520,43
520,99,219.10207044806413,862.9351872784832,241474.07072500506,2.8716700304953116,0.1592812213190607,7546.064710156408,646306.5,0.0017333828661164753,520,99
520,342,342.95358760627715,676.5424865655061,148716.8258608353,3.435677058879027,0.16155755151715073,3815.425977045375,487117.0,0.002300016568265273,520,342
520,360,736.7160813102445,465.9951717670784,482354.63074246974,2.773071930386065,0.10179909007408701,16957.44878686833,1182314.5,0.0009474508506640844,520,360
520,361,265.7150838687882,633.3989840949625,457851.11724544497,2.912775181722623,0.0248192889466686,13142.022809822958,1286378.0,0.0008707969049687392,520,361
520,463,168.73282864326566,240.17197089364245,205524.2792968442,3.1985970521949514,0.3757503482695282,6782.979514747333,606074.5,0.001848474033588301,520,463
521,43,62.507497517504596,704.9659652328013,277727.6638531131,2.908015832513382,0.15998340156085591,9038.214653039699,683903.0,0.0030552744926632884,521,43
521,99,218.92528494558252,863.5187454966174,217004.90132977843,2.9752993100920198,0.13813392033156832,6756.723575573367,662106.5,0.003155894085019518,521,99
521,342,342.21424776693084,676.6551058464327,145752.17998736835,3.4687909328499167,0.09223297066785482,3422.236616199498,446062.5,0.0046853125761977124,521,342
521,360,736.6235966648608,466.7246481834305,482447.61322730355,2.650627769729871,0.09396815501972407,16760.184453694976,1117575.5,0.0018694020609893497,521,360
521,361,265.6649046688323,634.9547475459831,496224.30934892717,2.774234108628603,0.030272350291044945,15356.189944484926,1397572.5,0.0014948054072928332,521,361
521,463,170.36770632493366,237.09852434484029,256579.9965581367,2.8844007075752263,0.1777865661018042,8336.217398434674,717282.5,0.0029130416489253942,521,463
522,43,62.585995396108515,705.2570196844504,264099.63236470555,2.9033824463252564,0.14529755617387172,8165.3992615174675,628231.0,0.0020767206798933025,522,43
522,99,210.9713975967281,857.835779570819,276943.1249531341,3.4504655527497343,0.2597303574275788,7144.7243538277835,768905.5,0.001696719565785021,522,99
522,342,341.63690869685456,676.7339008362479,143745.0494996304,3.356791226346689,0.13931733993409215,4167.755873066208,470878.0,0.0027708650888024974,522,342
522,360,736.9307025595215,466.35360635434347,475464.3944987775,2.769789746804382,0.10768173633242295,16330.798523034935,1037210.0,0.0012577655293502727,522,360
522,361,264.6638266727779,634.5251781265969,513059.25359868084,2.726965258771446,0.013149689269802414,16160.686038419988,1408760.0,0.0009260123651115287,522,361
522,463,171.83579623139326,235.12186807338446,306372.58479151997,3.1408274920495063,0.3284092871404999,8250.45550382494,885772.5,0.0014728290756966338,522,463
523,43,62.316618707301515,705.5929694622357,259121.55706003436,2.8132086831306933,0.14930405837917515,8623.013546090993,547315.0,0.0006110934355407192,523,43
523,99,218.1555112958158,862.4753119941926,229458.39046148135,3.0330138877264767,0.011903413221480209,7243.331378716435,578251.0,0.0005783929922358944,523,99
523,342,340.4592216312591,676.2841441203037,158318.52870623066,3.174568743977621,0.0523947561652819,3966.586231201857,523927.5,0.0006383787314873196,523,342
523,360,736.487797672848,465.84901782835834,468919.47663642827,2.683672177997063,0.09266337197974778,16038.805195729248,1091064.5,0.0003065086996968807,523,360
523,361,264.4582403388339,633.3661124218576,500824.6267569649,2.7759854180673056,0.028602722256122856,15607.654518424699,1338445.0,0.00024985214183633457,523,361
523,463,171.9953363330748,233.09333796817208,325691.22163585684,3.494350370457587,0.4105882313544535,7157.101243255524,1024550.5,0.0003264098396643965,523,463
524,43,62.52144179573867,705.7587888364127,248234.43095423875,2.858948216680459,0.18824322968711016,8004.815269193291,569631.0,0.002359947259496306,524,43
524,99,217.8930229590008,862.5710685806821,206081.41437710388,3.2182331788402827,0.14877500206917987,6471.9783027520225,600967.0,0.002236875077301454,524,99
524,342,340.7258199814496,676.4299325729118,168101.1206530591,3.3153262350151205,0.16584747817868892,3832.092416103171,470966.0,0.002854438251619024,524,342
524,360,736.209480941333,465.341443774466,449887.64965051226,2.7047605622373747,0.1267165614234857,15328.369664412685,1084523.5,0.0012394372749489006,524,360
524,361,264.2208188323745,632.737197361814,452016.58988168073,2.9335776656022885,0.0898591623089454,13284.587042490994,1284511.5,0.001046453521677126,524,361
524,463,173.3535234527335,232.1544546974521,316445.6759608752,3.5329069683381396,0.4058039989901787,7408.712004466131,1033303.5,0.0013008804765906935,524,463
525,43,63.25533356804921,706.3287614758804,243706.31663575614,2.837778567422772,0.1473795316055591,8059.98842358653,602487.5,0.0013843190821949333,525,43
525,99,210.20436934569824,857.3594556655947,259392.9607719837,3.4246702305143875,0.25197808175038505,6326.6575798044805,725355.0,0.001149779315850194,525,99
525,342,341.87473309590143,676.6388317283906,147159.788637096,3.54110973934744,0.2674209814142962,3466.661687564099,402207.5,0.0020739122129554382,525,342
525,360,735.8587946874806,465.44183474323245,442779.36404412455,2.8069622358594017,0.08258383348155908,14906.645256525626,1011078.5,0.0008248095791788314,525,360
525,361,264.3743124169448,633.6668565813601,455952.6784568681,2.850050937095872,0.03601714305171443,13693.313665878191,1335068.0,0.0006246242515397227,525,361
525,463,173.36630426902923,230.07799540303697,323179.5358231631,3.4453944369977494,0.3861051900025777,7799.988797019222,1039000.5,0.0008026403806063001,525,463
526,43,62.78058089608145,705.9245970451702,243972.5899683024,2.9546181260773348,0.1396599407726349,6610.309033009263,563877.5,0.0004158499480431347,526,43
526,99,218.3892287937432,862.9770244332377,201092.55900417652,2.9358039165922167,0.029793566658464818,6610.309033009263,497690.0,0.0004711675448349667,526,99
526,342,341.3063988864869,675.6309698932722,142556.5329618708,3.36529319549445,0.23326793165779364,3740.0432686762933,446997.0,0.000524616691109969,526,342
526,360,735.8777205377625,465.4334719356503,451588.48025505384,2.7134956332409814,0.07245597906530869,15221.10632600817,1000466.5,0.0002343563114380386,526,360
526,361,264.4129426457277,634.2166508582904,491076.37895224075,2.742813364148035,0.024001668970373934,15395.061826876836,1348928.0,0.00017381063766847428,526,361
526,463,171.9989743898426,235.2610720897335,306161.68152885005,3.2151099231879803,0.29430015393112813,8697.775043433241,953796.5,0.00024582505681703656,526,463
527,43,63.11608909596342,705.9190907051502,265145.2516592309,2.8650282169184296,0.15432705992057874,8741.984929865806,583092.5,0.00033637916478463834,527,43
527,99,210.18194888492224,857.5321899966019,263957.0206978899,3.32195270509976,0.16062997743373134,6195.775726992271,735191.0,0.00026677640779538,527,99
527,342,341.4178151030644,675.6499262402572,132318.0049093281,3.444418005190956,0.0542544983298503,3394.9456038313815,445222.0,0.00044057340725426177,527,342
527,360,735.495141821407,466.0956214807126,418257.2983920262,2.87545874375081,0.03966425181088884,12306.677813888758,1004147.5,0.00019531277148460656,527,360
527,361,265.06169132843763,634.2136701473562,508902.34601432405,2.7522202814549144,0.03756971070990709,16720.107098869554,1344594.5,0.0001458556858378095,527,361
527,463,172.83735202824818,234.38299164773093,296718.24577486276,3.103616772563619,0.2835310407443375,9081.479490248945,979818.5,0.00020016301722752724,527,463
528,43,62.774796299897766,705.5575954455796,244558.98468975548,2.9183855416551285,0.14669323206441467,7129.21025479361,589149.5,0.0017641725759520604,528,43
528,99,218.61782257512175,863.3286987380079,209544.63559026283,2.945455922996514,0.1204093771641375,6497.508080318227,586050.5,0.001773504435379954,528,99
528,342,341.24147012360487,674.8938506822864,133379.40198208805,3.3693476197848646,0.0559311875215649,3519.483543505706,396983.0,0.002618559110617417,528,342
528,360,735.5235431250284,465.65855647716796,451667.05474989896,2.7706179231939716,0.08467794735876949,14619.39318071601,1075355.5,0.0009663874568366413,528,360
528,361,265.3548656515095,635.1403529592984,486500.9175138272,2.8555464973544282,0.012862424744048551,14799.879516280405,1335272.5,0.0007782489197137526,528,361
528,463,173.08348129260008,232.76685089691276,319190.0844456329,3.4056614375973226,0.36050972027284583,7760.912429268993,1059476.0,0.0009808743328934778,528,463
529,43,62.92886801551667,705.8263158698718,259401.09058406332,2.8852635516901857,0.16885103213931968,8177.729296378945,622061.5,0.0017180855129378086,529,43
529,99,210.29542887740712,856.9357423672078,277778.9983576461,3.1647792645942263,0.1704202188543575,7122.538419426824,714045.0,0.0014967251585170198,529,99
529,342,342.0501902772602,675.308998620723,117741.71535324094,3.5772703742999234,0.2098990520259471,2989.707484697679,314913.0,0.0033944287597506614,529,342
529,360,736.0038801028412,465.57651669766017,443268.1008929706,2.793991342417451,0.0697890765030233,14596.807131171021,1010219.5,0.001057867219861828,529,360
529,361,264.60294916462715,636.4680582859356,524605.7309913633,2.6995610574281206,0.036737800189798754,17586.5146158687,1410023.5,0.0007578903602799041,529,361
529,463,173.36050463519635,230.61329908531846,325966.0484051263,3.467059525511415,0.31112602659622024,7298.4035655855105,1057110.5,0.0010109374921881413,529,463
530,43,62.8398082882338,705.6967919675918,260071.5868773494,2.846377785527369,0.16388091192868434,9132.53595171964,545415.5,0.004061125652560395,530,43
530,99,218.8911389979551,863.0278317892058,229136.1497796324,3.0328542114423427,0.17629418634924757,7240.2086824443995,561360.5,0.003945705912093673,530,99
530,342,341.8279514789611,674.7513644307958,115678.78872178211,3.5336222897313863,0.10806439359418894,2797.3533545807904,407463.5,0.0054371671992879565,530,342
530,360,735.872463726018,465.95386879361,441076.8039384594,2.7676954373537725,0.08586334126987526,14233.592068896376,1000326.5,0.0022136789201237877,530,360
530,361,264.7215459641345,636.5038800233114,508048.73425107007,2.7864332983790927,0.04271704390771487,16290.469535499898,1358488.5,0.0016299087913306564,530,361
530,463,173.19499526307436,228.8150007491559,305487.44133995514,3.3365008740315267,0.3087279171060153,7487.033978436822,1041978.0,0.002125162889642592,530,463
531,43,63.283058626603435,705.567293448643,264031.5065605117,2.8578066455814346,0.18647116587388887,8608.758365166264,579310.5,0.0015548403495941503,531,43
531,99,210.3216641456057,857.5586891922493,265806.5082852883,3.273712773830742,0.15716558767801872,6922.506726628542,721194.0,0.0012489163763154878,531,99
531,342,342.1158680676427,675.3917920567955,114132.61090313212,3.197004819104095,0.07826832079649833,3195.003104597789,371154.0,0.0024270376813206153,531,342
531,360,736.7201006061516,465.903256450877,480404.21681077307,2.6669976394151256,0.06793905398211346,16330.015867944254,1131497.5,0.0007960026049195078,531,360
531,361,264.9218420702503,636.9442973373617,448010.4353336011,2.9069360738687444,0.04895788319389802,13046.262677107638,1231282.5,0.0007314891781070049,531,361
531,463,173.4261899378969,228.3809248288165,286929.0288101292,3.2132670384385262,0.23219621947856942,7898.757675255645,1061265.0,0.0008486844939841411,531,463
532,43,63.65442257066347,705.4359700497337,289869.79669409926,2.872135858159237,0.1074220685068041,10041.06861839177,673520.0,0.004144364711295612,532,43
532,99,218.86911946530293,863.4435383858362,245389.62430560938,2.9424364937482617,0.08126550849425594,7662.920787720035,676825.5,0.0041241130478803295,532,99
532,342,341.8708130006875,675.7328408209102,103141.15221172599,3.1104078610915127,0.11257669115174455,3347.0228727972567,288455.0,0.009684018813949848,532,342
532,360,736.6724636528388,466.48227329883906,489722.2940198091,2.7547865472416024,0.1045357051145483,16823.19391327042,1088962.5,0.0025627287250587927,532,360
532,361,265.6750961440022,638.1334078414419,446034.8375748765,2.9182516569030468,0.03518271410152301,12595.375547631782,1254667.5,0.002224165109216835,532,361
532,463,166.9895593269488,221.40495140595738,278067.1370900247,3.450450200848205,0.3562922084135915,6782.125294878651,970953.0,0.002874323578071398,532,463
533,43,63.15002911277222,704.8020612519124,315367.31056722556,2.865612687289277,0.15124482357714122,10063.099688191622,667253.0,0.003446318834289223,533,43
533,99,218.28068757680683,862.7339365899329,293364.9400625354,3.327650194048871,0.20949362143094175,8272.209065716841,750113.0,0.0030655731309849133,533,99
533,342,341.03562903823604,674.3669797576398,124253.69699741689,3.439345997750784,0.08077297936478511,2814.256692460369,380546.0,0.006043531243761217,533,342
533,360,736.912669883599,466.5675423536169,481323.17491655523,2.6931087740541253,0.13329506888588946,16288.576613937286,1039705.5,0.0022116222524089933,533,360
533,361,265.25857952674755,637.3135806553735,506480.9241370343,2.874046764672213,0.020903539297849136,15862.174084776625,1409715.5,0.001631091052201064,533,361
533,463,172.71370670384553,228.34858178106157,279805.33963522635,3.2081122410497773,0.2571642184613738,8101.648054052577,963394.0,0.002386826547479468,533,463
534,43,63.242403163222015,704.4167511126213,290705.4933887858,2.830748543448176,0.09728762349668868,9365.863565544241,612145.0,0.001914828041133705,534,43
534,99,219.198898809946,863.3440238953691,270337.01340158284,3.1462822229478937,0.1439663945979794,8365.625709029808,708301.5,0.0016548344153901155,534,99
534,342,341.61468474299255,674.505849544714,114027.11564264543,3.6146079662393924,0.10681290595088268,2727.921426857546,396083.0,0.0029596721817156976,534,342
534,360,736.6419278264999,466.1383361780006,469657.1389906409,2.720436443545195,0.11072840479540658,15821.944275773767,1039619.5,0.0011273926594786716,534,360
534,361,266.4480662548341,640.2717270223877,463564.7811373257,2.835180822140456,0.06460916265763675,13730.537848516315,1272930.5,0.0009207376059970865,534,361
534,463,171.27079081105137,224.70827468147266,321076.35194113315,3.627985250157598,0.44084280065986786,6910.73428137245,1135143.5,0.0010325110303314794,534,463
535,43,63.32029062968881,704.8316754494489,287035.5059836202,2.742901408624121,0.13845151439091077,9515.945044664924,637550.0,0.0029929711995505173,535,43
535,99,219.2668267217411,863.6858593559888,245943.92510893074,3.1501302252698995,0.12894656848460503,7439.738853101669,733076.5,0.002602924858168391,535,99
535,342,342.06055897382794,674.3406619091145,113499.27180545802,3.450212082558715,0.10438043568264863,2681.766330769206,352593.5,0.005412262177604435,535,342
535,360,736.940475887768,465.77227586109694,475710.7436419311,2.7183012463223077,0.1288699577733025,16609.64953250605,1125978.0,0.0016946006888254204,535,360
535,361,267.1850628088302,642.2414219621006,455554.24186550453,2.8637565198950083,0.1361587019054408,14100.900384367116,1243256.5,0.0015347376372183356,535,361
535,463,171.82726151528584,225.47548652637317,304856.27579453815,3.324358898875955,0.3126876625294969,7612.75603573194,1064466.5,0.0017925313365257905,535,463
536,43,63.12584506913308,704.9894623419788,286596.0240794778,2.930698683599991,0.14249283721180991,9515.02324026548,657193.5,0.0016887536867250582,536,43
536,99,219.3178260350806,863.3880441426564,272147.2850850006,3.0613665310166436,0.056401123021349225,8281.594301712546,744024.5,0.0014916290944895735,536,99
536,342,341.7855704443157,674.0959916212988,110832.40033568494,3.2712555506385415,0.056756309450746806,3700.2868156587974,314095.5,0.0035343160850594816,536,342
536,360,737.155278833632,465.4047332208901,470993.65039314126,2.6662808362853276,0.16265252149854564,16210.780335267113,1035122.0,0.0010720920972326737,536,360
536,361,267.6962918944076,644.0130032091195,457690.23827017745,2.7971524087346555,0.044005878823937555,15329.759664872161,1303926.5,0.0008510550250659421,536,361
536,463,170.5497609958736,224.9749220551955,295582.43491750635,3.318646232530895,0.32703167156526514,7841.083966515071,947410.5,0.0011713622539380392,536,463
537,43,62.5167976121447,704.7543205269176,293856.3512388371,2.8179065113665662,0.14128878657942912,9587.187821273234,644043.0,0.0030856553485638766,537,43
537,99,219.3612278321695,863.1274834615134,272420.8463931602,3.007295246761651,0.0951319127960715,8773.18130814626,697878.5,0.002847542020955255,537,99
537,342,341.3091910204916,673.4071236758615,121106.08011966848,3.6499153416885783,0.04181070664256308,2532.464707506137,383477.0,0.005183600102608038,537,342
537,360,737.3333968926481,465.42548084840934,469953.09357863886,2.7292502220283645,0.19480636280933075,16099.239926289014,1024899.0,0.0019387502550164424,537,360
537,361,268.9417492436619,646.6818139980608,458285.66689048556,2.906407992791865,0.12455563151777878,13385.884882532438,1298819.0,0.001529794665221382,537,361
537,463,170.3281802340777,223.29621979701756,307875.35229824606,3.3622375879940223,0.3403143352660939,7506.948954393191,1058634.0,0.0018769551777268066,537,463
538,43,62.634305758633175,704.9449139706821,272647.6890581291,2.8171928843473752,0.13675916236694194,9228.627003939302,573962.0,8.208250797290506e-05,538,43
538,99,220.11811726554924,863.4151394434401,239765.10546156866,2.7253447005692286,0.1669346146083255,8959.832042659516,623264.0,7.558834620634388e-05,538,99
538,342,341.8279857036833,674.4926949223409,108324.36939575356,3.6446818162591446,0.22572383409788166,2508.7529719446648,394929.5,0.00011930360446112608,538,342
538,360,736.8144996660451,465.2114161326935,401490.07383157295,2.988074190660411,0.20698251537592932,12722.961500576514,913165.0,5.158842069374595e-05,538,360
538,361,269.9969840888107,649.789505056651,451575.53495003964,2.831687196876163,0.13150586885021767,13798.141345695656,1217719.5,3.8684819488604814e-05,538,361
538,463,165.93531601679777,214.99973246386122,288416.99345320987,3.2908601907826527,0.2919102762653741,7526.258915833994,1012236.5,4.653868987174208e-05,538,463
539,43,63.296166368074985,704.4394378941765,302589.62995470077,2.7641328388982824,0.12749925753883232,9852.153863190993,712231.0,0.004521819209640943,539,43
539,99,219.43686525075,863.4841075419332,249302.3281903112,3.132360746912343,0.08319951900745726,7367.697671603699,728785.5,0.004419110343249595,539,99
539,342,342.68968765287514,673.8236733505474,111714.85771827004,3.6598048826598806,0.12948027985099006,2655.797997903659,341004.5,0.009443867678843114,539,342
539,360,736.3954441284391,464.7090405101163,369584.2762243995,2.873390783437574,0.22357913046072211,11993.926442145555,938324.5,0.003432308669442586,539,360
539,361,270.2515209339287,652.5258656355135,432295.3773361891,3.130976251420628,0.25694703247031836,11908.255538987374,1216587.0,0.0026472811037086346,539,361
539,463,168.1861024108268,220.56303740733497,302760.9717610171,3.5545709351631967,0.3986099315316934,6510.988640021873,1054308.0,0.0030547363810453122,539,463
540,43,63.58833668104907,704.5789852769659,292895.408634423,2.7650603044503645,0.06539056807390874,9703.072757458165,703161.0,0.001173666630567285,540,43
540,99,219.98436066439217,863.8333962535739,227120.59684492784,2.813214832493568,0.16718486230605717,8758.525851864892,597010.0,0.0013823866391089227,540,99
540,342,342.8424899315528,673.880857599182,101066.51889848018,3.4295928405317557,0.0824538850898519,2232.5654132204627,301781.5,0.002735229097079984,540,342
540,360,736.2315910523329,464.6338096832725,340637.9613171375,3.0654156945491424,0.2654155889740147,9960.676458983602,812243.5,0.001016025306379669,540,360
540,361,270.41951802016916,653.5766836465203,478455.94163324684,2.9443266774650616,0.2043567146403023,13996.467782882131,1310901.5,0.000629505058320062,540,361
540,463,162.94240622484057,212.569044639484,267392.64218340465,3.294426113426621,0.31363810383311713,6869.432040678346,907387.5,0.0009094777005199862,540,463
541,43,63.34423110907951,704.3279445621409,297329.8218816971,2.762692286163411,0.11663858307593522,9965.878611598708,660467.0,0.0011071770231774278,541,43
541,99,219.90668614699894,863.5246065314691,264659.07199845614,3.013286448279422,0.13241199914357712,7626.063633223359,744046.0,0.000982780870344786,541,99
541,342,343.55053361841544,673.3645103415098,107284.84974921044,3.47202063676185,0.07861746528182836,2513.1346064031522,403417.0,0.0018129273640951791,541,342
541,360,736.180292601842,464.9160871207282,335633.45967584173,3.2223320286022914,0.27545741055222966,8579.321587376278,844743.5,0.0008656066703315043,541,360
541,361,270.2580998638848,653.2708055588722,451844.270268484,2.91422578559397,0.1746644484351612,13692.250614196486,1268819.5,0.0005762598692187526,541,361
541,463,167.23337777672828,219.77065860419827,279131.2609387777,3.3396194478569248,0.33988019844998135,6499.486051042636,1002149.0,0.0007296260946919913,541,463
542,43,63.038920974833786,704.443078234537,292633.6223464587,2.8799332651032725,0.12575934592405555,9475.271958023526,694873.0,0.002701606157282019,542,43
542,99,219.9610163915501,863.3356216122531,262431.1929802587,2.9220476291246493,0.029722633835229113,8967.668103129408,780888.0,0.002403945672794859,542,99
542,342,343.3071878938067,674.0311573956187,116325.88341323525,3.2506223180408784,0.051045380837323975,3214.8244143294105,429489.5,0.004371735695044162,542,342
542,360,735.7779146981719,465.29797974585995,328419.694116494,3.211062472928383,0.20236008720454302,8290.862963270585,934276.5,0.0020091821128432916,542,360
542,361,270.3598059970857,654.0952123730387,430871.0721626234,3.11599182697525,0.21713930270745616,11336.48609263529,1232345.5,0.001523138013398169,542,361
542,463,167.0133135952657,218.36725054937853,274106.0816428234,3.1893437538539042,0.2632603675893557,7698.658465894115,1051455.5,0.0017852261478467286,542,463
543,43,63.04762461233853,704.5407875689688,272053.2111424885,2.728321933561422,0.06636723068103786,10258.416709746927,731290.0,0.0013594036947482578,543,43
543,99,220.30666866829353,863.4296722848663,308491.1072955096,3.0676941730295018,0.05832930307387635,9191.541371933246,966506.0,0.0010285160426332395,543,99
543,342,342.640352240191,674.3172769656867,102666.23443114724,3.496143816082773,0.12931109457311898,2626.154677695213,406536.5,0.002445751085580199,543,342
543,360,735.9944855563681,465.30571314993244,312020.0026436625,3.371680181870222,0.31323971118660154,7632.2620320517135,882024.5,0.001127046054177439,543,360
543,361,270.08018347433745,653.1407083072352,426339.7984570823,2.98159254912038,0.1285097696523402,12474.234719052263,1330372.5,0.0007471766153633328,543,361
543,463,165.5613066078705,216.95085910687766,309065.5786312554,3.4423790387793907,0.3639904940611639,7303.9926973398115,1108873.0,0.0008964474833053878,543,463
544,43,63.47390381704743,704.4508124604391,301620.77113595826,2.721996559511262,0.067989336768313,10056.992368947562,784755.0,0.0028610155119935437,544,43
544,99,220.4251035335548,863.5319163586719,301175.77147361543,3.044974156260303,0.07619453605649017,8454.993584513437,906523.0,0.0024765799005621067,544,99
544,342,342.9946304900498,675.0856681624238,109647.91680126899,3.159324479826529,0.22069585133543115,3292.997501336812,373334.0,0.006016536989783736,544,342
544,360,735.9914766494106,465.44377316027305,306337.76755679207,3.309258401504123,0.22573254928004474,7386.994394890687,860651.5,0.002608625810680759,544,360
544,361,269.39805343229534,649.9752231466886,417231.6834126209,3.0951561297577204,0.21945691924481503,11302.991423507436,1310185.5,0.0017133751136986963,544,361
544,463,165.2231044756539,216.05829531767444,286312.7827513655,3.2060131566455548,0.27516087204405076,8543.993516981998,1020783.0,0.0021992826898277924,544,463
545,43,63.843702558161034,705.0418452006595,292221.1422867215,2.8242025924177017,0.1608654321619437,9734.96140283005,723693.0,0.0026494303328587145,545,43
545,99,220.37709657656768,864.5736199542627,288947.4384521415,2.8652920668761293,0.07786210708987981,9993.41170556005,865499.0,0.0022152029566339993,545,99
545,360,736.3498017786189,465.75158062380746,362088.87412473187,3.1175327152714103,0.2625718194562846,9821.11150374005,978531.5,0.0019592483697779173,545,360
545,361,269.16125119466017,647.3819761721068,430836.6546509122,3.128169258754666,0.277541002813365,11457.963421030057,1297726.0,0.0014772417240022245,545,361
545,463,161.49544481747407,207.9919204909353,335985.3935490017,3.556359417675934,0.4103827587270885,7150.458375530036,1157075.5,0.0016568529041309746,545,463
546,43,64.61547647782474,705.26746457973,313717.35297154705,2.8029234985662264,0.13465513350400232,10803.400569495348,802481.0,0.004592346211731025,546,43
546,99,211.6099596682715,857.8385635250623,319914.65252304054,3.2218576151261864,0.15391904726586098,7704.75079374862,942023.5,0.0039117115449171114,546,99
546,360,736.5767061770725,465.7272844875708,366478.1464504778,3.147247135803104,0.2820690756321292,9547.191200949377,1046674.5,0.003520411613377868,546,360
546,361,268.80806352577156,644.953073052795,428953.6257128308,3.052642386015704,0.23227128708894726,12227.104520514114,1292820.5,0.0028498804181646513,546,361
546,463,160.55142352451122,205.96527188542862,290603.1005903012,3.118319949645538,0.35876457933876754,8960.96016229459,981938.5,0.0037526212062497133,546,463
547,43,64.11175893151571,705.1506711465233,290800.8852599621,2.754096550999681,0.09420608024216556,9606.288298938187,823371.0,0.003098598281523407,547,43
547,99,220.18821224910556,864.7154299247444,236533.78293964468,2.8211754631613597,0.15076024488205997,8173.771622780739,804804.0,0.0031701030439868464,547,99
547,342,343.7850715131435,673.5535125221804,117634.8988185764,3.4474150442187863,0.12610104403748584,3286.3617864788534,468874.0,0.0054424190105738495,547,342
547,360,736.6831131092916,465.6660435803975,375487.9005269172,3.052870444896305,0.2515202005946616,10617.47654093168,1039453.5,0.0024543233578788767,547,360
547,361,267.5815344163983,642.2793342855246,403632.63992906944,3.1036378412577146,0.18336394769043432,10786.007914597263,1345855.5,0.001895472978617037,547,361
547,463,160.95721634661828,205.97638529282884,343298.408156791,3.5668109569407758,0.40154521684839606,8173.771622780739,1091261.5,0.0023377801800474286,547,463
548,43,64.78652197180132,705.17567520299,292123.6827693105,2.8465780652415766,0.16100909837807806,9677.816884618027,724937.5,0.00534284650100647,548,43
548,99,220.0445224984544,865.3389313150211,228363.94800006234,2.6603156208012617,0.09917331483907783,9027.20734615631,725670.5,0.005337445823495035,548,99
548,342,342.8198017622229,674.4843631746617,113043.40730772316,3.514717258908879,0.08555933538087236,2358.4595769237208,509724.5,0.007600974588948756,548,342
548,360,736.5982862789573,465.6706190395349,374100.48461548676,3.0769479514044717,0.2766297281784395,10409.752615387457,991830.5,0.0039043792713606847,548,360
548,361,266.09755505366087,640.13469018578,411510.5330770354,3.2535781458247075,0.18668583765493293,9921.795461541169,1355591.5,0.0028562719018345897,548,361
548,463,163.09461901540175,211.043504851777,323840.8977693192,3.501309219151677,0.34409327060325007,7319.357307694306,1136850.0,0.003406098930049946,548,463
549,43,64.5862962496692,705.831978400042,309214.51203542814,2.8699228569365873,0.16074444163951815,9464.041132178598,757920.5,0.005192319806869777,549,43
549,99,219.99861062560137,864.9305384245413,246818.84262416218,2.9125356529010507,0.09773312492519655,7956.494757141299,840844.0,0.004680030042267315,549,99
549,342,342.3297212886921,674.6180328341458,120101.19454463813,3.4135058686345086,0.10300623800081855,2763.8350209017144,530527.5,0.007419395861623896,549,342
549,360,736.918519869411,465.8539500142509,393469.60388473497,3.1523673927382716,0.3069442136038815,11055.340083606858,1066823.0,0.0036883405410810927,549,360
549,361,263.4928041056333,638.9112014936616,416836.5726978131,3.1189659445706686,0.18332273145995873,10720.329778043013,1314347.5,0.002993537271141276,549,361
549,463,159.8741111848644,203.75921863919774,282664.94531949353,3.077468897456937,0.2701449299700176,8542.762791878027,935696.5,0.004205422106129796,549,463
550,43,64.88748699750376,706.0777619097495,282526.4133702028,2.7053318141623777,0.12701218007345283,10316.97576913662,768842.5,0.0033770383731158175,550,43
550,99,211.68424283379647,857.4498874264287,306334.8189912873,3.2352895458669315,0.1489477480021277,7698.051150817323,972854.0,0.0026686067739843484,550,99
550,342,342.16560512828926,675.5831320482065,101820.6147061714,3.476678788931034,0.1634935019086484,2460.2019141787323,485259.0,0.005351979045877286,550,342
550,360,737.1547735022237,466.1353953215484,367443.0600854042,3.203501054546335,0.27850324907497853,10237.614417066337,1065224.0,0.0024371253766766574,550,360
550,361,264.19761757058876,637.9316216398813,434503.40258479223,3.1532834232006426,0.16520786090488015,11348.67334605028,1392497.5,0.0018641940935439532,550,361
550,463,160.53088917773718,204.28259166711624,303636.5330208977,3.3490524988170494,0.3716996620047285,7777.412502887605,994611.5,0.002610209623170238,550,463
551,43,64.72206615329493,706.7140749401369,267274.2506099212,2.9091444173328727,0.18352817626375484,8037.6871820014285,755823.5,0.006433802612599754,551,43
551,99,211.12921739704748,857.7402489270953,319307.6992091936,3.4102156452661183,0.20680167074024566,7276.222080548662,989319.0,0.004914444024822226,551,99
551,342,341.74273204705236,674.9450968624483,106520.50696989262,3.4937820632717487,0.19790259469679905,3130.46763930582,458231.0,0.01061736272077628,551,342
551,360,736.46705894943,466.27752227796117,362118.959357538,3.139996725993888,0.3087079334942389,9645.224618401715,1014223.5,0.004793700795352535,551,360
551,361,263.3170555260621,637.2490091417378,415759.94539321074,3.040762280454565,0.12616916127173713,11929.619922760015,1421372.0,0.0034200059502140453,551,361
551,463,159.8395777124213,204.5863575444512,299001.96317045315,3.218992520437522,0.3545467127413274,8545.33058296994,938464.5,0.0051809149881357226,551,463
552,43,64.47683150133814,706.672174962558,276116.74609181326,2.8593731611135396,0.16291996264050493,9155.404968027275,731966.5,0.0035367762484132086,552,43
552,99,219.39520424543213,864.1164458451129,239323.99715488122,2.9614976547274225,0.07526883682448585,7358.549787386408,764615.5,0.003385686583779053,552,99
552,342,342.4735852634218,674.3057927353641,105244.37486610793,3.5082944690120885,0.14643065002784272,2823.6295695785057,517122.5,0.005007170183521721,552,342
552,360,736.780312993646,466.79492590317034,375713.8618187642,2.9530216817800516,0.2527218657742298,11807.90547278284,1029569.5,0.0025141003280741182,552,360
552,361,262.3183967217889,636.0743560093773,450668.3922112118,2.9569726255768516,0.14908955337655508,13005.80892654342,1414330.5,0.0018299822554693147,552,361
552,463,159.6740427955006,205.42438871963142,303326.26739866065,3.432812710149203,0.36919525367247974,6845.162592917589,1041498.0,0.002485296042809739,552,463
553,43,64.69080514808574,706.6214412353271,263977.4868897082,2.8797212124602125,0.1647909555740679,8520.955722882658,729519.5,0.004465259208827159,553,43
553,99,210.6505548328483,857.4927278842972,318546.0316200881,3.3344994807849004,0.15198580698148736,7402.0423451303905,1000220.0,0.0032563363297657562,553,99
553,342,342.4416184122024,673.7898700186436,105349.99802836741,3.608948573188813,0.10274484863591496,2668.178054640024,544251.5,0.00598629208334434,553,342
553,360,736.8289628595566,466.8544305153034,405993.4156044192,2.8692443377564976,0.19255642617329,12996.609233891731,1159133.5,0.0028097624999625314,553,360
553,361,262.3982831293713,636.8505558314301,438614.0440788892,2.942609079484137,0.08485229428418248,13254.820013373024,1344096.5,0.0024230021981935484,553,361
553,463,160.52117760940865,205.4530156303185,331198.3598146714,3.5894060454113794,0.3726429257913181,7229.901825476195,1148007.5,0.0028370021764925445,553,463
554,43,64.97975739085544,707.1946427672262,258535.4107130199,2.8779704749922823,0.15295296460965968,7768.592308985735,717790.5,0.004019912224210277,554,43
554,99,210.50229993895948,857.676006991302,289526.2466983286,3.284412117017947,0.1577545338280148,6682.660050740417,972685.0,0.002966140484548313,554,99
554,342,342.06401666586044,673.5532902745244,119034.88215381368,3.423448553724738,0.10928576804998381,2589.5307696619116,493559.5,0.005847389856415955,554,342
554,360,736.7313238180211,466.91345865482805,402797.3345583787,2.8759071567567216,0.19840995431702088,12279.387843235516,1126201.5,0.002561701432244994,554,360
554,361,262.4177217887203,637.0281111630338,442893.2948628212,3.0756830917006663,0.17650869716184592,11611.121838161474,1397570.5,0.002064177864753507,554,361
554,463,160.6420545575453,204.52232285870295,307318.82908342493,3.2498980685292866,0.33243696172641973,8353.325063425522,1016830.5,0.0028373258608714166,554,463
555,43,64.8136558692982,706.9922604675066,262487.88640275825,2.959498629517204,0.26171009830909514,8191.853028505735,708742.5,0.004962034095426185,555,43
555,99,210.66467140840876,857.3583068094354,311813.29931907996,3.231344531157049,0.13964442375340863,7668.968792643666,973920.0,0.0036104319416977544,555,99
555,342,342.20898019121404,673.0686287532291,106494.08937057455,3.6568210819688614,0.15509781897685818,2875.8632972413748,469617.5,0.0074907788867524085,555,342
555,360,736.9373328763603,466.6409419966275,422926.1994397695,2.8061191268162857,0.19263340844347185,13594.990132413772,1108778.5,0.003171146251893896,555,360
555,361,264.8049077503045,638.231220052054,432076.67356735567,3.2143097254140724,0.21610778259211835,10457.684717241364,1437925.5,0.002445058998905694,555,361
555,463,160.0799445671033,203.8082844786647,277477.23449747084,3.2211709378819493,0.368060671165713,7407.5266747126325,902864.5,0.003894697250824733,555,463
556,43,64.49459957530732,706.5000593966741,272894.50307750626,2.9507879061574953,0.18530499878098716,8408.05678043169,714560.5,0.0041455565728671295,556,43
556,99,210.31733932174225,857.7550114980309,309791.9949683327,3.241610231142169,0.13320326009594782,6938.687634336832,954514.0,0.003103042830561924,556,99
556,342,342.66245816954125,672.4193066231956,137059.48868295932,3.6553419425675497,0.11693543493392758,2693.8434345072405,576541.0,0.005138554512251407,556,342
556,360,736.5748570960427,466.7595969278299,421055.89197540446,2.82924954117978,0.18467068360164346,13632.480410991187,1146942.5,0.002582275409286215,556,360
556,361,270.58333227205117,638.3533689980069,416402.88967943745,3.043241907825789,0.15840544567292264,11510.058311076393,1369289.0,0.0021628592179903402,556,361
556,463,159.54902932592975,204.59004898672518,284322.9297693551,3.3769327788427,0.318225546530256,7591.740588156769,1025628.5,0.002887814560015741,556,463
557,43,64.31991406454439,707.071163237844,253623.99697508744,2.8597735302581313,0.18257421356657053,7578.242196072765,699384.5,0.004341522432991882,557,43
557,99,219.37585673135123,864.532953038038,228006.24346445015,2.901688764816322,0.09834854911920943,7331.125602722566,829658.5,0.0036595304357161795,557,99
557,342,342.320844808841,672.3924532298445,109225.5342607879,3.4994074051228528,0.09379911516670143,2635.910329068788,501336.0,0.006057773142424872,557,342
557,360,736.017495860688,466.5206505535302,429818.1280337792,2.8861427293795305,0.13910379952352322,12602.946260860143,1224633.5,0.0024789108251658545,557,360
557,361,275.2277415105651,638.630970785642,419851.09210198786,3.2721378949804243,0.24502794549714316,10378.896920708352,1314855.5,0.0023087701432279056,557,361
557,463,159.57494329262835,205.46311129739902,306012.7147653296,3.427581892708731,0.3657947422363152,7578.242196072765,1071993.0,0.002831994099741119,557,463
558,43,64.71014062583471,707.4570448437652,238289.2027884475,2.756298619693602,0.14419372768296515,8006.103995421104,718006.5,0.00040489147322991944,558,43
558,99,210.21270641384532,858.1289578793967,290888.44516696676,3.2507881440145345,0.10287090152712541,6973.058318592574,932509.0,0.0003117425525308716,558,99
558,342,342.0876618650902,672.0628123062701,109588.92888355984,3.5425812860267345,0.16578754721252326,2754.7884715427454,469678.0,0.0006190245975325387,558,342
558,360,735.9178777345834,466.5033451125103,406245.21241281927,2.878812415549954,0.09918968259065124,12138.286702735222,1140842.5,0.00025480766830537134,558,360
558,361,280.7147522215987,638.819359784991,397292.14988030534,3.165325408297179,0.18076800887429245,10330.456768285296,1323813.0,0.00021958606678819286,558,361
558,463,159.04342556152216,204.80578534314338,290888.44516696676,3.1361527826962035,0.29751731405533866,9039.149672249634,920869.0,0.0003156836015903123,558,463
559,43,63.92613705291056,707.0347598383103,244396.74412562017,2.807297579169264,0.15078612146226514,7967.635789956731,680751.0,0.006433780256208774,559,43
559,99,210.1352098576801,857.8541287290968,276099.54758460587,3.224535721570484,0.10895531483948272,7632.156388274342,859234.0,0.0050965326564550596,559,99
559,360,736.2921772438344,466.27070655833023,426729.79893999844,2.7677031664559086,0.08888271734437554,14006.265020239727,1137800.5,0.003848189284196596,559,360
559,361,288.0451670357939,638.5956443345875,425555.62103411,3.170835516311399,0.1858422949118882,10315.991601733453,1416680.5,0.0030903804294789023,559,361
559,463,159.0245989653337,203.94996022773233,275176.97922997933,3.2064017038761583,0.33813901734143703,7632.156388274342,924602.0,0.004736014634537872,559,463
560,43,63.693982561320226,706.3296756540904,258862.20937950755,2.7613328211385313,0.12137939580142323,8841.270862222918,726437.5,0.0053052501829097985,560,43
560,99,209.635071873661,857.6214431659275,249680.8896379684,3.230082890326392,0.11220741200222037,6375.916487179989,840375.0,0.004585508337456225,560,99
560,360,736.5957589838044,465.6578607405142,468162.29459866934,2.7143867458133344,0.10321378349461786,15217.187349402908,1242649.5,0.0031004316897940225,560,360
560,361,292.2838656466834,637.7554973364586,436027.67550328217,3.0982797005352944,0.16901744231414798,11816.698556240246,1423491.0,0.0027064017327258633,560,361
560,463,162.73965441005575,211.92284503705832,308679.37019934057,3.3942293926494775,0.3706678601934735,8076.160883761319,1158423.0,0.003325961998728472,560,463
561,43,63.768915924608066,706.7247847984713,225293.38716947002,2.799587881759083,0.13293407751193964,7625.314642658986,674360.0,0.005149013914230966,561,43
561,99,209.831204652829,857.0834170137138,281183.4774480501,3.2391575689596417,0.09911580399265398,6845.45291784159,948850.0,0.0036587773685816914,561,99
561,342,342.53249979059876,673.6716175073097,120965.2186494539,3.558455767584688,0.14728872761558,2946.144293754608,551422.5,0.0062978866248844835,561,342
561,360,736.211863746981,465.60099224139555,483774.2232950581,2.8258929184092594,0.060627787503762444,14990.675377045505,1292168.5,0.002686338088533994,561,360
561,361,293.56328191260235,637.4797176532272,430830.2773102327,2.9871338477370006,0.12266581339811962,12044.531083290898,1344709.0,0.0025813429451919242,561,361
561,463,162.9881076718786,211.5024285362769,321129.7280192523,3.421740908846649,0.35444837828631176,7625.314642658986,1116681.0,0.003108665739221115,561,463
562,43,64.05401353569289,707.0387570927879,235903.7899817949,2.846132817734164,0.17667343138007396,7476.384443118247,738577.0,0.0027286134211359256,562,43
562,99,209.66519861088366,856.8644709437418,267161.43983440625,3.1374676863960715,0.07342910290292408,7317.312433690198,933398.0,0.0021589458547902445,562,99
562,342,343.31188846443797,672.9353377420425,109043.86246292677,3.6356689874274175,0.17877075789671232,2783.7601649908365,452790.0,0.004451733883049702,562,342
562,360,736.34933379782,465.82715375231254,496463.74142493715,2.753344067956707,0.08309442639002022,15907.20094280478,1280257.5,0.0015739151853572451,562,360
562,361,296.5246290932461,638.6169736940756,432596.32963957597,3.1509781588000236,0.19510694827516897,11453.184678819442,1390095.5,0.0014495314622261248,562,361
562,463,161.17136557084146,204.24679159486732,319893.8109598041,3.49429456118943,0.34414425543330945,7476.384443118247,1060875.5,0.0018994633030647854,562,463
563,43,63.95756365008134,707.1760364085844,232031.50513184996,2.810507444538865,0.1776030369519227,7728.594295185123,665545.5,0.005970167484455026,563,43
563,99,210.34010024165138,856.923778009195,302544.0733081457,3.2863702805869495,0.18153669817758947,7381.241742592532,955760.0,0.0041562175366168545,563,99
563,360,736.2535885144565,465.74162368577987,491330.1856422182,2.7964717961912107,0.07051978511152227,15630.86486666654,1249732.5,0.0031780950126980125,563,360
563,361,297.7671222297151,637.4357056997397,446782.2207722186,3.068413327740288,0.13064071042481518,12331.015617036937,1490502.0,0.0026645151881095584,563,361
563,463,161.01822477505578,203.67772224722776,333197.93607444176,3.215685106018396,0.3241072727541562,9291.680781851777,1071159.5,0.0037082076022283994,563,463
564,43,64.23274828530228,707.0774169146048,225569.3866807565,2.8358965448562676,0.19491543425561603,7938.187194380122,619808.5,0.002837499063402444,564,43
564,99,210.3190808199947,856.772289593115,270790.2957543601,3.2782671601201954,0.13720298308514164,6867.869819856959,927793.5,0.0018953920071257077,564,99
564,360,736.3188016837538,465.73921753130315,463090.65071035497,2.8125845304879666,0.07111337224350511,15162.829472411468,1245390.5,0.0014119613693151433,564,360
564,361,296.9874289041841,638.5426166629618,430713.5501310293,3.2475678651452955,0.20562977887742862,10703.173745231625,1380462.0,0.001273789359742005,564,361
564,463,161.17579237898792,203.70083952269576,331084.8411858316,3.2362108004312056,0.34221269995855436,9097.69768344688,1088084.5,0.0016161253177244847,564,463
565,43,64.39465711129483,707.5298387341785,228698.79389610534,2.850114508113596,0.21892893826983947,7539.520677893583,723557.5,0.005423965634844584,565,43
565,99,209.44010267508898,856.8778877638555,280695.4882264059,3.2431560446544023,0.12712998210476995,6932.892577373409,948507.0,0.004136877838187379,565,99
565,360,735.4639792613491,466.04840116077594,453584.4968746553,2.7978306460604716,0.030284527487285988,14039.107469181154,1281547.5,0.003061359914621096,565,360
565,361,292.3357242885722,638.0997902480547,411033.868681026,3.1958029085402044,0.25807909071963736,10052.694237191443,1327027.0,0.0029563992269257466,565,361
565,463,160.24120420837824,204.13346205881948,337111.90157478204,3.490751644517524,0.40953769361039505,7452.859520676415,1127402.5,0.0034801268922998317,565,463
566,43,64.57546818011585,707.7160830117244,227311.1489900955,2.8974667696158254,0.16539586863569156,7473.949343211757,712882.5,0.007111308055758186,566,43
566,99,209.34773223627158,856.6828578680149,282807.3705500357,3.225713066496043,0.10515780428641948,6614.87470606098,957605.0,0.005292582678866286,566,99
566,342,342.0579843246993,673.3437849205017,103174.86392180827,3.6717976866185205,0.18982980650377396,2233.594056592019,527191.5,0.009619563751122225,566,342
566,360,735.9598742502362,465.6646149031135,452302.79645988386,2.7823552028513197,0.05604648056662098,14690.17629527828,1235294.5,0.004102128990896541,566,360
566,361,287.37591391194513,639.3245202354598,425499.66778077965,3.094578861868581,0.18836695802452583,11597.507601535484,1471920.0,0.00344234556038099,566,361
566,463,159.8013408156321,204.3155531828526,320950.28443953017,3.4109582193723904,0.3671222003615796,7817.579198072067,1094735.5,0.0046291738000300104,566,463
567,43,65.60368920347098,707.9389422975066,239484.1910196958,2.8857349289117544,0.2183518596772384,7903.768680518014,705052.5,0.003052289764376591,567,43
567,99,210.24539044883824,856.5116119734548,289453.5730109708,3.3895989538529725,0.1845110054003701,7113.391812466212,996191.0,0.0021600419417876974,567,99
567,342,341.76775633133764,674.9513291131113,109598.92570318312,3.554182260163586,0.05439303678093514,2898.0485161899383,629638.0,0.0034180127034139805,567,342
567,360,735.9707099840872,465.71424931887753,451744.2899176073,2.766509892064854,0.066941826034611,14051.144320920912,1298659.5,0.0016568590974843107,567,360
567,361,282.98876075192743,640.5130930167088,421007.41171559284,3.0676899673048306,0.13234240182883944,11240.91545673673,1445706.5,0.0014883076899824938,567,361
567,463,160.57617330447073,204.12960319626592,330640.98980167025,3.476347704113292,0.3937737867217647,7289.031116477723,1194197.5,0.0018018208510651448,567,463
568,43,66.08460542759883,708.5163769984722,235707.61225786575,2.8893176693556524,0.20278908525197714,7435.853978488353,757479.5,0.0037466595142198666,568,43
568,99,209.35448342820993,856.2979831871279,274141.122580414,3.3022076196688017,0.16797727092333414,6271.202150532346,1034593.0,0.002742782575434101,568,99
568,342,341.4263342897667,675.6608174117267,118256.95483860995,3.389489100681158,0.10993685298478324,2777.2466666643245,671557.0,0.004226278578648406,568,342
568,360,735.6941103138248,465.63439487528785,436027.726666299,2.8546387511970104,0.0673484631599907,12900.758709666541,1317857.5,0.00215308228199283,568,360
568,361,278.89846572366156,642.468162855921,419633.0124727644,3.0501781387409075,0.10844614107881279,11467.341075259146,1420524.0,0.0019974324454991904,568,361
568,463,161.09509750329735,204.33010161589476,323594.03096746904,3.189432648631264,0.31732376066751583,9675.569032249905,1160809.5,0.00244446519447861,568,463
569,43,66.63300290177202,708.8860075691166,222553.6158664085,2.8616908372410754,0.18807790761825613,7108.376532010681,821478.0,0.006261019010881738,569,43
569,99,210.59881880962632,856.6540986751601,279332.8703875309,3.2327261527831026,0.17446152354003064,7898.196146678535,1010954.0,0.005086864240759802,569,99
569,360,735.7014193273992,465.43950482485553,443615.3502384444,2.8479086327712926,0.028257056344712136,12812.629304611846,1315286.0,0.003909324739982904,569,360
569,361,274.7567543491611,643.6377599152593,433698.72618761467,3.0984781058187196,0.1690746151733856,12022.809689943993,1486631.0,0.0034585650224720674,569,361
569,463,161.5576764262331,204.2684655688691,326634.28953263897,3.2858202512108083,0.33335129261072116,8161.46935156782,1142557.5,0.004500635152558187,569,463
570,43,66.64007122182616,708.8115664674517,231911.1001961859,2.9585362459253326,0.2200790004182281,6766.636875750783,802315.0,0.006091696350646815,570,43
570,99,210.61177566305452,856.4626594194361,275674.5438861066,3.2001553994782332,0.13523205289504656,7996.934489523652,972269.5,0.005026135573921524,570,99
570,342,341.274768876398,674.8942749991652,112220.71805628247,3.4821392357297567,0.20111854510964994,2636.352029513292,631736.0,0.0077382682687413525,570,342
570,360,736.0484527203876,465.18628814757074,444664.7089779086,2.823776799787788,0.12204956585250941,13796.908954452894,1264139.0,0.003865076907532569,570,360
570,361,272.07700579664476,645.5774797408905,450991.9538487405,2.946621776014144,0.1205804890418919,13357.516949534012,1565282.5,0.003121165051411758,570,361
570,463,161.76226388233977,204.26575928328708,323304.63721931336,3.3285686704433526,0.3481066322879828,8436.326494442534,1153246.5,0.004236942499709701,570,463
571,43,67.26603886940495,708.8701313972108,219925.11658406595,2.726304353150794,0.22018213894697722,8136.24310232531,731946.0,0.005213770646569528,571,43
571,99,211.79147922651424,856.1803973351608,270468.44494699594,3.15867228029334,0.14763352001672367,7643.13745976014,985370.0,0.0038721280137205606,571,99
571,342,317.6346921705134,682.708049738212,101251.02527338165,3.6580723757866664,0.18098887987818513,2054.606844021543,611857.0,0.006237973992087814,571,342
571,360,736.3555020984976,464.9880454227825,406236.86519993946,2.92761137367135,0.09711344208807929,11834.535421564087,1240541.0,0.0030753125377144994,571,360
571,361,270.6289613553615,647.3028184668815,473792.3382313678,2.894772031971751,0.116068692841486,13724.773718063907,1521576.0,0.0025071021408201665,571,361
571,463,162.5812610896421,204.02669140530998,309423.7907096444,3.3592748853947767,0.3641501005626604,8054.058828564449,1175873.5,0.0032445174323277766,571,463
572,43,67.14188765692855,709.3369588472873,222655.59978396626,2.728715347171164,0.22917377653060994,8236.767563830315,755291.0,0.005719449308320012,572,43
572,99,210.96373800207593,856.0644306769685,251659.5366310709,3.233755201302328,0.08603431463232232,6133.7630794481065,1003201.5,0.004305222573067885,572,99
572,342,342.4771667141024,673.1263502672224,108129.48057198519,3.711212150226262,0.1926992579779863,2278.254858080725,585255.0,0.0073828329930485485,572,342
572,360,736.0142023761614,465.39555030342757,401673.8565170017,3.007008973521893,0.12272125565641566,10953.148356157333,1270721.5,0.003398435707933245,572,360
572,361,270.326674685477,647.7972737516241,458717.8531558691,2.968314042036152,0.08850684230725699,12968.527653690282,1531331.0,0.0028198478946186976,572,361
572,463,161.3659664143322,205.0362273343502,314574.4207888386,3.3434340926708015,0.3826202720203387,7711.016442734763,1127343.5,0.0038308847742140745,572,463
573,43,67.12728582795165,709.3963830711377,230866.00917442344,2.741231403702912,0.1542769143054179,8088.484853669699,818747.0,0.004444971887576364,573,43
573,99,210.13089406542585,856.7279717107605,255905.8931363158,3.2017459090586033,0.16628243489399802,6969.864607949422,930666.0,0.003910200660157222,573,99
573,360,735.4413508876104,465.66914787314374,408640.5805327383,2.96231685007459,0.07666477838501091,11616.441013249036,1239645.5,0.0029352713710884925,573,360
573,361,272.4981573247232,646.3883849609546,438929.37487839506,2.9665520875222717,0.12029660830493141,12821.108970178566,1513574.0,0.0024039001284657676,573,361
573,463,160.58182865920384,204.5872440739893,292304.07497782947,3.2737436832862072,0.3609451917755082,8432.675698506708,995624.5,0.003654979803400783,573,463
574,43,67.12845564017037,709.04858750558,276112.70652124437,2.8023985262628153,0.1975409765437557,8887.377741152553,822273.0,0.004000381864732427,574,43
574,99,219.55061485856976,864.7869698447722,230726.68038681484,2.9301261903540357,0.09398012725974751,6730.247221455332,810870.0,0.004056664715467015,574,99
574,360,735.1934977704935,464.9409381769902,403210.8367418047,2.9734181497494006,0.12698060675365624,11389.64914400133,1195058.0,0.002752104299288799,574,360
574,361,277.72407272877797,645.3184253220356,436258.07630356617,3.1411922271002353,0.16124766090475068,11389.64914400133,1506578.5,0.002182896271245138,574,361
574,463,160.9265551299663,205.07776480149835,338238.0654885244,3.4348157423176966,0.38817793097523917,8283.381195637332,1164256.5,0.0028249379477654187,574,463
575,43,67.22184240769217,708.7761932501785,253442.433683755,2.7766808801078873,0.1724221225060728,8524.037896123627,739539.0,0.000586747371965191,575,43
575,99,210.74791696826082,857.4422361428968,256902.6866910923,3.0411652272695116,0.09168446060333267,7089.298844300839,883802.0,0.0004909576527192202,575,99
575,360,735.1203645905133,465.12777253455977,391852.55397724756,2.907208802201761,0.10034586830611483,11646.70524420852,1257699.0,0.00034498653977340797,575,360
575,361,282.1264729002421,645.3439422796724,440127.3032503437,2.8530315578328977,0.022242649927966276,12997.047881218205,1461860.5,0.0002968016314999874,575,361
575,463,161.23016529499594,204.64685920842402,318005.6910157805,3.1728345341179893,0.29860429023814516,9114.812799815363,1141425.5,0.0003801335022084668,575,463
576,43,67.21953984852823,709.1595094357989,256788.0786711526,2.800745787842894,0.22376769068207797,8353.548427818887,832902.0,0.002781401539529616,576,43
576,99,210.68997498477967,857.3763161819348,257122.22060826534,3.1139293834844963,0.12901299733931643,6849.9097108114875,941863.0,0.002459527226046137,576,99
576,342,340.4428146940064,673.0540193373929,106925.41987608175,3.6702988638529153,0.12503484153030578,2589.600012623855,576362.0,0.004020058587676259,576,342
576,360,735.1281141259459,465.5084089722873,391530.8148118712,2.8575824892648067,0.10127311937371455,11277.290377555497,1180616.0,0.0019620159577492195,576,360
576,361,284.7873922371178,644.0205522843293,455351.92480040755,2.934933103895923,0.11703741239550475,13866.890390179353,1478557.5,0.0015665728246236907,576,361
576,463,160.68830549963778,205.13469701507842,336731.5371253793,3.454743376657831,0.4384057283862699,8019.406490706132,1126354.5,0.0020565603338277777,576,463
577,43,66.62627095143006,709.1917108067652,243276.93001765327,2.8662650547934896,0.19917046350113454,7765.953352402533,784514.0,0.0021593549790990913,577,43
577,99,219.71917151930643,865.0849304996623,239731.60348720863,3.030478974832429,0.10841151268383709,7681.540815963375,859678.0,0.00197049850661195,577,99
577,360,734.7939858287546,466.22936720501815,416491.4547908054,2.8382627981549478,0.021603289245941276,12661.880465873695,1229536.5,0.0013776225920914041,577,360
577,361,287.0696935287178,643.6717188963245,439114.0145564998,2.8875170492530478,0.08933963086608457,12830.705538752012,1474564.5,0.0011486622975207257,577,361
577,463,159.79001658972896,204.52971923205672,299664.5043590108,3.221888170045896,0.3035853063483727,8525.666180354954,1042298.5,0.0016251609229454868,577,463
578,43,65.77206729360853,708.7283489939244,224167.18738640958,2.877656627923424,0.225761315147422,7103.8897411186135,704001.0,0.006549539314101923,578,43
578,99,219.65981537725776,865.5046647226342,237761.05047126618,2.9158871101686206,0.152795060232748,6840.782713669776,831629.0,0.005543552733579777,578,99
578,342,341.7994272716757,672.9264788647016,104628.89458215439,3.6180834816888074,0.10742932998410115,2718.7726169713214,569445.5,0.008099045585911013,578,342
578,360,734.6097730479988,466.1865824610112,412814.9260672261,2.925242332245004,0.06642705425744398,10962.792810368232,1190228.5,0.0038723752225942043,578,360
578,361,292.69335212414285,642.0273905962603,392029.47089876793,3.14237118181403,0.23746440273882669,10524.2810979535,1403508.5,0.0032836280794434733,578,361
578,463,160.98461546565602,205.05643493492528,298626.4761544306,3.32899865000685,0.364904295214791,7366.996768567451,1049865.5,0.004390441815117867,578,463
579,43,65.53029261561164,708.8870574392702,218225.5858014581,2.8443008619632573,0.23079048063136065,7843.0206587411885,638749.0,0.0019822790887338098,579,43
579,99,210.46269822342526,857.516890998095,254510.32972816186,3.128742256404292,0.11953252389139214,6981.150256681717,838159.0,0.0015105760025266738,579,99
579,360,734.2764508451576,467.0567505546334,434985.99191941513,2.8542287496797303,0.052384569814480725,11893.811548420703,1196961.0,0.0010577036246714473,579,360
579,361,299.7815282737187,641.5459755660675,385773.1919618193,3.1281106055699466,0.12202089676843396,9652.948503066078,1289417.0,0.000981852869306705,579,361
579,463,160.48659967639824,205.58387282085968,321908.5951692125,3.342317210761031,0.396452926456583,8618.704020594712,1034228.5,0.0012241557609466282,579,463
580,43,64.38464700959594,707.3805700682447,231812.13380330417,2.9703446288395976,0.13414136103325294,6967.960033677031,440798.5,0.0058125399872541745,580,43
580,99,218.66396481366698,866.8543339870706,242434.02409854354,3.05700026388442,0.2458132866890808,6798.009788953202,578378.0,0.0044298802288777325,580,99
580,360,734.3851108666036,467.90952227333617,434477.8006364715,2.808441913380651,0.13214443155091957,14020.895189715977,900399.0,0.0028455491808487264,580,360
580,361,318.46938511916846,630.6299995801982,397768.5477761242,3.209318039952377,0.20751404275386215,9942.089316344056,1015296.5,0.0025235253543951547,580,361
580,463,162.0396375290064,216.2353330118635,269286.1627649087,3.2448711867526976,0.3813096141604995,7902.6863796580965,743722.0,0.0034450178304689257,580,463
581,43,63.5865884193074,708.140185731543,193780.85570023837,2.9486464441525606,0.17805442005551977,5977.815600007354,321626.5,0.0009342965855613181,581,43
581,99,210.26835306946478,858.1625705777966,198264.2174002439,2.883630807361759,0.10297595085051495,6808.067766675042,299277.0,0.0010040976089112366,581,99
581,360,735.2755637805544,468.1891370096515,436380.53880053683,2.6945954703551416,0.11341620097848516,14944.539000018385,839414.0,0.0003578949636491854,581,360
581,361,323.95094597681197,627.5426069935355,406491.46080050006,3.200796469508126,0.1841746899034312,10212.101650012562,1043667.5,0.0002878438125459894,581,361
581,463,161.0116676383994,206.83890189223786,283115.9888336816,3.242451192550226,0.3742117091330902,7389.244283342424,742693.0,0.0004045115630385359,581,463
582,43,63.350627762680574,707.5803637278699,197229.12823841508,2.8707939422344357,0.18564305221063146,5930.351919697218,258708.5,0.00027932295813474226,582,43
582,99,218.5330420794402,866.840623648349,218883.89812700643,2.8754952454149425,0.20700528690891257,6918.743906313422,426782.0,0.00016929121555510354,582,99
582,360,734.9682872697298,467.733971313282,437947.5038879431,2.7300588223652005,0.09157334492991784,14466.46453138261,868785.0,8.315111168299806e-05,582,360
582,361,328.2254615732109,623.5664185936618,411260.9202493056,3.118271651163872,0.18973963497941573,11052.019486708454,1031291.5,7.00470396128108e-05,582,361
582,463,161.05370100437827,215.59245001134536,270549.8428819443,3.37154561400256,0.38069723371828484,6739.036272383203,770880.0,9.371324373850312e-05,582,463
583,43,63.899618683033516,707.9776640505862,216806.7496456041,2.962525405217106,0.19455310066006365,5823.8687328489505,332900.5,0.0,583,43
583,99,218.28283909043427,866.1873966980237,215306.66224471878,2.9397641257002403,0.17589518248757466,6441.551780272324,436973.0,0.0,583,99
583,360,735.0142361257759,468.0697970333442,434848.86538605497,2.8208839684815756,0.14344729805013978,13500.786607968023,853447.0,0.0,583,360
583,361,330.82149021586395,622.3718790694587,418700.8657177011,3.185583966163732,0.1931496711349009,10853.573547582135,978555.5,0.0,583,361
583,463,160.48204105369118,207.33368406542974,292517.0431726405,3.3207606026921237,0.3846249899364717,7676.917875119071,799992.5,0.0,583,463
584,43,64.1990143043374,708.9004476581177,191258.7003887738,2.899018858998262,0.2208352215288356,6265.371219632245,304624.5,0.009780923762073283,584,43
584,99,209.77576863624935,857.8257415872789,230664.5877964608,3.110199044859008,0.06022356418172721,6842.444884598373,366519.0,0.008129538883821941,584,99
584,360,734.5700000443442,468.17309078860717,415245.7214906266,2.6822677446741805,0.1063212277747813,14097.085244172553,735969.0,0.004048989247394244,584,360
584,361,334.27150114245313,620.584876666635,412525.23135578627,3.080293725029163,0.21804858616999828,10881.960539361267,936365.5,0.003182511842606373,584,361
584,463,160.74297166319738,207.34489451986028,261331.93113466076,3.338051340346437,0.3680353812954579,6100.493029641923,698569.5,0.004265738235845749,584,463
585,43,63.55928634259601,708.4643065090462,189966.13029126183,3.0179475556724924,0.24262183614080504,5571.632313011869,218428.5,0.0,585,43
585,99,209.55133963276813,856.9653105293041,236573.2767826468,3.1073022226368225,0.18833415179185276,7251.965867729734,370503.0,0.0,585,99
585,360,734.8428743588081,468.0939745541041,432995.42546835094,2.6944402331346375,0.12256539794005906,14238.61591103033,733528.0,0.0,585,360
585,361,338.0101606434686,616.6366931262899,410001.3873511591,3.1798953211807075,0.2166044270138184,9993.562720164146,956921.5,0.0,585,361
585,463,161.01066033221946,215.67256123017188,309269.8126762302,3.3817285632488723,0.3599458969585638,7605.720300301916,828198.0,0.0,585,463
586,43,63.85240498152784,708.4900800092861,193309.82398824228,2.8362086517020617,0.17235385127463124,6850.218481865111,182818.0,0.0,586,43
586,99,217.81266604685794,866.0507539466647,196985.55097851137,2.9012588300567375,0.18779196470380008,6098.365233855526,314360.0,0.0,586,99
586,360,734.7869525146976,468.54565439832606,425548.93837342534,2.798177936520253,0.11279404462198941,14452.290211739808,753678.0,0.0,586,360
586,361,342.3816214906844,613.496127302047,381774.3714893117,3.170087215527065,0.21448702249229393,10442.406222355352,884422.0,0.0,586,361
586,463,159.33966896725548,208.3720649356186,286539.62674143084,3.4905119208201763,0.4465019156782643,6933.757731643954,774009.0,0.0,586,463
587,43,63.76614678405781,708.506204397627,185156.58385990304,2.8480933789526643,0.22874208438085256,6360.037230052487,202688.0,0.0,587,43
587,99,208.803079844283,857.5069887461544,209245.22486872683,3.222793536094392,0.060941940940215614,6042.035368549863,272511.0,0.0,587,99
587,360,734.9402790665331,468.72583538316576,438763.068408246,2.7315408574096955,0.10968321206030253,14946.087490623346,773269.0,0.0,587,360
587,361,349.28910934770124,608.8529307876464,378024.7128612447,3.168423332558441,0.18677562147563975,9460.555379703075,823388.0,0.0,587,361
587,463,161.68353155542198,216.0686497288242,250187.96453718972,3.325427548840388,0.31890476129274375,6916.54048768208,609520.0,0.0,587,463
588,43,63.34373379964414,708.8890256371461,176760.08510028003,2.949866548611081,0.19760950048319886,5381.848452149345,178405.5,0.007845121456585502,588,43
588,99,208.89580679567706,857.3522028266221,195596.55468280276,3.0120137780462017,0.08611197546427002,6138.670890732847,174392.0,0.00802572260443643,588,99
588,360,734.8894391421605,468.5428386650765,439966.11096320895,2.6871110414784636,0.14808385082315972,15893.271210253533,697376.0,0.002006552915574701,588,360
588,361,355.1522830956667,605.2810286934613,386399.90058791,3.133066303379336,0.16014825930282486,10006.874465715187,783562.5,0.0017858318209849752,588,361
588,463,159.31844841788916,208.4709459171516,263710.5741553179,3.3083941631515903,0.3941706320867527,6643.219183121847,682251.0,0.002051039959048839,588,463
588,498,453.28131246975994,34.83627329810398,387493.0885547528,3.32352071312269,0.2511667623799107,9165.960645066853,1028378.0,0.0013606763838315782,588,498
589,43,63.455162842326075,709.0225521531601,160169.29174079673,2.6716175723846467,0.11325514492337019,5701.819447083379,73440.5,0.05359973966369649,589,43
589,99,217.0574472512353,867.29367976278,198267.81259176292,3.1249923747183654,0.23379513693073806,5960.993058314441,209533.0,0.018837402892441096,589,99
589,360,735.1959177001739,468.0706393557404,462106.5488249847,2.6738662392769315,0.12529437518032238,15809.590285094822,748995.0,0.005275360552525678,589,360
589,361,361.7000973699594,601.9866787101741,415196.1251921624,3.265157999604362,0.22349775972914224,10280.553245498819,876868.5,0.004506325217766626,589,361
589,463,159.54401247348798,209.58034053387956,277747.7200359555,3.669512068114838,0.5011003675947162,6479.340280776566,747353.5,0.0052869426896123995,589,463
589,498,454.2104699175254,35.571435491888266,437917.0117767522,3.2980143718011337,0.2720649285917187,10453.335652986194,1012821.0,0.0039016175336083004,589,498
590,43,62.93414201252916,709.6701216402015,145319.72856291468,2.872075062716289,0.1514605778749646,4648.853875827839,81686.0,0.0,590,43
590,99,216.8550224354238,867.1153934431748,201450.33461920638,2.9808505640957725,0.2327821434365058,6198.4718344371195,238017.5,0.0,590,99
590,342,340.60825808865945,675.7628903906717,108473.25710264959,3.303197104489999,0.18629233417257104,2840.9662574503463,24395.0,0.0,590,342
590,360,734.8217945829686,468.0322794030584,481328.5559213602,2.6968386402237794,0.12257540110542972,17217.977317880886,792747.0,0.0,590,360
590,361,366.8472170055595,598.46046275295,409787.8601655651,3.132205977536325,0.1836576307073753,10416.876277317937,879306.0,0.0,590,361
590,463,161.3146754797894,214.37064340133057,272560.58094205445,3.382538491371473,0.40652286129439374,7059.370700331164,676615.5,0.0,590,463
590,498,454.79223678843636,35.784032114263084,414694.98370116117,3.45374849387102,0.3086344093533308,8781.168432119253,925149.0,0.0,590,498
591,43,63.52506172051261,709.3878211262215,169198.3848692885,2.8041624147415263,0.13005219126908316,5842.94033352115,140382.5,0.0,591,43
591,99,215.77374643580828,867.9204497775067,210345.8520067614,3.0230595245361758,0.2900205654222464,6501.299807720716,202104.0,0.0,591,99
591,342,341.6797034241975,675.5633496697782,116200.44719622342,3.4715558063660565,0.22915778857744915,3044.9125681729934,-52177.0,-0.0,591,342
591,360,734.7164723710046,468.1730083638328,448260.50699562964,2.7056502764391865,0.12804428027057382,15718.332446514643,683769.0,0.0,591,360
591,361,370.96717443850866,596.5562612519903,400035.6755105114,3.1498604835173825,0.22531905137582442,10616.046521468004,791104.5,0.0,591,361
591,463,160.98295464117527,212.26664167779595,258899.8632289794,3.395193116755448,0.39625457528084446,7241.954216195228,608454.5,0.0,591,463
591,498,454.9437521874778,37.62438825447596,409088.1182807554,3.417446098985165,0.3085722743047212,9793.097178718546,943922.5,0.0,591,498
592,43,62.39889591052074,710.2660626501628,146436.8187656792,2.913832036410967,0.22370878194066193,5613.136232280826,31341.0,0.0,592,43
592,99,216.00731501078624,867.749259258624,179125.08270660872,3.033833790015166,0.2723643500523366,5613.136232280826,81347.0,0.0,592,99
592,342,340.8377742984706,676.564391254581,111024.53282967223,3.516398123375933,0.36471612929037917,2806.568116140413,-32904.5,-0.0,592,342
592,360,735.0912860315683,467.92143555862464,441786.8399289262,2.6330442973956654,0.0800212681212201,16179.039728338852,669855.0,0.0,592,360
592,361,375.99201187958187,594.7982431309255,427836.5454692871,3.126967834983071,0.18445794231444207,11473.910827750513,803424.5,0.0,592,361
592,463,159.0490840629737,203.28226725007065,251187.84639456696,3.1288991448578334,0.3633781583905844,7759.335379917613,600870.5,0.0,592,463
592,498,456.73029382684996,40.064981676623404,428001.63771141303,3.5724489519071705,0.3350604006314162,8419.704348421239,960951.5,0.0,592,498
593,43,61.5746910220672,710.4686776619842,145415.1981463292,2.950782583142224,0.25945119725995835,4581.342298659147,54491.5,0.0,593,43
593,99,205.4922327377887,858.6048347915406,170442.90144455974,3.2630638767290074,0.22727146579727223,4326.823282066972,24649.0,0.0,593,99
593,342,341.91561720892645,676.3694917127536,107916.06303508212,3.3310526789118082,0.14208701711261998,2884.5488547113146,-119649.0,-0.0,593,342
593,360,734.6268130117647,467.92129221397886,489270.3895623574,2.6632578929712625,0.09540556879700524,17222.453456070496,761710.0,0.0,593,360
593,361,390.70810730349586,588.8112632449993,406297.1901533084,3.0554833142346736,0.19430000282100432,10689.798696871343,757251.5,0.0,593,361
593,463,159.71847477010076,205.64672825476177,293375.58645858016,3.4764347558834467,0.4325707558154565,6872.01344798872,662358.0,0.0,593,463
593,498,458.73598973558074,43.80650159821533,437857.54821073805,3.523552662805599,0.3369962550164576,8908.16558072612,985433.0,0.0,593,498
594,43,61.4406798290389,710.6224979950504,129796.4371717572,3.1731461676685755,0.3452845464988791,3771.722116172351,-43147.5,-0.0,594,43
594,99,204.7197203188271,858.504157078184,161692.08724112774,2.9569253808492952,0.11965767162025301,5001.631501880726,-9868.0,-0.0,594,99
594,342,340.9986209728081,677.2935293178851,124384.83587464035,3.140313501222311,0.14749322329644693,3443.7462799834507,-19513.5,-0.0,594,342
594,360,734.5788670725664,467.6705189904846,504262.8481404339,2.6678147934888066,0.1087535845241713,18448.64078562563,768885.0,0.0,594,360
594,361,395.24796758522757,587.1155824258324,386191.54711242986,3.1711946619317013,0.16445694232608546,9839.275085667003,695343.0,0.0,594,361
594,463,159.14303414122168,203.87150614226888,302639.7028433076,3.2855603067659294,0.39207818834250563,8445.377781864177,693871.5,0.0,594,463
594,498,458.73449054241803,44.17480586772084,441373.48155121226,3.36315227695259,0.3138097130797615,10331.238839950352,969844.0,0.0,594,498
595,43,60.66152965877624,710.1618933808583,147912.54234233714,2.99017427437636,0.2609392281885851,5257.96333501315,8425.5,0.0,595,43
595,99,204.09382025421021,857.9056448805841,187562.75765555105,3.2213100185008767,0.006612868625496802,4482.198252798095,96220.0,0.0,595,99
595,342,339.73479316316775,677.6548776200464,119209.2343003801,3.038556760581254,0.2639126714117691,4137.413771813626,-10852.5,-0.0,595,342
595,360,734.7674861186483,468.1865128377066,515108.0145907965,2.6505537296247828,0.11500623992388251,18101.185251684616,846565.0,0.0,595,360
595,361,402.70048080165617,585.8416913084735,385038.0691394056,3.1442806820300744,0.1785502236034416,10257.338309287949,742411.0,0.0,595,361
595,463,159.29349693008362,202.35871280508883,254709.53532727636,3.3565855667130946,0.37174345583203333,6723.297379197143,627220.5,0.0,595,463
595,498,460.3842272677611,47.26410944842499,410465.9246120102,3.488867517700963,0.3347220234383627,8533.415904365604,886124.5,0.0,595,498
596,43,60.26522681428232,709.7898227291455,141875.81660018096,2.962257570800375,0.19688348309507497,4438.954550667515,47463.0,0.12072955626455674,596,43
596,99,204.68334095820293,858.3387846363815,172009.4888383662,3.144257043773632,0.06692298629117915,4609.683571847035,64330.0,0.08925828528904615,596,99
596,342,340.8111708200253,677.391319554859,118912.76325153554,3.12735195053919,0.11205186402469929,3756.0384659494357,-82413.5,-0.07039915775618605,596,342
596,360,734.6457409367831,468.445172147377,537967.1457366669,2.709340660914299,0.14563836219539464,19121.650372106218,886017.0,0.0065156827157178835,596,360
596,361,409.8907452600365,584.4957833087487,391054.8230116901,3.1316524912434605,0.20164362105621475,9987.647739001908,783334.5,0.007369374901732344,596,361
596,463,158.55331841733576,201.6117488551227,279568.77218146366,3.0602599300867657,0.34556170489979293,8707.18008015551,601325.5,0.009598545029607617,596,463
596,498,460.16142736265675,47.597847831629906,435871.19107131404,3.4667578101248853,0.302070461328069,9475.46067546335,959411.0,0.0060174340776747515,596,498
597,43,59.67941321139624,710.4457963974351,142834.2490440668,2.9995003580732464,0.15361641653750335,4110.338101987533,-2108.0,-2.1032537872316794,597,43
597,99,203.89751459236044,858.2897867224165,178799.70743645768,3.2504788919203773,0.08447072797502948,4110.338101987533,-22524.0,-0.1791567125081101,597,99
597,342,340.57048537569125,677.4206984141476,116630.84364389625,3.366283544883308,0.27549292556109656,3254.017664073464,-86330.5,-0.04642446303389609,597,342
597,360,734.7925283530857,468.33270620377687,535029.0096087105,2.6624252708129204,0.11281608319461435,19352.841896857968,781131.0,0.005117165726075704,597,360
597,361,413.92343713685875,584.3954794208737,378408.00151422725,3.1178845219608955,0.1755811463873408,10447.109342551646,710533.0,0.005625455190600476,597,361
597,463,155.61903549280984,193.1399368636088,247476.60655716606,3.445020477437746,0.44705521424389827,6422.403284355521,597015.5,0.006694717625518611,597,463
597,498,461.29680638347276,49.44370562910479,435010.7824603473,3.4374042577933808,0.28031295307457815,9333.892773263357,991801.0,0.004030447395132658,597,498
598,43,60.092772256468386,711.375602874672,168709.08308465194,2.9801025826427305,0.16485562995094277,6022.337125480882,39665.0,0.0,598,43
598,99,203.83877546449426,858.7072782224512,177742.58877287325,3.176901931497562,0.0113603731521636,4767.683557672365,-12142.0,-0.0,598,99
598,342,339.12990114167565,677.3444823566196,128058.30748765597,3.086812725464591,0.2583503662183946,3847.6042746127855,-7798.5,-0.0,598,342
598,360,734.7756842696738,467.9080362376393,522855.9634914027,2.646476787296327,0.09520756386048233,18234.298518817115,797067.0,0.0,598,360
598,361,417.43793671585314,583.9416330962282,407344.19168183184,3.152717936978146,0.18518452622489281,10957.307825527716,730638.5,0.0,598,361
598,463,157.76091669617972,198.5237838326738,249508.77285152042,3.144630765024822,0.348360029096744,7611.564978038336,593179.0,0.0,598,463
598,498,461.6812602935404,50.75983562403775,460206.92867216404,3.3573110702886413,0.26092457346264625,10706.377111966012,1017684.0,0.0,598,498
599,43,59.27509854150147,712.0344636978198,157400.23740123736,3.0475982834287105,0.2361193637014962,4392.564764685693,21399.5,0.0057048507496632525,599,43
599,99,204.4753404408984,858.8923916004048,177085.43505038435,3.055977523143261,0.05961704887360514,4717.939932440189,15175.0,0.008063385064573173,599,99
599,342,339.78873357521024,677.1311297793183,136494.882873011,3.1504771948743135,0.1255649175253446,3985.845804992574,-16950.5,-0.007112142851254188,599,342
599,360,734.9053676803222,467.82032688940507,504494.1976033458,2.6770128756040057,0.09165777258517809,17000.852515172406,876208.0,0.00013857209525540662,599,360
599,361,420.36017888293975,584.7604290983571,409647.3362029102,3.214313450968997,0.2199667422002229,10167.973992327994,762547.0,0.00015923010506239594,599,361
599,463,153.1691944869053,188.99078786909806,226867.8357168222,3.3815562854161976,0.44356837715365904,6100.784395396797,543854.5,0.00022327307543459907,599,463
599,498,462.7373504011433,52.285951809655884,474885.05733768665,3.2455994399437533,0.21277720118537144,11632.162247223227,1024786.0,0.0001184789655932991,599,498
600,43,59.37508861806138,711.3438737306651,167208.8521467964,2.7662904013096696,0.09612181570226958,6046.607478789648,91560.0,0.041061401044563,600,43
600,99,204.62810061261175,858.8619561740146,148424.05824602323,3.3505980560149573,0.10781383990408952,3466.7216211727314,-51898.0,-0.07287993394227935,600,99
600,342,339.7082785997038,677.2923630253522,102953.57000552506,3.3193389346668094,0.16226099279708325,2982.9930228695594,-108397.5,-0.03482301009746174,600,342
600,360,735.2830745845678,467.4938989336437,523636.2076631835,2.6455767258711536,0.10462431255101144,18946.03676687423,850301.0,0.004430069972891396,600,360
600,361,424.12579241002703,584.0059892734727,403752.1367170474,3.224587300537224,0.1865344520734308,9674.571966063437,784367.5,0.004802364483205382,600,361
600,463,152.06319967500846,186.79367318235904,241299.9491202322,3.1182293844133584,0.27956343336844813,6852.821809294934,554318.5,0.006794687507003652,600,463
600,498,462.1538772596454,53.378218066154965,462041.4328125796,3.451839805917459,0.30814890268097644,10480.786296568724,1004490.0,0.0037501902672169266,600,498
601,43,59.20849032311746,710.9191137131953,159341.04453895678,2.8456278037715332,0.15189024914449248,5343.268260315367,28022.0,0.13376772128698014,601,43
601,99,204.4679462856302,858.90002256965,164365.31170910408,3.0187831847526523,0.1638363763994239,4864.766625063245,-57483.0,-0.06576115112212665,601,99
601,342,339.1551629911016,677.5543836435472,136213.46550177087,3.240551027246347,0.13894246565157625,4067.263899643041,-26549.5,-0.14284254084554443,601,342
601,360,735.1829378707114,467.53075703525946,517340.0179800864,2.6430114416134223,0.09479850919388949,18661.563774832775,793038.0,0.00475253670326844,601,360
601,361,428.82480822707976,584.3023121652209,407284.64187209826,3.128380294354468,0.15248510618689443,9889.033795210531,798652.5,0.004719133178172952,601,361
601,463,151.77554079229787,184.47812095446187,295793.7608583537,3.377801704004728,0.38684240164800665,7576.275891491939,687058.0,0.005485454978449226,601,463
601,498,462.270585357187,52.524325020954365,438227.7476184022,3.5737135547534544,0.33926065110842235,8772.529979622244,1001416.0,0.0037637698390012853,601,498
602,43,59.713234639316376,711.4011590499955,161133.85892801106,2.8628635409884606,0.1815420913327495,5719.25733849422,20721.0,0.0,602,43
602,99,203.8092721175422,858.7986644317378,179369.17218118103,3.1545964469434744,0.03089992276722526,4724.603888321312,44283.0,0.0,602,99
602,342,338.51000291389107,677.5785751545308,128641.84622236274,3.3272926364628335,0.2882241083080979,3812.8382256628133,38938.5,0.0,602,342
602,360,735.3043290506746,467.4288408971879,522690.38806586305,2.6565778071453248,0.08217765946453089,17903.76210311234,840768.0,0.0,602,360
602,361,434.71750607082845,585.3238737541093,420904.18499816884,3.081280430307016,0.16142823774416773,11106.963526930804,740110.5,0.0,602,361
602,463,151.02647886451626,183.56439730847885,330142.057669891,3.596522436738208,0.4114405004391612,7128.349726239173,884753.5,0.0,602,463
602,498,462.2405656906344,52.16693250120527,430933.6072874123,3.4286338255343045,0.2790037590327402,9200.544414099397,941526.5,0.0,602,498
603,43,59.095702846179975,710.2826296613049,147901.84204176322,2.621741675254201,0.061130415188421355,6003.074765224507,52676.5,0.05832638500023979,603,43
603,99,203.7420704022457,858.3290439738172,182789.27654690854,3.1897772217534164,0.07414956384494827,4785.059595468811,76660.0,0.04008555690658829,603,99
603,342,339.4758145364257,677.3225552011411,116842.45521299295,3.213778044982651,0.17778598747539304,3480.0433421591347,-36627.5,-0.08399582492838648,603,342
603,360,735.0624571665522,467.3407357596765,492774.1372497335,2.659595143566708,0.07450538688121174,18270.227546335456,800185.0,0.003841623930237911,603,360
603,361,439.0265760786927,585.1922230583734,395593.92691993964,3.1146976649227263,0.13727977088943316,10701.133277139339,739610.0,0.004156245481784342,603,361
603,463,149.80202637559174,179.83102672012848,348004.3342159135,3.4174917702900176,0.3842088980274872,7917.0986034120315,843616.0,0.003643856422537812,603,463
603,498,462.82290778584814,53.47324947653872,434309.40910146,3.528359237699077,0.312640959648233,8787.109438951815,939918.0,0.003270526158779541,603,498
604,43,58.62352517231972,710.1735158046305,146235.15501659486,2.6644727817484575,0.0763955426028083,5815.199146858742,31456.5,0.16266043778357211,604,43
604,99,203.9753137346346,858.3428710108277,197545.73572417197,3.152474462718967,0.06439791380915853,5473.128608808228,54199.0,0.09521776327083079,604,99
604,342,339.45430865275995,677.2546534313058,137683.391565332,3.3161565719878014,0.1423205755636208,3762.775918555657,-47114.5,-0.11240916163471898,604,342
604,360,735.0185427908871,467.5516712713669,481977.3881131746,2.6293708752156326,0.07011195830493637,17018.009268013084,763052.0,0.006838773309251418,604,360
604,361,443.87621816079644,584.6424185006292,373797.58045469946,3.113023837076037,0.17672112989950506,9577.975065414399,714922.5,0.007298748745988993,604,361
604,463,148.85842584311433,176.8396369899467,325651.15222408954,3.355158764668887,0.3491219488671192,7953.140009674456,765921.5,0.006813173862617116,604,463
604,498,464.2104528961372,54.64899112000686,424937.12589325133,3.457967138032375,0.30327889199028213,8808.316354800741,974364.5,0.005356625946608688,604,498
605,43,59.22326849628159,710.2635757662607,149409.67567774482,2.6788518601265086,0.11245827853280081,5914.808201993152,-6533.0,-0.0,605,43
605,99,204.4708236361475,858.9649559339613,180118.06346617502,3.0931701059824386,0.09604789436942933,5104.56050308998,11258.0,0.0,605,99
605,342,339.57093870637016,677.6514797942566,146654.83350147403,3.1143936029044488,0.2003701160048783,4051.2384945158574,45516.5,0.0,605,342
605,360,735.1104772907347,467.79266245516624,491739.3284643348,2.659293233343447,0.1087539744930568,17420.325526418186,737347.0,0.0,605,360
605,361,448.1514031215938,585.4891619539734,416386.29246633983,3.0023341765834313,0.13675955770775058,12558.839332999158,716128.5,0.0,605,361
605,463,150.10512056461553,181.28113508157088,333173.8537889841,3.260384487125874,0.3015643054631568,8345.551298702665,872053.0,0.0,605,463
605,498,464.6515141487022,55.999573748098925,430565.6271971453,3.507183874262739,0.3397975666849288,9236.823767496155,995541.5,0.0,605,498
606,43,58.76122296810897,710.2650304214492,161645.5530508566,2.7029592908573763,0.04400298367537094,5938.664002371682,28245.5,0.15995258294902293,606,43
606,99,204.55430877439306,858.6109013976758,181495.33409987978,3.0778775714990205,0.06413033768814125,4392.984330521518,29014.0,0.1557580717302232,606,99
606,342,339.7002761400299,677.8460740474316,138867.11578148577,3.1012025938056023,0.2339606606629303,4637.039015550492,31171.5,0.14507744050287089,606,342
606,360,734.8531637703094,468.4080008346096,465086.8781035467,2.7971474012013697,0.1367810179731403,15456.796718501639,759238.0,0.006009792894188314,606,360
606,361,450.4528019562614,586.402951104377,398378.5975289607,3.0685118142074956,0.14198194722829965,10331.6483328932,640518.5,0.007123195087319671,606,361
606,463,149.12582301320242,178.65694148972906,370800.41812068666,3.5039312216627545,0.39284323414706535,8297.85929098509,949489.5,0.00480596618422563,606,463
606,498,464.5930564758318,57.487879107753486,431081.9253228431,3.5273177037308967,0.31808479288632524,8867.320222719361,924928.5,0.004933545890199506,606,498
607,43,58.586170740977416,710.1015060075727,142893.2601341244,2.4834208971646423,0.072619132460401,5586.541630167356,39887.5,0.0,607,43
607,99,203.96294727736523,858.8738494223617,182784.6589620382,3.1008979812875803,0.08151142498739321,5673.831343138721,47854.0,0.0,607,99
607,342,340.2106148916945,677.66756152284,134338.86826293066,3.3602229264826344,0.28691602782351266,3578.8782318259628,-29523.5,-0.0,607,342
607,360,734.9907318249332,468.28924267251386,439241.8356719084,2.6786709800563164,0.11786972923571716,15974.017473759784,693405.0,0.0,607,360
607,361,454.93112439096416,587.5346080339519,386082.40047234716,3.227173792899479,0.21164301195339902,9951.027278735603,657168.0,0.0,607,361
607,463,145.99857734013165,169.42056120824415,347238.4782000897,3.3611583748634986,0.2750770625921977,8205.233019308305,773601.0,0.0,607,463
607,498,467.3266997165513,59.97206149330481,456088.75027538184,3.4792893736299866,0.2957934964680249,9514.578713878778,996977.0,0.0,607,498
608,43,58.35294029701426,709.790407787265,151608.344556941,2.75848493387852,0.09618271393181463,5273.333723719687,54290.5,0.09441653043066159,608,43
608,99,203.25464216588443,859.132320290161,185555.43040338648,3.201492769047969,0.08990086196840742,4861.354526554087,45783.0,0.11180979930723603,608,99
608,342,339.02419798392765,677.6085300226734,132822.09316618962,3.2691504879939934,0.259850242798581,4119.791971656005,-33803.5,-0.1545746287696783,608,342
608,360,734.7193934274161,468.3715319497199,435214.8238857404,2.756596851590043,0.1807238870993609,15737.605331725941,629844.0,0.008192961445173336,608,360
608,361,462.0462781733796,589.3666791940959,371934.81920110417,3.2377029550814846,0.17255933884993432,9145.938177076332,718033.5,0.007187253050743036,608,361
608,463,147.36309776303065,174.74961449059592,345238.5672247733,3.333993570253495,0.3114668128802853,8651.563140477612,856503.5,0.006025838049509697,608,463
608,498,469.7245156454312,63.30134599322198,412308.78052333306,3.4599455229212404,0.305616274631969,8816.354819343851,941186.0,0.005483897323592864,608,498
609,43,58.52728440655338,709.66806862639,164116.27535799154,2.5334850238189266,0.04711187965866571,6498.839976582121,32357.5,0.0,609,43
609,99,202.91000977120177,859.4660166767279,186245.23679723954,3.0697141359294497,0.0412676618320297,5593.93820769094,15815.0,0.0,609,99
609,342,338.48803688536,676.9116636697754,144537.49163107327,3.252860918454605,0.13815017595758766,4606.772641627833,87718.5,0.0,609,342
609,360,734.7171737640936,468.0895267432269,424974.7761901676,2.721169216487998,0.18642076552353049,15465.59386832201,614239.0,0.0,609,360
609,361,469.6414616993151,591.1481418502019,367390.1181698197,3.213830390201331,0.11292280728023486,8884.490094567964,692293.0,0.0,609,361
609,463,144.9895225158716,166.23899066463176,351430.9415184661,3.55277229937917,0.38592996706708355,7650.53313698908,905302.5,0.0,609,463
609,498,471.12941989603087,65.0848014131308,409262.3909303298,3.4570443703971274,0.2699544377750029,8555.434905880262,969444.0,0.0,609,498
610,43,58.10063021451995,710.0711802760247,167722.39659375133,2.8171886206177126,0.09199089369029101,5320.848443663835,56526.5,0.026975549893576686,610,43
610,99,202.53053583155713,859.5060409303829,194866.43503099293,3.0021097976323197,0.048084916008158146,5475.075934784526,83315.5,0.018298364657381137,610,99
610,342,338.46321037920535,676.7587996448244,126158.08773672514,3.327205043055358,0.08267243369495764,3470.1185502155445,18390.5,0.08301815085159273,610,342
610,360,734.6962503634743,467.8692317472542,406543.66659414116,2.6664256024069886,0.15043081114540946,14651.611656465633,645120.0,0.0023623414967042108,610,360
610,361,477.46757661156005,593.8284045270219,368449.4762873305,3.2546453904890664,0.19655397795240226,8945.194485000071,635749.5,0.0023971626155732087,610,361
610,463,146.66290839499231,172.65840838736398,317323.0629808215,3.271549734769699,0.3152035122726592,8328.284520517307,789387.5,0.0019305841770218006,610,463
610,498,473.0606173156785,67.93858243636427,409551.1026709946,3.487827502778163,0.32500267572243047,9099.42197612076,910727.0,0.0016733557276126035,610,498
611,43,57.8572264713374,710.8105847073653,170729.1224487957,2.610995662177667,0.06986177379737642,6802.618095627428,145517.5,0.01648738298912147,611,43
611,99,202.26212205910088,859.6332303753386,208060.56321748282,2.9984711681276015,0.12559934072583323,6138.948037517435,115652.5,0.020744554392295677,611,99
611,342,338.9391945124891,677.6662324609722,119709.48673158999,3.2641822337127038,0.213652291606699,3235.391533286216,-34739.5,-0.0690876574771446,611,342
611,360,734.8232093384278,468.02691311929345,411392.47727093194,2.7708766866141588,0.1675285234443599,14268.90624936485,663789.0,0.0036146024007345286,611,360
611,463,145.56054507819434,168.8887842492132,359294.37770929746,3.4639683061147832,0.382456896222155,8544.75199816616,866712.0,0.002768326613817946,611,463
611,498,474.01876324632616,68.78444697004034,408157.0857376457,3.5951073346935662,0.32675950717351565,7964.040697319916,920451.5,0.0026067028358831732,611,498
612,43,57.943270924655764,711.214501998754,188537.31677275995,2.597803664250946,0.06281664829839442,6900.712247891868,103914.5,0.036079711639339866,612,43
612,99,202.0969354126732,860.4795250924359,205378.3407110675,2.7633313228782392,0.10962392989323051,7065.014920460722,57390.5,0.06528862990405455,612,99
612,342,338.947601189858,677.8435133512752,123144.85309035607,3.1923022824561977,0.1893570814428457,3614.658796514788,7217.5,0.5143376611210354,612,342
612,360,734.5412655502305,468.0560396401642,394162.11149268073,2.80370742465245,0.1557707608558963,13308.516478077174,576455.0,0.006507865025055825,612,360
612,463,142.96679654238966,159.56521082585863,367955.83521794854,3.4145061754836115,0.34205154546516736,9118.798327571398,918450.5,0.004084791347816786,612,463
612,498,475.6317697440105,70.36591551159763,411578.1947849793,3.617709821323071,0.31574660901274965,7968.6796195894185,977457.0,0.0038382227734835932,612,498
613,43,57.77042337633672,711.7023698422116,188545.16382374443,2.7362690536674728,0.09566139770033323,5904.850715663158,103285.5,0.07065723973062747,613,43
613,99,202.05742364956805,860.0841138668465,181738.18313763273,2.9409041071597395,0.14011974968015092,5412.779822691228,49683.5,0.14544648505683413,613,99
613,342,338.9208328975902,677.5099139795022,115636.6598484035,3.2488950658548776,0.2316035498415353,3198.460804317544,30760.5,0.23222124711801828,613,342
613,360,734.1345761487142,467.35636223655223,371021.4533008351,2.8214631467096103,0.15015375393733818,12137.748693307602,563356.5,0.013052125892758327,613,360
613,463,144.78696317353183,165.49511750131688,328129.27379678184,3.2479012891872077,0.3167214257306737,8775.264257999415,835935.5,0.008801000254708218,613,463
613,498,477.40128601264945,71.45697953430354,408664.8766131877,3.539178955365998,0.2912122307420374,9021.29970448538,939599.5,0.00783099278474451,613,498
614,43,57.87073845126888,712.4284500153767,195284.223505867,2.628365366205752,0.06078189306659279,6841.705062273022,152047.5,0.015076948283018829,614,43
614,99,201.99322405444457,860.2221242650955,188189.12195980607,3.0711198900100074,0.10655173778604532,5321.326159545683,116373.5,0.019698648466532916,614,99
614,342,338.59332256658024,677.334636430751,121376.91573439917,3.4551505631530826,0.1539740807899299,2702.8958270708235,22524.0,0.10176674701777064,614,342
614,360,734.4198771604609,467.8445462492666,396312.1006442595,2.7856424611871184,0.19424199818044754,13767.875619142007,634166.0,0.0036148912571601975,614,360
614,463,143.99615480338926,162.65480476722843,368185.0909438037,3.2264464061907345,0.276209013855614,9544.600889343845,901146.5,0.002543919133256198,614,463
614,498,479.89362374546215,74.44910327140629,386345.1722819358,3.537821137317459,0.29516005240583876,7601.894513636691,899851.5,0.0025475801440647777,614,498
615,43,57.228268068122794,712.0748163784264,190566.9165999706,2.6580476653559746,0.064417753314027,6876.980033825026,173554.5,0.016623835559926605,615,43
615,99,202.27666242357665,860.648538727778,188909.81297736216,2.8478215743438433,0.089621186022246,6296.993765912072,80530.0,0.03580447888115364,615,99
615,342,338.4036899957923,677.3991807731015,126105.58568050229,3.011803324277027,0.12911631175270716,3977.048694260256,250.0,8.38675622331285,615,342
615,360,734.4014025473948,467.97961920956885,409718.8706899368,2.7879199185403687,0.17001027134969623,14416.80151669343,648529.0,0.004450515204435036,615,360
615,463,141.31404378682083,152.671397514088,379062.45367168065,3.433139683646981,0.3426576816113779,9114.06992434642,894856.5,0.003225549084985255,615,463
615,498,481.79616185781623,77.28536708559234,412370.2364861103,3.452685443120765,0.2541436527608303,8368.373294172623,975242.5,0.002959703465526738,615,498
616,43,57.44167060578685,712.3377763528151,202652.17171212652,2.8005529974196173,0.10071179022153078,7139.732391332602,153278.5,0.0,616,43
616,99,201.58625371786428,860.1571544762006,203482.37315297915,2.941493970910998,0.12777210590484156,6143.4906623094475,97347.5,0.0,616,99
616,342,338.3160685072214,677.7052434338435,122703.77295801844,3.250897658898737,0.242601562683114,3569.866195666301,69016.0,0.0,616,342
616,360,734.4858632140742,467.3113257268103,393847.5635404868,2.842774337846579,0.22948739581203026,13200.202909556787,567679.5,0.0,616,360
616,463,142.90695230392393,158.8552664825133,339967.4900291512,3.2613846808725335,0.295569620234854,8551.07484078207,892840.0,0.0,616,463
616,498,483.29451239608653,79.48833466955638,416678.103163934,3.588324251020835,0.3102009194230403,8135.974120355755,1033327.0,0.0,616,498
617,43,57.47557729209498,712.3950069863199,211388.6307643696,2.914278271423196,0.15856571067278857,6969.757026753846,197880.5,0.02843111948540899,617,43
617,99,201.93708314349516,860.3669601477261,195071.19960761647,3.022821978089878,0.1271388511755034,5575.805621403077,152628.0,0.03683403388635261,617,99
617,342,337.858894128022,677.2033246076264,119469.83515271005,3.3895960971961925,0.2776669075002719,3033.8942351752034,100036.5,0.0561054757407994,617,342
617,360,734.7235612767087,467.37038082637093,414167.56167216087,2.83003659119515,0.18816791003876976,13693.522629034027,615000.5,0.009163036480177088,617,360
617,463,140.64945668885704,149.32667318939525,364313.2996454981,3.451408621415087,0.37403116523271757,8855.691281051946,974479.0,0.005784531097385595,617,463
617,498,484.6737625805383,81.72854484467905,413511.5845402311,3.379171249629827,0.2537044963533884,9675.662695964162,983492.0,0.005731546036841339,617,498
618,43,57.06247407058472,712.8409797250455,218141.552572231,2.7901392665338522,0.13725585826286402,7422.585909830167,246336.5,0.0012055902153300646,618,43
618,99,202.34172908637336,860.0801734461232,189440.88705422104,3.1138602057465024,0.07408117957666961,5030.863783329335,147176.0,0.002018404801604933,618,99
618,342,337.9111944743926,676.815835018227,133029.23413951177,3.5988391046872206,0.17008131862441492,3133.9807174838484,88970.0,0.0033403466936990666,618,342
618,360,734.3019046481088,467.225138129428,404118.5662018646,2.858463980275178,0.2104947885748955,13608.074168021973,641999.5,0.00046247364979753157,618,360
618,463,141.59334856041642,155.13512547320272,351088.3135349669,3.214696402800728,0.27550732785891857,9566.888506003326,845990.5,0.0003509458944147735,618,463
618,498,487.04341788222337,84.54433398244171,396613.5071152586,3.532959800090267,0.26527139938664057,8082.371324037293,931028.0,0.00031888809202058703,618,498
619,43,57.3693667881117,713.4042672549173,212112.5814198284,2.946760799502764,0.21099371280869578,6455.600304081734,258513.5,0.0,619,43
619,99,201.78074602672206,860.8478703337606,175223.43682507562,2.943324293165271,0.11020667842443671,5952.566514153287,45891.0,0.0,619,99
619,342,338.0157675467542,677.9315154255805,126848.35402695667,2.992610418732782,0.16113935386410166,3772.753424463351,45633.5,0.0,619,342
619,360,734.1127511351712,467.17927938617714,380377.38415089383,2.9691307265468567,0.26467894577376755,12575.84474821117,531641.5,0.0,619,360
619,463,138.36362213533886,145.69487088227396,359082.28704392293,3.4341815058306824,0.36895074361164576,8216.218568831298,940528.0,0.0,619,463
619,498,490.78842000281713,87.71101714427594,390857.2547744032,3.4949249225842056,0.23439759634113405,8132.379603843223,948135.0,0.0,619,498
620,43,57.7498359461737,713.0602646438938,208672.99741335516,2.889348030324722,0.20242581025551704,6880.219076856163,164974.5,0.006560638022060638,620,43
620,99,201.931676898268,860.6531908472596,177752.4834444251,2.789683048634685,0.08130854246374235,5827.950276866397,38375.0,0.028238332854423842,620,99
620,342,337.65413087302727,677.1187003775743,145051.20689089698,3.1598061649411346,0.11504613998483855,3804.3564307322313,153010.0,0.007073844484513268,620,342
620,360,733.8599346299653,467.1037608351149,389582.2872577496,2.9199443852520353,0.2591542996671872,11574.956799887426,576024.5,0.0018784885946531327,620,360
620,463,138.69560173768895,143.239656888169,338344.89107363246,3.325269352690483,0.3213162993021,8499.094153763495,910921.0,0.0011878239477912207,620,463
620,498,494.3838546962163,90.96117178122694,359633.0983349639,3.589315677923388,0.3140721270298305,7042.106584546897,922864.0,0.0011724510336674672,620,498
621,43,57.25445645344958,713.4028943543409,198056.83135326026,2.878311557033887,0.17178192794496308,7027.823048018912,198445.5,0.006445365800410984,621,43
621,99,201.48059834888045,861.1548373096356,167230.24389263184,2.926593150569264,0.14957015065556262,5111.144034922845,96345.0,0.013279400223252882,621,99
621,342,337.8107834865333,677.1500329500044,131052.92752044358,3.3703912039648394,0.32794631073811537,3753.4964006464647,160362.0,0.007976529669694256,621,342
621,360,733.3922751099328,467.1797498834124,354505.75579722674,2.983207488673489,0.28551770745510663,11659.797329667741,542442.5,0.002357566931015428,621,360
621,463,137.87213876967084,143.50913751490165,374311.43893255276,3.4968363281008625,0.38452167048611474,8625.055558932301,1005725.5,0.0012715088582348764,621,463
621,498,493.98834290152416,90.66458200545841,349474.4733878496,3.5245936662093404,0.27630512437668686,7027.823048018912,897325.5,0.0014251202587548097,621,498
622,43,57.53531429466507,713.3071332718304,227919.31636387113,2.915851193700982,0.21599432133654117,6649.724766269034,305587.5,0.00474460516990159,622,43
622,99,201.49790000031948,861.1946312194019,169484.859980282,2.9071793900420455,0.05081802660941969,5153.536693858501,93464.0,0.015517767459117513,622,99
622,342,338.2888669494099,676.8251433450214,115705.2109330812,3.3178158928503816,0.0758267861909231,3491.105502291243,114215.0,0.01269738684019313,622,342
622,360,733.450612233802,467.0936546037253,360996.9332488302,3.025488468714846,0.27501448009565677,11387.65366223572,579660.5,0.002501112489507727,622,360
622,463,139.54978403068387,148.98371065484156,349692.40114617284,3.2564868250378165,0.3205627665980504,8644.642196149744,897947.0,0.001614525369458786,622,463
622,498,496.5160380518278,94.21115492185137,387595.83231390634,3.5434861691816497,0.2733850546176739,8145.912838679566,952393.5,0.0015222219236864494,622,498
623,43,57.673680942899715,713.4984571167008,203615.5810929576,2.680274168760389,0.11591141328758935,7487.743893096644,237176.5,0.009467005193021611,623,43
623,99,201.34503776827242,861.6359831260028,163794.39766148909,2.8340233435327082,0.08664187737432667,5615.807919822483,72458.0,0.030976165229650392,623,99
623,342,338.3636648049526,677.2541044736817,124994.27021544284,3.311284006229533,0.2343215934888376,3488.6079501927547,131965.5,0.01701234333340888,623,342
623,360,733.8002091681152,467.06337623170435,392340.7623985071,2.97159983038447,0.27653124476646995,11997.407828711668,627422.5,0.003579074861561525,623,360
623,463,136.0168275763903,140.63059708145582,361028.3788455575,3.4017297453544044,0.3782100239248731,8764.06387487448,1013392.5,0.0022159704921448998,623,463
623,498,498.16071224305136,96.71598431883984,370558.2347094987,3.59020225597472,0.26262846310053334,7232.479896741077,983894.0,0.00228240558268341,623,498
624,43,57.64396513999863,713.0784103758305,215366.94873936236,2.8548427673802115,0.15982416303116895,6850.093789419922,281704.5,0.007475725633916039,624,43
624,99,201.36439425759679,861.4307045012498,181755.82187927526,2.9315473472632556,0.14947681509000108,6302.086286266329,97480.0,0.021600117192438983,624,99
624,342,339.337107027797,677.9086418068252,115081.57566225469,3.096849397448347,0.19760074686846005,3562.0487704983598,148226.0,0.01420648927419071,624,342
624,360,733.7556948998732,466.30497389850626,388811.3234874748,2.8921982815316487,0.20543858461739675,12695.50715639159,662030.0,0.0031812106292339734,624,360
624,463,134.8918919027063,137.53199021029272,337663.9565264727,3.183802324423773,0.26639498960063984,8859.454634316433,962440.5,0.0021882730532217084,624,463
624,498,500.14827573203877,99.61911328513625,332275.2160787957,3.5547241484119287,0.26860875917012755,6850.093789419922,957553.0,0.002199442038153924,624,498
625,43,57.900039714233436,713.5216394661452,221325.87666903948,2.7592041510496848,0.09049032256666566,7767.2854831021405,291719.5,0.0010201833025806962,625,43
625,99,201.58604891036472,860.9197338337478,168959.3390571573,2.838893771310398,0.0922189708436886,6096.901508241465,130658.0,0.0022789781250489374,625,99
625,342,339.02984199646147,677.6742770212237,111581.64952069311,3.228452290435274,0.2037883375086734,3424.2871484643847,146853.0,0.0020274347747331004,625,342
625,360,733.5797314254602,466.51455281541547,386944.44777647546,2.852250598602545,0.2612965925146192,13530.11019637147,717531.0,0.0004146590248585353,625,360
625,463,136.0101075240382,141.10742521994018,384605.9102116705,3.691260918185516,0.425575486280429,8184.88147681731,1133524.0,0.0002624659358097784,625,463
625,498,502.6481696509168,102.44714525781441,372078.0304002155,3.5076315708484223,0.24674629496985237,7767.2854831021405,1006691.0,0.0002955381783517396,625,498
626,43,56.997782504114895,713.5206424505594,251710.30148438053,3.0287825205410894,0.2037592108271473,7432.719585968768,409691.5,0.0013896497086664376,626,43
626,99,201.73177680521954,861.0111612061704,156170.62500855725,3.007744015731911,0.09209262401354323,4843.794786361669,121405.0,0.004691856795646953,626,99
626,342,338.22987913123814,677.0229947291705,133037.32921851962,3.421159372214946,0.10568174306034811,3841.6303478040822,152342.5,0.003738496862905055,626,342
626,360,733.5237000949115,466.3932314010196,370550.30115666764,2.920284147075749,0.25770028171499093,11691.918449838511,633778.5,0.0008982395813875673,626,360
626,463,137.31224585907907,143.51543580596973,334138.326555742,3.1285464754798977,0.2506917223899517,9854.616979149601,939744.5,0.0006057598601412009,626,463
626,498,504.16497524430036,104.22895795632017,346080.78611521993,3.5278812261676196,0.2277011385240575,6681.096257050578,952014.5,0.0005979518356142122,626,498
627,43,56.61375550922233,713.5206840964383,253643.6056675908,2.7593102586422344,0.12812532647988373,9271.11110371194,374391.5,0.006996212347683577,627,43
627,99,202.4164191474631,860.7889434398205,146063.73153961264,2.8129299405245414,0.08784127179404637,4897.945488753478,26347.5,0.0992664562237087,627,99
627,342,338.5088617228227,677.6391162412408,143964.61204443258,3.2501986106245058,0.27143784909663565,3935.849053462616,210605.5,0.012436012074795902,627,342
627,360,733.4557558586562,466.5510807037543,379765.70200299285,2.903642148156501,0.2992759930929077,12594.716971080372,649103.5,0.0040354851883675925,627,360
627,463,137.3506783983089,141.34709087787317,345829.9368309152,3.4744897333904308,0.3595016500980974,8134.08804382274,1016193.5,0.0025777661098763676,627,463
627,498,504.15300260909737,105.42650732931236,359561.6768618848,3.602311482578094,0.24917781254835164,6822.138359335201,1012354.5,0.002587540977272286,627,498
628,43,56.94603103438044,714.1881906348742,278914.09755323874,2.950009476348022,0.20542836770055795,9356.543208654974,397527.5,0.008893913804251861,628,43
628,99,202.33018756405718,861.5732897557839,143466.99586604294,2.8396045564949848,0.1474840195502461,4633.716636667225,65004.5,0.05425527700598939,628,99
628,342,338.5011722696237,677.2609909572004,150506.6807563643,3.2501764765129892,0.23154742631986305,4455.496766026178,302018.5,0.011704693144998446,628,342
628,360,733.2851763961718,466.50020282985906,379875.6542713919,2.9378981605373853,0.2219265498752946,12118.951203591205,702748.5,0.005032126334673482,628,360
628,463,136.95725948785918,139.98542157030553,352608.01406331174,3.3014650487751727,0.3173611240373291,8910.993532052356,1067792.5,0.003312114073929338,628,463
628,498,505.12251881663224,106.20709365662266,355994.1916054916,3.5725276334991647,0.3000587924220559,7574.344502244503,1032944.0,0.003423834250569726,628,498
629,43,57.00785433640157,714.2833914256527,275729.8255862737,2.809029147851017,0.16922745925830385,9150.326070340941,462011.5,0.0,629,43
629,99,202.16329604786915,861.174967119393,156688.44070926678,2.7233387543746694,0.05295490445577916,4967.319866756511,162077.0,0.0,629,99
629,342,339.3629732777022,678.1517383097502,132984.73888895503,3.483343628029043,0.32309968882285245,3485.8385029870255,223471.0,0.0,629,342
629,360,733.2450147620825,467.01854670343545,389803.8905965241,2.9802614679201698,0.251442392339809,11677.558985006535,773355.5,0.0,629,360
629,463,133.34238003020585,131.14752412415896,361045.72294688114,3.5132245589820217,0.37701240684775933,7843.136631720808,1009816.0,0.0,629,463
629,498,505.4628057115187,106.96115712634251,360435.70120885846,3.645829073406372,0.29291865297541436,6710.239118250024,1010183.5,0.0,629,498
630,43,57.0316106763766,714.8009149806865,308257.3380094651,2.8046890509880567,0.16346614003665852,10623.702026794357,485084.5,0.004167456441202691,630,43
630,99,201.3374247100132,861.1579249062447,159100.56155327227,2.9272701030841444,0.15088178770943428,5014.3873566469365,128911.0,0.015684688320057864,630,99
630,342,339.03993346297375,678.1489273776689,126974.48662424616,3.2510939359629636,0.2791294235420679,3824.532729645968,189031.5,0.01069542780092824,630,342
630,360,733.4284224356273,466.8218514729373,397156.4765696802,2.8516723330754368,0.20591424081130855,13088.400897010648,742791.0,0.002721523666974263,630,360
630,463,132.36114056994376,128.34881454400266,352111.97997607215,3.3216062116463183,0.2829591969472229,9178.878551150325,1030585.5,0.001961505870152561,630,463
630,498,506.5709584454563,109.53455031749343,333839.21248998586,3.637011317528297,0.2565545416651641,6204.241983647904,992981.5,0.0020357900243086514,630,498
631,43,56.91134745599179,714.1662173688145,266000.52421958937,2.80468021112167,0.15386672653065034,8598.366326217814,443286.5,0.0,631,43
631,99,201.5216696741174,861.0514911957264,141964.51636478773,3.006972138763339,0.09016099265191592,4207.7111809151,100911.0,0.0,631,99
631,342,339.6509619300049,676.7696285908105,131902.59832346902,3.409926766777407,0.22587322191650286,3475.935323364648,256488.0,0.0,631,342
631,360,733.2358846374216,466.46195243787304,415923.1030352383,2.9402450044454973,0.21077189134987567,12897.54948932672,750890.5,0.0,631,360
631,463,134.37859715885367,133.21560639940964,376864.5666384829,3.673805201721258,0.3984016406035205,8141.006415248781,1167058.0,0.0,631,463
631,498,508.0515654062642,114.57841465429598,361131.3857011482,3.6810187017831635,0.24631341451528038,6128.622806985038,1062160.0,0.0,631,498
632,43,57.556859329966755,714.5628697692845,267651.58376102924,2.8158473035639044,0.1653378565877174,9104.396673509249,443115.0,0.009580956917038374,632,43
632,99,201.5363497256643,860.8086586304555,166354.1217431496,2.903056398106052,0.1330709758206413,5303.5320428209225,206581.0,0.020535507003722402,632,99
632,342,340.5544689938136,676.7324838842075,133737.39967980093,3.116911210220658,0.1276581081421868,3712.4724299746454,266073.5,0.015948953261975162,632,342
632,360,733.4856810618678,466.58802256483796,408637.14389935206,2.775234252603656,0.19089126084761962,13965.967712761762,831200.5,0.005109212781722882,632,360
632,463,131.08825860480806,124.25053245621763,335183.2251062823,3.2689321989785878,0.3003805967214613,8397.259067799794,1019444.5,0.0041660506938874485,632,463
632,498,509.6259803025839,117.23475821936958,338984.0897369706,3.5665767005838145,0.2689273656565066,6541.022852812471,1031822.0,0.004116089938818204,632,498
633,43,57.21629037135408,714.8383846208977,273602.90507335303,2.960960945305792,0.13351967743541182,8097.282237373377,530041.5,0.001253554286544213,633,43
633,99,201.9441330504818,860.7997163965987,145921.54937245496,2.911064936654722,0.12313351418769185,5114.072992025291,129561.0,0.005132744819718185,633,99
633,342,340.79990751868894,676.9960820006352,138932.31628335372,3.162180656298353,0.12742370943294215,3665.0856442847917,231547.5,0.0028705663407844295,633,342
633,360,733.4202536951121,466.28949171373057,402648.01357212453,2.756986353078017,0.14510221677395257,14234.169827803726,851158.0,0.0007805443463750094,633,360
633,463,131.4199672205598,122.58007815994156,330028.1770853654,3.3445017788544127,0.30589460981391775,8012.047687506289,953649.0,0.000696644452211834,633,463
633,498,510.57519336710243,121.74953050933603,325255.0422928085,3.5770568110905634,0.2723694416633747,6989.233089101231,990016.0,0.0006710503055055439,633,498
634,43,57.273979026351626,714.9520745599807,279461.7299527615,2.8067642159066133,0.10996906897522378,9810.326383540963,483069.0,0.00044422110684171545,634,43
634,99,201.00815022154873,860.7175067296276,175260.15512217776,3.008393033409945,0.13226259177546287,4595.828576073244,198220.0,0.001082928184588837,634,99
634,342,340.4936790860559,677.2593271565273,141852.0166268761,3.173291970724436,0.20465600870023132,4242.303300990687,235788.5,0.0009103051674279263,634,342
634,360,732.9546058443987,465.73144335250674,397097.26523648243,2.946741439314175,0.19438645815722963,12196.621990348225,756740.0,0.0002835481065783873,634,360
634,463,132.69107764489766,128.81968949215587,345836.10034951166,3.511435809816337,0.38282650042776245,7777.556051816259,1050371.5,0.00020427409007966536,634,463
634,498,512.6515984873812,124.9201882128036,340179.6959481907,3.68159882581786,0.2703329040258672,5921.548357632834,1023333.5,0.0002096718830926907,634,498
635,43,57.30167341742354,714.9927605903325,270656.36439726304,2.8848662043178077,0.13678882874654744,8656.006378679365,429799.0,0.005944673473771371,635,43
635,99,200.87614201730673,860.5713894438343,195786.3710806446,3.1258909395414003,0.14652268729215923,5532.7051080218625,283476.0,0.00901364684860051,635,99
635,342,341.1893213635075,677.1829876465202,135997.46104234384,3.149490647482967,0.13155003345837468,3926.435883112289,290214.0,0.008804341462932052,635,342
635,360,733.5251623102183,465.5611841219608,384166.05629087286,2.8497407017768355,0.21191743491289305,12671.679440953298,749207.0,0.0034101401594811113,635,360
635,463,132.18252426070143,127.82778788367683,337762.72312681854,3.3616848012230576,0.31710573944377923,8477.532020356079,1034581.5,0.002469460964506933,635,463
635,498,513.81886376017,127.53264666965825,325180.28086502687,3.6230524879452335,0.17046989579376082,5889.653824668434,1062939.5,0.002403575809995624,635,498
636,43,57.245900731291826,714.94715873365,288452.80050174904,2.8427740051350567,0.21491020809192665,10009.130977625751,477977.0,0.004439134935654652,636,43
636,99,200.88360058132758,860.9211104598967,194574.05478056957,2.9926739817386743,0.15658576082842673,5522.27916006938,337462.0,0.0062872687748127655,636,99
636,342,341.1742564626339,677.7111230519417,139782.69123925618,3.2790016547497887,0.22145588768422952,3365.1388631672785,252023.0,0.008418320542416318,636,342
636,360,733.5875632070761,465.3677263503698,363780.13966957043,2.8875181230281375,0.1808972141236134,11648.557603271349,825205.0,0.0025713555550329844,636,360
636,463,131.72748388633508,125.5458726915983,339965.3107917712,3.3184991409104434,0.33570937127025297,8283.41874010407,950514.0,0.002232383728184713,636,463
636,498,515.8795984617691,129.95996790584974,362140.7130439248,3.670585122209438,0.23615904304591467,5867.421607573717,1097895.0,0.0019327227072487424,636,498
637,43,56.69668427411763,715.0217318771679,289345.92149724404,2.7987128544115305,0.13053362493321188,9880.520133553226,545857.5,0.0,637,43
637,99,200.2304768493424,861.0132361407051,203232.07791946546,3.078873744943258,0.15153326552847193,5536.498350697928,307208.0,0.0,637,99
637,342,341.4457115946272,677.835300889001,124954.50893036708,3.2088196455055575,0.22425179983117954,3577.429703527892,184538.0,0.0,637,342
637,360,733.2559269576129,465.9957318860885,359787.2158976623,2.888595981168748,0.21959274369629952,11754.411883020215,748899.0,0.0,637,360
637,463,129.60420689458766,115.40237181478724,334489.67727985786,3.3541494166393124,0.33741251145613327,8688.043565710594,989725.0,0.0,637,463
637,498,516.3234793569358,131.97733804261551,322905.6191922437,3.5897506432652118,0.22630770544389686,6388.267327728378,949343.5,0.0,637,498
638,43,56.39897331425732,714.7725801896045,279978.83988008986,2.7954433600431723,0.1388665456316169,9498.19282506374,478945.5,0.0,638,43
638,99,200.34450014369614,861.1045194440609,207130.31509336247,2.9311263864157437,0.10183099882569113,5925.478092700315,279653.0,0.0,638,99
638,342,342.06856309321745,677.4881468182659,121385.16151664028,3.2198683274233444,0.1046054112244661,3485.575348647244,192177.0,0.0,638,342
638,360,733.4425895503235,465.94240985331345,374350.792444714,2.8834433946335527,0.20659403087153866,12112.374336549174,706324.0,0.0,638,360
638,463,129.15953698851055,113.6536762854626,323548.53173818043,3.392336224183072,0.32168606626432145,8191.102069321024,1002667.5,0.0,638,463
638,498,514.6539320072277,130.78118223856103,325552.7375636526,3.642554225374905,0.25910377222052916,6099.7568601326775,982102.0,0.0,638,498
639,43,56.215153798862794,714.1635721301686,256674.71276844083,2.8380994849828243,0.14774511124581535,8670.845174528507,380417.5,0.011395272782033252,639,43
639,99,200.17553364153213,860.9419839176628,201464.43328981032,3.038835155793141,0.1618216800388924,5662.592767039026,311999.0,0.013894341889408487,639,99
639,342,341.92455858510334,677.7171247343227,121745.74449133905,3.1557210873895922,0.21068299916271138,3539.120479399391,235600.0,0.018400374464469862,639,342
639,360,733.233271976642,466.67224273249667,365060.2774500472,2.913438533954239,0.2290713488906663,11502.14155804802,733961.0,0.005906077149674681,639,360
639,463,128.9753641666939,112.28322570803392,316131.9368223506,3.400128411661103,0.38216583713993085,7786.06505467866,1005622.5,0.004310556142915837,639,463
639,498,515.8247480712837,131.20398245987985,337986.0057826418,3.650503802281434,0.22872440414083017,5839.548791008995,1045293.5,0.004146958097175034,639,498
640,43,56.70702477730835,714.424417707549,246656.01191941273,2.887099126365745,0.18402083398399893,7677.044547692565,442669.5,0.0025892957850523397,640,43
640,99,200.2476441237035,860.9651942321779,206702.3607249697,2.9495220818264962,0.23162606075095726,6521.360422233469,319148.0,0.0035916418959642594,640,99
640,342,342.2998299229402,678.1288330018623,125556.82534452033,2.82062936822141,0.20621866117720022,4209.992171315277,211436.0,0.005421879280235433,640,342
640,360,732.9949421611293,466.52425706497877,346705.23763772874,2.9358214555806383,0.21982638843320332,10566.254861340305,729861.0,0.001570351298439614,640,360
640,463,130.6988378775462,119.70466150721315,332011.5394711774,3.3231778001181955,0.329414270873108,8832.72867315166,922250.5,0.0012427399704315176,640,463
640,498,515.6420288384969,131.6806053795855,352648.7559972326,3.4751660429707854,0.18394508885785563,7099.202484963017,1052051.5,0.0010894028597544874,640,498
641,43,56.26135053136787,713.9317647567162,251405.95144864245,2.732749878198184,0.13586848756307898,8941.215846499836,436828.5,0.0029504638167043794,641,43
641,99,200.54795547793952,860.7885535716956,185486.39932542798,3.150974284471212,0.14487052533348205,4645.925881024425,250636.5,0.005142792021133774,641,99
641,342,342.2742459731336,677.4519408652815,132540.37607752698,3.130643053100421,0.16958007267531527,4207.6309865881585,171894.0,0.007499420849943141,641,342
641,360,733.3636454590359,466.28737209721544,370972.79865085596,2.747356522895079,0.07675224215496114,12622.892959764475,704829.0,0.0018285043059759682,641,360
641,463,128.54779294167113,109.49841831402789,325477.7886083715,3.384586662878479,0.33859597379207174,8853.556867612582,967548.5,0.0013319793447079474,641,463
641,498,516.477902223875,132.6859462511926,351863.14125343476,3.452034487463988,0.15510643088005974,7538.672184303784,973889.5,0.0013233063131329061,641,498
642,43,56.26983098834165,714.5314912385584,274329.94371950405,2.843993588597077,0.1248288708507139,8816.219720158788,423101.5,0.0,642,43
642,99,200.65012307343758,860.2958577771692,208935.84793114176,3.0822402297816422,0.17424459002783435,5221.256339123165,279118.5,0.0,642,99
642,342,342.5268371465893,677.4742617514555,131900.9183375213,3.2253658822879094,0.08402094348607927,3252.585916175087,236646.0,0.0,642,342
642,360,733.0916176052272,466.6727289362927,369168.5014858724,2.918714847298779,0.21556118717327724,11555.23943904307,662848.0,0.0,642,360
642,463,129.63849919501058,116.08161044213966,346143.61697400134,3.4441280179683074,0.3692729032779953,8217.059156652851,1026769.5,0.0,642,463
642,498,515.9798449585332,133.2749294592029,347256.3437347981,3.612142314141162,0.2383402732377356,6676.360564780442,1034091.5,0.0,642,498
643,43,56.994395693582916,714.6686457287803,239830.15458318003,2.800454305464896,0.21511789804675757,8419.480574522482,290735.0,0.0,643,43
643,99,200.6488821641278,859.9274005343965,206318.95467270442,3.0797481203579755,0.05437928986421783,5668.561178886424,310717.5,0.0,643,99
643,342,343.6075137976839,677.6315306573786,137962.77575083871,3.220215601421349,0.11462247885465078,3751.2537213218984,242255.5,0.0,643,342
643,360,733.455129290791,467.593127505013,384628.5482262053,2.8490030499890637,0.19671633979116318,12254.095489651534,740857.5,0.0,643,360
643,463,129.97823408525034,114.87419869921435,314021.61707154644,3.309012237158543,0.3528636250187933,8419.480574522482,920706.0,0.0,643,463
643,498,517.3498922651379,135.24244392605965,325525.46181693365,3.5927797846940215,0.2578760647923221,6085.36714792219,999377.0,0.0,643,498
644,43,57.65502521552542,715.287764966173,258980.2350669213,2.8260420774169455,0.12445902726699291,8207.735029093257,419449.0,0.0,644,43
644,99,200.68652609763637,860.2498901887967,196636.37537785122,3.059432027995621,0.08031352321170286,5500.9287960944175,256071.5,0.0,644,99
644,342,342.35428790285346,677.7571959883869,126346.72964997812,3.4508094259956503,0.19204069524331838,3143.387883482524,178546.0,0.0,644,342
644,360,733.4529602873306,468.85603468250093,392224.95479454164,2.9471071890271174,0.25901147674555863,12748.18419412357,698601.0,0.0,644,360
644,463,126.71643311211155,105.33799635219344,343939.0242510462,3.272703231773347,0.31499079311399397,8731.633009673678,920938.0,0.0,644,463
644,498,518.4344784641793,137.3003622971907,334683.4932607921,3.5150156822613434,0.23755560447558102,6548.724757255259,903146.0,0.0,644,498
645,43,57.86078524114357,715.1751203398185,264580.7958236764,2.8663273026092737,0.13556704938000882,8503.104060639127,373643.0,0.0,645,43
645,99,201.22794203373235,859.4719332723615,197182.50784829468,3.145582467584059,0.1591611693887753,5280.875153449562,221312.5,0.0,645,99
645,342,343.05227869337926,678.2416359753324,131037.30889237559,3.005118584169023,0.20277211415382793,3938.279775453911,99251.0,0.0,645,342
645,360,733.7731633808669,469.00488677164236,429182.9891659433,2.9773213006351615,0.25215890180415357,13336.447421423472,701594.0,0.0,645,360
645,463,128.94798607924213,111.33734706294041,346837.1393155433,3.348528805504041,0.2582367139101952,8055.572267973909,983663.0,0.0,645,463
645,498,518.2706686664442,136.73738543787246,334664.27455504943,3.4953834222855216,0.20661727505694488,6802.483248511301,924466.0,0.0,645,498
646,43,57.33724679522278,714.1236669796917,242394.2926910518,2.8444523358476395,0.13141936420562245,8252.10648517984,242363.0,0.0076912261189822076,646,43
646,99,200.99628293878362,859.3630498561953,200861.7127986082,3.099260816263045,0.08611137081248389,5803.679286280328,185619.5,0.01004241022838601,646,99
646,342,342.271025272497,678.5697294157044,125323.19958811582,3.131581347596387,0.20981226529666375,3899.347020469595,131405.0,0.0141856441848477,646,342
646,360,733.8099991901973,469.54455002279707,436182.7713595059,2.9048314474416133,0.23189672856803306,14509.198215700819,694047.5,0.002685798546049739,646,360
646,463,128.46192271338595,110.18063278778651,316844.6160353666,3.3950028936612036,0.3528449207734748,7798.69404093919,892956.5,0.0020875284972581617,646,463
646,498,518.0475247941437,137.69547636781934,319474.4082119624,3.47877877828537,0.26378209520166973,6710.504174761629,886271.5,0.002103274369890108,646,498
647,43,57.91573642961826,714.7071402137467,249455.54040226236,2.837026414056219,0.14508841643194306,8102.128703068788,271685.0,0.0105981922842862,647,43
647,99,200.58058928696553,859.8639433100818,195711.4200052394,2.950995029669382,0.02700309066081591,5941.561048917111,239911.5,0.012000949629743317,647,99
647,342,342.91090694983507,678.5539066266249,136745.9277773499,3.236355365226896,0.21505585846017722,4051.064351534394,115197.0,0.024977024925563036,647,342
647,360,733.7877847393049,469.5379498222623,457320.1534621049,2.782467607044504,0.18896904296838063,16024.210101624936,721017.5,0.003994813429000443,647,360
647,463,125.03833895595073,101.04294789055282,308240.98532563925,3.318913514373017,0.34099912785487274,7832.057746299829,790839.5,0.0036421823706330706,647,463
647,498,518.8629308897978,138.3240410441773,336598.43578637997,3.4990924586574947,0.23823421722720986,7111.86852824927,838605.5,0.0034347638499721573,647,498
648,43,56.53035553295803,714.6076497189849,247804.04910615366,2.7986970808600327,0.11589159742818883,8029.822239310179,286125.5,0.0,648,43
648,99,200.05707192321398,859.6736134594368,214937.799940605,2.983883730961336,0.10338734250385838,6442.531796655841,212786.0,0.0,648,99
648,342,343.40955192642485,678.4665286466086,137440.67832865796,3.1319487960165575,0.13527141441224552,4201.65117173207,33137.0,0.0,648,342
648,360,733.095223180634,469.6978683953122,437625.3120424047,2.9638674646094465,0.24840488068800076,13912.133879735078,603524.5,0.0,648,360
648,463,127.36609303122876,107.1017211878807,327542.05134302453,3.382537825904037,0.3506635273181219,8309.93231742565,805559.0,0.0,648,463
648,498,519.8844052006558,140.09523395245287,303826.06472924794,3.478443583026038,0.2192717190109605,6349.161770617351,731086.5,0.0,648,498
649,43,56.65464124603414,715.0289780565182,243753.31613718357,2.715245155102099,0.07649568310249638,8541.706024726094,230467.5,0.012929157470626383,649,43
649,99,201.07976427473415,859.8292733253982,189715.7864439164,3.2057412951117614,0.0786964369083727,5484.674394824124,107894.5,0.027612432449684324,649,99
649,342,342.54101847174127,678.7202775673117,123360.21753604422,2.9970831300832708,0.12670968904757413,3686.420494881788,11826.0,0.25125099183128224,649,342
649,360,733.3352264843344,469.85989922017495,419982.1983315325,2.823995720684286,0.21557946845101686,13576.816944564633,520212.5,0.005728440016930951,649,360
649,463,124.00468954922923,98.5147124754234,353986.2802036487,3.51274033749854,0.3486734357807548,8002.229854743393,916229.5,0.0032525627627379744,649,463
649,498,522.5769759296765,140.78811194001005,300757.96476535563,3.442806238841547,0.2131804045995408,6743.452124783758,726158.0,0.004103877870410057,649,498
650,43,56.92065828179657,714.7455425255638,252867.79047258,2.7802566588962927,0.13251299176582462,8653.61674888152,166107.5,0.03182419578823011,650,43
650,99,200.88736901133967,860.615043177322,178628.86783743853,2.9343487958465118,0.14648982242183525,6011.986372907161,67199.5,0.07820471401107884,650,99
650,342,341.93636631659024,678.7385560358617,158862.18536894076,3.2576656245079723,0.19227644234080343,4190.172320511052,98493.0,0.053524322021626144,650,342
650,360,733.3124116392096,469.5767008704691,429310.48144714325,2.8636531266530767,0.23821329098360897,14392.331013929266,558069.5,0.009499033435727045,650,360
650,463,125.99277320579648,103.32537189604425,345233.76292906277,3.5673689705484155,0.3707469963157335,7013.984101725022,890548.0,0.005955303133043348,650,463
650,498,522.5909693588079,141.97378678370717,336671.23688280105,3.5170426134166677,0.2074709052127779,7013.984101725022,791352.5,0.00670116801055491,650,498
651,43,57.07763556060863,715.3677439197936,258049.37431237492,2.8564725207339188,0.08765088997959243,8352.837873747672,245235.5,0.0,651,43
651,99,200.8316259997595,860.7022115911597,199401.7892413806,2.974490474499406,0.15767610737322177,5953.618484479724,98436.5,0.0,651,99
651,342,342.3277511491886,678.6761188071007,126803.1877216801,3.1972088387833963,0.20680492520911184,3732.1190499723643,-11475.0,-0.0,651,342
651,360,733.9808355085338,470.0164560329695,456918.0036894737,2.9704233727893703,0.24076285373759085,14217.596380847102,610932.5,0.0,651,360
651,463,121.6507951768643,95.83330643046757,329670.5160808922,3.3995401623401778,0.2881379202613367,7819.678009465906,774271.0,0.0,651,463
651,498,523.4110980780963,142.93617579862132,294659.6849930562,3.5046066530384135,0.297229551964544,6220.1984166206075,669504.5,0.0,651,498
652,43,57.65577951904762,715.3874088513597,243282.81148174137,2.807617905754483,0.110116466634969,7822.026821480906,185962.0,0.01594541355556068,652,43
652,99,200.9385655877672,860.6777381157299,207994.80411665136,2.9403616266926242,0.06908801348266747,5688.74677925884,67587.5,0.04383165212099918,652,99
652,342,341.7685769981312,678.5879869908402,141152.02946035998,3.274587289164496,0.13380343552748217,4355.44675287005,-58545.0,-0.050762068465726874,652,342
652,360,733.6403635685126,469.70932427100024,437411.2953239493,3.005785926300979,0.24719750832971832,13688.546937591585,513679.5,0.00577451699693223,652,360
652,463,123.1618295591774,98.95557266817823,345235.8201662709,3.7896207647573013,0.44453654581415547,6933.160137221712,815382.5,0.003638124629221344,652,463
652,498,522.3443091027011,141.2556405318161,284348.45229451614,3.5391791857942305,0.24151291330994967,5688.74677925884,585950.5,0.00506241008175322,652,498
653,43,57.528332232982834,715.2770733301213,247668.19243301245,2.7528384047813943,0.11402533899024475,8155.922912173845,103809.0,0.07416802579418579,653,43
653,99,200.7111295487802,860.8045882178805,205076.1505583268,2.9403406574098385,0.11694698213685181,6071.631501284974,-10647.5,-0.8022120344813276,653,99
653,342,341.12462746891686,678.972305350091,150793.95250952532,3.1696805832764916,0.18507612676269403,4259.204187468564,-26779.5,-0.3009703269853857,653,342
653,360,733.3776562691277,469.71558808303274,426736.01103807375,2.8849607473039933,0.2584703631572399,14046.311682077177,440703.5,0.017593867802370176,653,360
653,463,124.51791644329467,101.01601872375443,308384.50744586217,3.2713504496347676,0.2634735672432837,7702.816083719743,683377.0,0.011354896455789602,653,463
653,498,523.3588196300507,142.25644808366488,303219.0896014854,3.5905168315651355,0.31917471941376696,6343.4955983574355,583092.5,0.01330458089117463,653,498
654,43,57.334911895777886,715.1901027530819,245889.4403763898,3.003115296155683,0.17545042527538687,7461.712022713311,87429.5,0.0520932257663994,654,43
654,99,200.52780023492585,860.7462459292951,199991.2350273742,2.9865206941913147,0.1278719285100858,5726.430156966029,-22662.5,-0.20418610040544674,654,99
654,342,341.74314718126703,678.4139769888955,150275.4095737146,3.2123642484415007,0.22736307698795646,4338.204664368204,-31150.0,-0.14803851652261266,654,342
654,360,733.5519799448937,469.4698596288459,425057.2930147966,2.910413060808973,0.2628602153148162,13969.019019265617,447173.5,0.010211685840568677,654,360
654,463,125.39086365117677,102.26381148135205,304368.4392520732,3.042037290697331,0.17413970981461882,9196.993888460593,641112.5,0.007123981212366495,654,463
654,498,523.9107769959749,142.89143652102905,307318.41842384357,3.5785924761939487,0.23214886287687275,5986.722436828122,609365.0,0.007494962628758032,654,498
655,43,57.63760920703646,715.1164980527192,245343.3299472396,2.9751470871029984,0.20935872664108637,6802.150811298326,72208.0,0.09670098307166863,655,43
655,99,200.21586083424754,860.6212278869177,223166.45469944505,3.00820034423652,0.11960773976481479,6243.0699226984625,16032.5,0.4188575430484022,655,99
655,342,341.8415281018223,679.0201740237388,161108.47606486033,3.3089429623447573,0.2380659443916098,3820.386072099059,-109210.5,-0.06516648845729985,655,342
655,360,733.5511746105321,469.4837735375167,417819.7840802971,2.9617694882178274,0.27193883562665633,13883.842066896581,410672.5,0.017163473135614126,655,360
655,463,121.1513508554855,98.55593689921704,366291.16218100983,3.4202771231413696,0.310168561282769,9131.654513797752,721474.5,0.00977815993025893,655,463
655,498,524.451498202836,143.48752584939797,292399.30473772803,3.5824086879707324,0.265311842933874,5777.169182198578,480353.0,0.014678014460665077,655,498
656,43,57.80444735451863,715.177610354285,242624.84163518288,2.980022242479258,0.20130992072458398,7421.054889885047,8141.0,0.0,656,43
656,99,200.33071879508478,860.5496746459967,220012.45085306256,3.0540761209211786,0.11932155405829542,6198.763496256921,-58755.5,-0.0,656,99
656,342,342.5468497474657,678.7458651221871,139690.44498607147,3.435658597707287,0.23401689523632693,3492.2611246517868,-240354.0,-0.0,656,342
656,360,734.1491278650876,468.9169790951427,406761.11449381686,2.8819888317842763,0.2396880268533131,13532.511858025673,332712.5,0.0,656,360
656,463,122.40567734019852,100.4087568708624,461327.694566501,3.55264825361713,0.33107237932629857,10040.250733373887,935825.5,0.0,656,463
656,498,525.043342900065,143.99243862693842,312382.75760010234,3.5488289190208198,0.2885193133198221,6722.602664954689,467156.5,0.0,656,498
657,43,57.41308406920486,714.8006008730005,246738.93738069586,2.8520291882570823,0.12770144687982932,8440.62017992014,-15262.5,-0.6671745206855639,657,43
657,99,200.18643087138668,860.3158586789593,233779.60134687906,3.0201728760640356,0.1001845777929646,6223.891647819903,-89590.5,-0.10637124935593291,657,99
657,342,342.6514639288016,678.9237636151813,127206.11422667527,3.1971627837743486,0.204348270086107,3410.351587846522,-223058.0,-0.042389714379784366,657,342
657,360,733.8514417725125,468.87822309652915,421945.75020631094,2.8343503893702304,0.20580565666916417,13641.406351386087,331588.5,0.028267279204432793,657,360
657,463,125.50583753357819,102.54598924349916,534998.9053434231,3.5189413475037226,0.30759482463064347,11168.90145019736,1053813.0,0.008915845613120177,657,463
657,498,525.9485506601295,144.02060470834138,325688.5766393428,3.4930372028542096,0.22824876011099568,6735.444385996881,508781.0,0.018445145991170517,657,498
658,43,57.17229756248908,714.6246550753315,248532.29947011638,2.886989910581894,0.15168440483972329,8215.94378413608,-36516.5,-0.21016809082746046,658,43
658,99,200.46910681384378,860.6915881422645,233640.90136136976,3.1550297073423024,0.1412174226206686,5306.130360587885,-64462.5,-0.11794831857266817,658,99
658,342,342.18065063065075,678.3498898795136,131711.8487894315,3.4356613163933467,0.23655793339646258,3166.5616668024472,-213551.0,-0.03530441761718126,658,342
658,360,733.8713336566101,469.0916152368156,418841.9674954372,2.909056079592369,0.263117788253543,14035.57063123247,340034.5,0.022041643832315782,658,360
658,463,125.97002924546062,102.79789244770421,633483.4988559922,3.3718881698205436,0.2386569228381123,13778.822387978216,1147752.0,0.006540536707234449,658,463
658,498,526.7185037455667,144.18589479999142,298769.3724001985,3.6209312253874644,0.2916880666569356,6333.1233336048945,411275.5,0.01823076792349622,658,498
659,43,58.26430698827876,715.1683041747351,258694.07360001054,2.747979218750372,0.1312008351383104,8862.822172463193,-34906.0,-0.2624896273880788,659,43
659,99,200.3447419363556,860.7171068349096,237874.80264771494,2.8283028501739844,0.09830815939873862,7775.872283387518,-62427.5,-0.14453334388169023,659,99
659,342,343.3881810362257,677.9623642946024,123076.17205533791,3.2868934388356537,0.10309895013525398,3428.0727270848197,-307805.0,-0.02886879716229312,659,342
659,360,734.0473592498165,468.71418242372795,399830.33611999045,2.8681101867774266,0.20133877460212904,13294.233258694789,284123.5,0.031025494174171813,659,360
659,463,126.48704168049497,103.71351668127969,659945.8057287922,3.0298360097603956,0.10507041601735514,18561.759644215366,1187051.0,0.007449532844660112,659,463
659,498,526.8128223405735,143.912467555472,334446.1197155922,3.3983819679370946,0.1456023314829177,7106.980043956333,469043.0,0.01882452673945651,659,498
660,43,58.150844719956936,715.2478466524506,267553.0714985843,2.8194894514385336,0.15639516675152615,8462.541239092603,-82832.0,-0.12352200500265748,660,43
660,99,200.1274830041998,861.066509827662,237891.43705449207,2.988359257656398,0.15846574361128712,6838.417162903113,-139969.5,-0.07254284107156059,660,99
660,342,342.8422202719647,678.4954695428619,140443.99248312268,3.1780209891034366,0.2727889146647659,4103.050297741868,-317570.0,-0.03177750110603236,660,342
660,360,734.0754095430216,468.6819743242871,401842.4885350942,2.8458592945614174,0.22077432837017497,13334.913467661072,223570.5,0.04461684464859665,660,360
660,463,126.32322097124836,104.12187317825737,686491.6029409363,2.8359012585421097,0.047666584221380835,21199.09320499965,1232960.0,0.008135444405997148,660,463
660,498,526.9601483625569,145.03092607423093,332261.593902555,3.431905866274284,0.20310470068535028,6923.897377439403,413033.5,0.024225940304961998,660,498
661,43,57.99219987012715,715.5522088980165,274663.6585512674,2.8641579400945867,0.12751038933817319,9076.14912761647,-52929.0,-0.25349212756826955,661,43
661,99,200.51777276147817,861.0187231298569,237125.41070306723,2.9707480099105035,0.13581676820227828,6696.964404843222,-124761.5,-0.10451197485365579,661,99
661,342,342.5238099184105,678.5415234327083,148302.51438619924,3.08947574329202,0.18753130224686432,4670.251492851194,-260803.5,-0.049460169510352134,661,342
661,360,734.1958916272654,468.31261558980367,382696.268555712,2.9644839117455044,0.2584704646419881,12424.631330038083,187828.0,0.06710196010987003,661,360
661,463,125.41849331161183,103.60874455104155,645287.7675877225,2.9395567910978655,0.06489812212411442,18857.241876795386,1158781.5,0.010999466555148957,661,463
661,498,527.9205760914612,144.90868308881656,300834.69050177315,3.549466324564984,0.21791081750417007,5903.902830585472,407640.5,0.031142315334530837,661,498
662,43,57.99295081840192,715.4011769925196,279686.9690831126,2.789572484676375,0.12055699759754691,9732.858778596137,-45262.0,-0.154721547543262,662,43
662,99,200.46437643039704,861.2367501026773,234296.45496111427,2.9300763525929097,0.13392862379564327,7432.364885473414,-97212.5,-0.07145904674076117,662,99
662,342,343.08186421314826,678.2009980678956,124934.51450343405,3.188928261358454,0.2133576031426457,3362.260305333211,-325978.0,-0.02120614396205712,662,342
662,360,734.2243751034509,468.15579734195927,398870.2488537399,2.958489806360494,0.2424592263812732,13360.56068698197,265493.0,0.025917353808388093,662,360
662,463,125.21019948726675,103.91011152480134,707313.3916008866,2.902726195238434,0.09417214294426389,21058.367175508007,1184303.5,0.005821533819182127,662,463
662,498,529.186101394758,145.74209678268414,327024.0549608302,3.446954236205277,0.21666498376755974,6813.001145017296,429488.0,0.016036667811991232,662,498
663,43,58.09593183977306,715.1459515725894,247853.51054280123,2.840204369739308,0.15950801517569982,8317.231897409436,-99742.0,-0.06430138625095683,663,43
663,99,200.29043057409677,861.401714912282,250655.1044450865,3.149660815917578,0.19183178126880218,6653.785517927549,-119239.5,-0.05373173696794506,663,99
663,342,343.33222681683094,678.0254027118863,137803.4000686574,3.3083775683390027,0.19670332825616635,3852.1916156422653,-353408.0,-0.018065983716973148,663,342
663,360,734.1403656728822,468.47235094418386,389684.2018459937,2.960763410514215,0.245727728222938,11994.323894158872,211315.5,0.03007157120303764,663,360
663,463,125.35332714964395,104.01243268033649,698997.6786201784,2.78990450271484,0.08193115934440759,22237.651599389443,1190747.5,0.005349609566763435,663,463
663,498,530.3833393950582,147.64667310742095,299595.4479256325,3.5328466227791187,0.20890589190497177,6040.936851802644,357443.0,0.017799358786648966,663,498
664,43,57.52422703291151,715.3138911185678,296676.5228714652,2.966708570095123,0.15281925466177673,8857.3245078386,-11529.0,-0.0,664,43
664,99,200.34319692780565,861.5182907257116,255546.96649348197,3.0071979537914655,0.17179312389056872,6840.310015954563,-111134.0,-0.0,664,99
664,342,343.101550878334,678.1259989863223,137770.85942390535,3.211314338954899,0.2281956958139489,3858.6364192564197,-324198.0,-0.0,664,342
664,360,734.5694648982326,468.0919892068854,395422.53669152723,2.9998891086180706,0.2445668345169114,12102.086951304225,185260.0,0.0,664,360
664,463,124.95316501411209,103.52022784329615,727265.2687475793,2.8138732294738333,0.06695434252216312,22362.55197523607,1245195.5,0.0,664,463
664,498,533.7377687520687,150.0674043100194,280365.01437188126,3.5870688411908094,0.24196638388141392,5700.258346628802,311177.5,0.0,664,498
665,43,57.2121700439008,715.2491583061552,298288.6838369,2.8400145130735184,0.12019342343007021,9706.290405057307,-88836.5,-0.0865572420074056,665,43
665,99,200.27891649419652,861.1458903026914,257036.94961540645,3.0968628385124584,0.15555390041000008,6380.987210732118,-105272.0,-0.07295815315443589,665,99
665,342,343.8400314355931,678.0427434495446,140381.71863610658,2.927200355393289,0.10770743608340695,5122.764380446912,-299982.0,-0.0254984308543023,665,342
665,360,734.6899169650474,468.124584301959,396430.0645991461,2.998110188415639,0.2908776558379432,13121.466658688581,225479.5,0.033749832138515526,665,360
665,463,124.74080594939369,103.40918516249764,725185.7155408093,2.851316137844562,0.02633772096591372,22917.630123051975,1194207.5,0.006387489011286688,665,463
665,498,534.3757531152869,151.08395783217685,289031.7587283731,3.3964790079936154,0.14162671802981708,6111.36803281386,362577.5,0.021011557075334843,665,498
666,43,57.16497730726816,714.9991176490659,275136.822880584,2.81619967990585,0.10660329588857632,9795.62704821567,-76671.5,-0.11557620808303691,666,43
666,99,210.21938992100618,869.7297692125594,238446.18472630248,3.0419292124132893,0.3385502042062912,8420.802199343296,-284047.5,-0.0308064578613726,666,99
666,342,342.13375068626584,678.1137422867572,152949.2644370517,3.3697264250641,0.2173051322110012,3952.6214405080773,-307442.5,-0.02845220579964767,666,342
666,360,734.5741301583195,468.24333845431573,396722.8954527346,3.12188332777466,0.2993036399805899,11686.011215415185,210546.5,0.04111397787872854,666,360
666,463,123.89732647434516,103.21233067138466,698239.1701210573,2.930233148690639,0.05609460838619079,20278.666520867526,1137534.5,0.007648284220076316,666,463
666,498,535.2399304615467,152.13118199294402,265770.8285976409,3.5174958761776267,0.20381691192871515,5499.299395489499,295871.5,0.029309507274039994,666,498
667,43,57.65141202621645,715.2025270933558,276659.9238440517,2.7943989338754998,0.1435325450483931,9624.47552904671,-90745.5,-0.049715718745084805,667,43
667,99,210.87819718984295,869.7984286410764,242099.30717156583,3.011302645243492,0.3360818866831026,8399.54227989531,-314448.5,-0.014314837466338376,667,99
667,342,343.06470254704686,678.3846383586612,140692.33318824644,3.3894223814098456,0.27179184537932355,3324.8188191252266,-324182.0,-0.01388465503460322,667,342
667,360,734.3850416410504,468.58670954916744,403965.486523715,3.0723003878116804,0.28072866054391415,12074.342027349507,175778.5,0.02554235455907473,667,360
667,463,123.78984078601543,102.94831144937407,706611.4942961929,2.830199589725435,0.08045242356473056,22311.284180971914,1138748.5,0.0039482096313769866,667,463
667,498,535.6907679701686,151.75671671332665,276397.438147805,3.455317825114588,0.1522466395772169,6124.666245756996,268910.5,0.016705716231362622,667,498
668,43,57.78646492471975,715.1291254851477,271697.6362513589,2.860486987120096,0.13240269171944152,8482.180559933979,-109745.5,-0.036291402498338586,668,43
668,99,200.58512510947384,861.7069988507371,254911.84735380535,2.979968147081142,0.15703830066980246,7767.89167067638,-134108.0,-0.029690153352017745,668,99
668,342,343.3613391068263,678.2246838280852,152143.5334118684,3.197985721677997,0.1359221297656794,3750.016668602391,-271637.0,-0.014648630125884712,668,342
668,360,734.533008746476,468.4279336701455,406073.2335429446,3.0069547061938167,0.2636213228486473,12500.055562007969,195248.5,0.020349009644738104,668,360
668,463,123.21471141403478,103.35186862747166,653127.9031149164,3.1530995719225174,0.18262903174280057,17053.647231025156,1136834.0,0.0034974331168083077,668,463
668,498,535.7238261014124,153.3839216396217,309019.2307150684,3.5273726341409803,0.26209072602659506,6517.886114475584,354547.5,0.0112105693799203,668,498
669,43,57.67039429440379,715.1592449556654,284277.3281148034,2.9222543458604964,0.1483506692359399,9199.91353122341,-85765.5,-0.08215624890360912,669,43
669,99,210.59077259792204,869.8176155637009,236605.0489075548,3.1824456648996984,0.3867457624653141,7109.024092309,-274205.5,-0.025569424336686592,669,99
669,342,342.7754083441006,678.4967413570589,140256.8635623787,3.3175236290370025,0.22544379007302584,4014.5077227156703,-255815.5,-0.02741199430451371,669,342
669,360,734.6456036218107,468.18264799043067,390410.8760340989,3.1143928808487,0.28138788308343987,11458.074125250974,240200.5,0.029049047002208277,669,360
669,463,122.94610913653148,103.88048744346844,663146.4944460947,3.029617953035419,0.15998138757363675,18901.64052778628,1110903.0,0.0062936440186375795,669,463
669,498,534.6424453881352,153.63701888485792,300920.8080485621,3.518196958500097,0.26538872518086476,6105.397161630081,393550.0,0.01774759191852178,669,498
670,43,57.75684415546223,715.5120896373248,292256.56127375487,2.7349054448385948,0.0978150368052206,10595.881821072282,16824.0,0.49917000352968344,670,43
670,99,210.52073204436886,869.9296394234692,263869.0868426732,3.1878552878902484,0.34248697470961453,7591.079513604023,-176351.5,-0.050418237213041776,670,99
670,342,343.3706528502652,678.300795160553,150714.5578430132,3.3737148266228143,0.1665453646151743,3558.318522001886,-284399.0,-0.031202938916920445,670,342
670,360,734.4362027366474,468.43325210983045,415058.08715528663,3.020252967266666,0.264232568062239,12730.872934273413,316473.5,0.027872980420254653,670,360
670,463,121.59876795177404,104.77360273793897,619226.4965732615,3.2001308873755585,0.2218408613115064,16210.117711341923,1042562.0,0.008477642962414024,670,463
670,498,536.7871513340871,154.2301991825213,278497.7296553476,3.475802621185841,0.2049945993925219,6325.899594670019,317975.5,0.02774168925733414,670,498
671,43,57.77289926466688,715.6030731754519,303259.9182008137,2.841121566297588,0.11544109099074572,9389.361943208247,26628.0,0.1237962944737138,671,43
671,99,209.63788898314698,869.9718675544218,300871.39630298,3.191917660598315,0.3150988309262841,8483.370878512715,-83643.5,-0.03967858479352613,671,99
671,342,342.20221879438856,678.5511206709483,141581.69456469276,3.2436450599842113,0.25437813864642234,4035.7783790982817,-238682.5,-0.013890087470690097,671,342
671,360,734.2538904424396,468.563677103201,432734.27762821165,3.0079200112472515,0.2451853712296943,13013.326201990378,326600.5,0.01014091161425666,671,360
671,463,122.53223940512981,104.70854606559271,655278.6282470598,3.1232234769349803,0.19249234467900306,17460.91870140481,1185407.5,0.002794847974232913,671,463
671,498,536.3859335937493,153.74850303995356,309931.3069499354,3.639552994604075,0.16929516875775308,5353.583564109966,421418.5,0.007859976384778289,671,498
672,43,57.494463999733874,715.2425447475093,289000.25182114006,2.7701632130469855,0.08848935061926003,10045.893069422276,3795.5,0.786939130717239,672,43
672,99,209.25406475385194,870.2763235252324,312387.09088675515,3.1987986553804864,0.3370005693399736,9402.95591297925,-41448.5,-0.07435011773635636,672,99
672,342,342.47248105619167,678.2795656862626,126899.72125294221,3.3877550241809407,0.25188539157061457,3937.9900832135327,-194256.5,-0.0158308978162744,672,342
672,360,734.4184577185422,469.3911408153752,459619.699712208,2.9923841081674456,0.19915982429212725,13099.844562526649,443569.5,0.006927320118317137,672,360
672,463,121.8527814226305,105.73324322951534,646151.8422252409,3.132818577384584,0.20763872383902826,17439.670368517072,1209965.5,0.0025399329187593992,672,463
672,498,536.1410506992273,154.60885733500902,273489.39292195207,3.4352240147822535,0.20750029484736252,6188.270130764123,437790.5,0.007018740358757082,672,498
673,43,57.74383653402917,715.2420000359671,294022.6283300785,2.8005144132579294,0.12043935293434002,10138.711321726845,108684.0,0.0,673,43
673,99,209.83111876267154,870.4529854633154,311438.31793917384,3.129899676890342,0.304044363780899,9321.073311910164,49161.5,0.0,673,99
673,342,341.8816700197521,678.2111167133431,140551.97388748746,3.267143890774481,0.24677652877464595,4088.190049083405,-162749.5,-0.0,673,342
673,360,734.5958280717359,469.4900695765461,464663.68097881984,3.0399128042543664,0.23456430073080808,13572.790962956906,502234.5,0.0,673,360
673,463,121.68095145289095,105.38471574057193,668664.3644280818,3.2189218022635773,0.2150956889557878,16761.579201241962,1235271.5,0.0,673,463
673,498,536.5426908227987,154.19476704990592,291815.00570357346,3.621137472243102,0.22591071666428142,5314.6470638084265,512698.5,0.0,673,498
674,43,57.31933822519609,716.3930631830318,341622.0479609659,2.806410828410586,0.11724679520370793,11410.27935178515,667198.0,0.00027342494358017784,674,43
674,99,208.3117562584102,871.5944128879032,392668.0345347416,3.2092217462705586,0.2524268748104553,10466.572036975851,752589.0,0.00024239626571253046,674,99
674,342,342.342480622805,678.7640222526709,128944.73583257955,3.4491843848691266,0.16647490999830883,3002.7050925750395,384229.5,0.0004748550642436577,674,342
674,360,735.3356078092922,471.32889546323895,638289.3111073799,2.8313481343813085,0.08124155506093514,19217.31259248025,1317353.0,0.00013846857622946843,674,360
674,498,530.234994755367,151.58081189339111,330554.93490547506,3.380874744945013,0.22790987741580593,7892.8248147686745,1096846.5,0.00016630897292270813,674,498
675,43,57.66581958678908,716.8224649905909,355136.3426267824,2.8388016951027195,0.1139827765941042,11686.073698824683,683494.0,0.00764857978285479,675,43
675,99,208.09876471665646,871.6400961314278,397584.28679751325,3.211915895117964,0.2737036134388214,10826.803573911102,735656.0,0.0071063476766116355,675,99
675,342,341.5744156787,678.286376753897,124937.87616243448,3.266267087633513,0.158702742932362,3523.007512145676,400785.0,0.013042087127567532,675,342
675,360,735.0082602917059,471.9135507793922,587225.2033659403,2.9236204158486823,0.057755776940603853,18130.599635676528,1239929.5,0.004216525693761646,675,360
675,498,527.9196126105026,151.56279645180305,327639.6986295479,3.379098370269973,0.23721780950404345,7561.5770992395,1134239.5,0.004609383348069279,675,498
676,43,57.70070354277773,716.7989477383566,350226.60537908133,2.843105826962867,0.08266813954564622,10933.734459307298,823408.5,0.0035965474580724366,676,43
676,99,207.8073745428243,871.3840341556156,393354.1135241268,3.190889855810923,0.2667806870638747,10499.856107747484,840573.5,0.003523101978914182,676,99
676,342,341.96606674884936,677.9380563800504,117667.80894302139,3.7624914860888197,0.1696809839650778,2863.597120294768,336748.0,0.008794528904207243,676,342
676,360,735.1606330334503,471.8291255110957,587905.1663635471,2.9734371379405573,0.08357500013131683,16053.499007713095,1297777.0,0.0022819015535342105,676,360
676,498,528.5876530336076,150.8941812550433,325582.31501048396,3.517584519649594,0.24949675031896498,6768.502284333089,1092157.5,0.002711521581689227,676,498
677,43,57.785631695696296,716.8174215711342,364733.78123751574,2.883706605605583,0.10363292659594185,11036.356484492911,781777.5,9.023328127321246e-05,677,43
677,99,207.54386889523877,871.3224833880266,423386.6757801031,3.2913976206539015,0.2767347452297814,10858.350734743026,799455.5,8.823770170307828e-05,677,99
677,342,341.9764722059917,678.3939906514383,136797.41868278713,3.46081325224991,0.10915975165770561,2759.089121123228,401178.0,0.0001758629636047974,677,342
677,360,735.4900838419837,471.5816977144388,587596.9799243726,2.934739021326423,0.07710312900222256,17088.551975989023,1206010.0,5.848926694216579e-05,677,360
677,498,528.7682761577138,150.28724076905607,299583.6768290576,3.5390194048899706,0.25579460363242207,6230.201241245998,1016684.0,6.938233838217527e-05,677,498
